"ID","Description","GeneRatio","BgRatio","RichFactor","FoldEnrichment","zScore","pvalue","p.adjust","qvalue","geneID","Count"
"GO:0017128","phospholipid scramblase activity",0.0152284263959391,"15/18522",0.2,18.8040609137056,7.15220618398336,0.000490657217634966,0.211963918018305,0.200911218589475,"ANO4/ANO9/PLSCR1",3
"GO:0005080","protein kinase C binding",0.0203045685279188,"52/18522",0.0769230769230769,7.23233112065599,4.66618636740518,0.00225548085112263,0.25189716927077,0.23876218042478,"PKP2/TRPV4/NELL1/PRKD1",4
"GO:0015658","branched-chain amino acid transmembrane transporter activity",0.0101522842639594,"10/18522",0.2,18.8040609137056,5.83896319794454,0.00478829836787051,0.25189716927077,0.23876218042478,"SLC43A1/SLC6A20",2
"GO:0098631","cell adhesion mediator activity",0.0203045685279188,"67/18522",0.0597014925373134,5.61315251155391,3.92212586556143,0.00564477916475003,0.25189716927077,0.23876218042478,"PKP2/ITGA11/LRRC4C/DSCAML1",4
"GO:0008199","ferric iron binding",0.0101522842639594,"11/18522",0.181818181818182,17.0946008306414,5.53611304306429,0.00581156310604024,0.25189716927077,0.23876218042478,"FTL/TF",2
"GO:0071855","neuropeptide receptor binding",0.0152284263959391,"36/18522",0.0833333333333333,7.83502538071066,4.25611393035904,0.00653605428008811,0.25189716927077,0.23876218042478,"POMC/NPY/APLN",3
"GO:0008499","UDP-galactose:beta-N-acetylglucosamine beta-1,3-galactosyltransferase activity",0.0101522842639594,"12/18522",0.166666666666667,15.6700507614213,5.27062803237548,0.00692529702850518,0.25189716927077,0.23876218042478,"B3GALT2/B3GALT1",2
"GO:0017166","vinculin binding",0.0101522842639594,"12/18522",0.166666666666667,15.6700507614213,5.27062803237548,0.00692529702850518,0.25189716927077,0.23876218042478,"UTRN/DMD",2
"GO:0035259","nuclear glucocorticoid receptor binding",0.0101522842639594,"12/18522",0.166666666666667,15.6700507614213,5.27062803237548,0.00692529702850518,0.25189716927077,0.23876218042478,"NR4A3/NRIP1",2
"GO:0001227","DNA-binding transcription repressor activity, RNA polymerase II-specific",0.0406091370558376,"262/18522",0.0305343511450382,2.87084899445887,3.1621490089347,0.0071052353373209,0.25189716927077,0.23876218042478,"KCNIP3/BCL11A/GSC/ASCL1/INSM2/ZNF217/MSC/DACH1",8
"GO:0016757","glycosyltransferase activity",0.0406091370558376,"268/18522",0.0298507462686567,2.80657625577695,3.08878734383925,0.00809342370539632,0.25189716927077,0.23876218042478,"GYG2/LFNG/ST8SIA1/ST8SIA6/DPY19L4/B3GALT2/B3GALT1/GALNTL6",8
"GO:0001217","DNA-binding transcription repressor activity",0.0406091370558376,"271/18522",0.029520295202952,2.7755071459344,3.05286130845235,0.00862462688156429,0.25189716927077,0.23876218042478,"KCNIP3/BCL11A/GSC/ASCL1/INSM2/ZNF217/MSC/DACH1",8
"GO:0140303","intramembrane lipid transporter activity",0.0152284263959391,"42/18522",0.0714285714285714,6.71573604060914,3.84493642633761,0.0100316833771853,0.25189716927077,0.23876218042478,"ANO4/ANO9/PLSCR1",3
"GO:0048531","beta-1,3-galactosyltransferase activity",0.0101522842639594,"15/18522",0.133333333333333,12.5360406091371,4.63423156005035,0.0107892722645572,0.25189716927077,0.23876218042478,"B3GALT2/B3GALT1",2
"GO:0005179","hormone activity",0.0253807106598985,"126/18522",0.0396825396825397,3.73096446700508,3.18920883768854,0.0112147923863353,0.25189716927077,0.23876218042478,"CHGB/POMC/NPY/APLN/ERFE",5
"GO:0005254","chloride channel activity",0.0203045685279188,"82/18522",0.0487804878048781,4.586356320416,3.37460729945138,0.0113939538310656,0.25189716927077,0.23876218042478,"SLC26A7/ANO4/GABRB3/ANO9",4
"GO:0030414","peptidase inhibitor activity",0.0304568527918782,"176/18522",0.0340909090909091,3.20523765574527,3.04778534404245,0.0114597987975093,0.25189716927077,0.23876218042478,"TFPI/WFDC2/WFDC1/GPC3/SPOCK1/SPOCK3",6
"GO:0030020","extracellular matrix structural constituent conferring tensile strength",0.0152284263959391,"45/18522",0.0666666666666667,6.26802030456853,3.66843902612717,0.0121156262011198,0.25189716927077,0.23876218042478,"COL23A1/COL12A1/COL24A1",3
"GO:0061134","peptidase regulator activity",0.0355329949238579,"232/18522",0.0301724137931034,2.83681953439524,2.91908651335783,0.0122363244708217,0.25189716927077,0.23876218042478,"TFPI/WFDC2/WFDC1/GPC3/SPOCK1/NKX3-1/SPOCK3",7
"GO:0008191","metalloendopeptidase inhibitor activity",0.0101522842639594,"16/18522",0.125,11.752538071066,4.46126517914666,0.0122450012839958,0.25189716927077,0.23876218042478,"SPOCK1/SPOCK3",2
"GO:0045125","bioactive lipid receptor activity",0.0101522842639594,"16/18522",0.125,11.752538071066,4.46126517914666,0.0122450012839958,0.25189716927077,0.23876218042478,"LPAR3/S1PR5",2
"GO:0005229","intracellular calcium activated chloride channel activity",0.0101522842639594,"18/18522",0.111111111111111,10.4467005076142,4.15744896706196,0.0153966567261057,0.302334350258076,0.286569352461968,"ANO4/ANO9",2
"GO:0061778","intracellular chloride channel activity",0.0101522842639594,"19/18522",0.105263157894737,9.8968741651082,4.0228747515611,0.017088887350462,0.309997878512069,0.293833271786537,"ANO4/ANO9",2
"GO:0098632","cell-cell adhesion mediator activity",0.0152284263959391,"52/18522",0.0576923076923077,5.424248340492,3.31246316871652,0.0178783048119204,0.309997878512069,0.293833271786537,"PKP2/LRRC4C/DSCAML1",3
"GO:0016758","hexosyltransferase activity",0.0304568527918782,"196/18522",0.0306122448979592,2.87817258883249,2.74077276307413,0.0185678160644132,0.309997878512069,0.293833271786537,"GYG2/LFNG/DPY19L4/B3GALT2/B3GALT1/GALNTL6",6
"GO:0005253","monoatomic anion channel activity",0.0203045685279188,"95/18522",0.0421052631578947,3.95874966604328,2.99768533933051,0.0186572797252634,0.309997878512069,0.293833271786537,"SLC26A7/ANO4/GABRB3/ANO9",4
"GO:0008194","UDP-glycosyltransferase activity",0.0253807106598985,"145/18522",0.0344827586206897,3.24207946788027,2.81022460757378,0.0194985147258055,0.311976235612887,0.295708468941065,"GYG2/LFNG/B3GALT2/B3GALT1/GALNTL6",5
"GO:0008373","sialyltransferase activity",0.0101522842639594,"21/18522",0.0952380952380952,8.95431472081218,3.78144818071715,0.0206971384848146,0.319327279479996,0.302676198142589,"ST8SIA1/ST8SIA6",2
"GO:0004867","serine-type endopeptidase inhibitor activity",0.0203045685279188,"101/18522",0.0396039603960396,3.72357641855556,2.84568607158226,0.0227922016101031,0.33952521019188,0.321820922915793,"TFPI/WFDC2/WFDC1/SPOCK1",4
"GO:0016849","phosphorus-oxygen lyase activity",0.0101522842639594,"23/18522",0.0869565217391304,8.17567865813286,3.5702293094364,0.0245920948714121,0.342702741433872,0.324832764175868,"CD38/NPR1",2
"GO:0017134","fibroblast growth factor binding",0.0101522842639594,"23/18522",0.0869565217391304,8.17567865813286,3.5702293094364,0.0245920948714121,0.342702741433872,0.324832764175868,"TGFBR3/S100A13",2
"GO:0004222","metalloendopeptidase activity",0.0203045685279188,"110/18522",0.0363636363636364,3.41892016612829,2.63821832088651,0.0299667597873425,0.39825704169993,0.377490227147351,"PAPPA2/ADAMTS17/ADAMTS16/MMP28",4
"GO:0005548","phospholipid transporter activity",0.0152284263959391,"64/18522",0.046875,4.40720177664975,2.83099340068293,0.0307426063992782,0.39825704169993,0.377490227147351,"ANO4/ANO9/PLSCR1",3
"GO:0005201","extracellular matrix structural constituent",0.0253807106598985,"166/18522",0.0301204819277108,2.83193688459421,2.45820933587512,0.0324569798397432,0.39825704169993,0.377490227147351,"COL23A1/COL12A1/HMCN1/COL24A1/SPON1",5
"GO:0008198","ferrous iron binding",0.0101522842639594,"27/18522",0.0740740740740741,6.96446700507614,3.21565680549208,0.0331880868083275,0.39825704169993,0.377490227147351,"FTL/TF",2
"GO:0046875","ephrin receptor binding",0.0101522842639594,"27/18522",0.0740740740740741,6.96446700507614,3.21565680549208,0.0331880868083275,0.39825704169993,0.377490227147351,"EFNB2/AQP1",2
"GO:0004866","endopeptidase inhibitor activity",0.0253807106598985,"169/18522",0.029585798816568,2.78166581563692,2.41245601969044,0.0346592603881271,0.403528105356525,0.382486435145439,"TFPI/WFDC2/WFDC1/SPOCK1/SPOCK3",5
"GO:0035250","UDP-galactosyltransferase activity",0.0101522842639594,"28/18522",0.0714285714285714,6.71573604060914,3.1381889630974,0.0354955277859906,0.403528105356525,0.382486435145439,"B3GALT2/B3GALT1",2
"GO:0015108","chloride transmembrane transporter activity",0.0203045685279188,"120/18522",0.0333333333333333,3.13401015228426,2.43163243847822,0.0393406777168713,0.435773660863805,0.413050570360673,"SLC26A7/ANO4/GABRB3/ANO9",4
"GO:0005267","potassium channel activity",0.0203045685279188,"122/18522",0.0327868852459016,3.08263293667305,2.39291390620295,0.0413945140063529,0.447060751268611,0.423749103907139,"KCNIP3/KCNG4/KCNJ12/AQP1",4
"GO:0008378","galactosyltransferase activity",0.0101522842639594,"31/18522",0.0645161290322581,6.06582610119535,2.92680819404307,0.0427731445902453,0.450682889341121,0.427182368308226,"B3GALT2/B3GALT1",2
"GO:0005216","monoatomic ion channel activity",0.0456852791878173,"441/18522",0.0204081632653061,1.91878172588832,2.02471433481198,0.0467036414791129,0.480380312356589,0.455331241488093,"TRPV4/KCNIP3/SLC26A7/ANO4/GABRB3/KCNG4/KCNJ12/ANO9/AQP1",9
"GO:0061135","endopeptidase regulator activity",0.0253807106598985,"186/18522",0.0268817204301075,2.52742754216473,2.17074158773239,0.0488674434261242,0.490947338606643,0.465347258084756,"TFPI/WFDC2/WFDC1/SPOCK1/SPOCK3",5
"GO:0048306","calcium-dependent protein binding",0.0152284263959391,"79/18522",0.0379746835443038,3.57039131272891,2.37377933386671,0.0520570843172725,0.496634236007131,0.470737616488241,"S100A16/S100A13/CD177",3
"GO:0004857","enzyme inhibitor activity",0.0406091370558376,"389/18522",0.0205655526992288,1.9335795284016,1.92945487984353,0.0567520856426188,0.496634236007131,0.470737616488241,"TFPI/TESC/WFDC2/WFDC1/CDKN1C/GPC3/SPOCK1/SPOCK3",8
"GO:0004869","cysteine-type endopeptidase inhibitor activity",0.0101522842639594,"37/18522",0.0540540540540541,5.08217862532583,2.57707154847649,0.0587947284077828,0.496634236007131,0.470737616488241,"WFDC2/SPOCK1",2
"GO:0030165","PDZ domain binding",0.0152284263959391,"85/18522",0.0352941176470588,3.31836369065393,2.2212080498835,0.0621356125391298,0.496634236007131,0.470737616488241,"TGFBR3/ARHGAP29/SDC2",3
"GO:0099106","ion channel regulator activity",0.0203045685279188,"140/18522",0.0285714285714286,2.68629441624365,2.07655948406568,0.0625584303206699,0.496634236007131,0.470737616488241,"PKP2/KCNIP3/NPY/DPP6",4
"GO:0008509","monoatomic anion transmembrane transporter activity",0.0203045685279188,"141/18522",0.0283687943262411,2.66724268279512,2.06047403504531,0.0638740875419182,0.496634236007131,0.470737616488241,"SLC26A7/ANO4/GABRB3/ANO9",4
"GO:0030331","nuclear estrogen receptor binding",0.0101522842639594,"39/18522",0.0512820512820513,4.82155408043733,2.47701946222592,0.0645286833075468,0.496634236007131,0.470737616488241,"NKX3-1/NRIP1",2
"GO:0001228","DNA-binding transcription activator activity, RNA polymerase II-specific",0.0456852791878173,"476/18522",0.0189075630252101,1.77769483427889,1.7822373931511,0.0686249793358835,0.496634236007131,0.470737616488241,"BARX2/DLX3/NR4A3/MYCN/IRX6/GBX2/PLSCR1/MAFB/FOXD1",9
"GO:0016247","channel regulator activity",0.0203045685279188,"145/18522",0.0275862068965517,2.59366357430422,1.99749948958671,0.0692811008465119,0.496634236007131,0.470737616488241,"PKP2/KCNIP3/NPY/DPP6",4
"GO:0141108","transporter regulator activity",0.0203045685279188,"146/18522",0.0273972602739726,2.57589875530213,1.98208642258897,0.0706686996224143,0.496634236007131,0.470737616488241,"PKP2/KCNIP3/NPY/DPP6",4
"GO:0001216","DNA-binding transcription activator activity",0.0456852791878173,"482/18522",0.0186721991701245,1.75556585293932,1.74269310132439,0.0729379603254471,0.496634236007131,0.470737616488241,"BARX2/DLX3/NR4A3/MYCN/IRX6/GBX2/PLSCR1/MAFB/FOXD1",9
"GO:0015175","neutral L-amino acid transmembrane transporter activity",0.0101522842639594,"42/18522",0.0476190476190476,4.47715736040609,2.3390599041219,0.0734622015124741,0.496634236007131,0.470737616488241,"SLC43A1/SLC6A20",2
"GO:0140299","small molecule sensor activity",0.0101522842639594,"43/18522",0.0465116279069767,4.373037421792,2.29593448809805,0.07652372359067,0.496634236007131,0.470737616488241,"TRPV4/EFHD1",2
"GO:0015103","inorganic anion transmembrane transporter activity",0.0203045685279188,"153/18522",0.0261437908496732,2.45804717826217,1.87766396817835,0.0807770408008937,0.496634236007131,0.470737616488241,"SLC26A7/ANO4/GABRB3/ANO9",4
"GO:0004715","non-membrane spanning protein tyrosine kinase activity",0.0101522842639594,"45/18522",0.0444444444444444,4.17868020304569,2.2135059916755,0.0827650368807188,0.496634236007131,0.470737616488241,"BTK/ZAP70",2
"GO:0015079","potassium ion transmembrane transporter activity",0.0203045685279188,"158/18522",0.0253164556962025,2.38026087515261,1.80654763025647,0.0884123186615101,0.496634236007131,0.470737616488241,"KCNIP3/KCNG4/KCNJ12/AQP1",4
"GO:0015459","potassium channel regulator activity",0.0101522842639594,"48/18522",0.0416666666666667,3.91751269035533,2.09843847328999,0.0924052381771176,0.496634236007131,0.470737616488241,"KCNIP3/DPP6",2
"GO:0008083","growth factor activity",0.0203045685279188,"162/18522",0.0246913580246914,2.32148900169205,1.75157226226808,0.0947627143844068,0.496634236007131,0.470737616488241,"IL11/VEGFC/GDF6/BDNF",4
"GO:0032813","tumor necrosis factor receptor superfamily binding",0.0101522842639594,"49/18522",0.0408163265306122,3.83756345177665,2.06214046265921,0.095688322709939,0.496634236007131,0.470737616488241,"BDNF/LTB",2
"GO:0017046","peptide hormone binding",0.0101522842639594,"50/18522",0.04,3.76081218274112,2.02678761695818,0.0990044267711079,0.496634236007131,0.470737616488241,"EDNRB/NPR1",2
"GO:0004955","prostaglandin receptor activity",0.0050761421319797,"10/18522",0.1,9.40203045685279,2.75550318903969,0.101434608740309,0.496634236007131,0.470737616488241,"HPGD",1
"GO:0004983","neuropeptide Y receptor activity",0.0050761421319797,"10/18522",0.1,9.40203045685279,2.75550318903969,0.101434608740309,0.496634236007131,0.470737616488241,"QRFPR",1
"GO:0010857","calcium-dependent protein kinase activity",0.0050761421319797,"10/18522",0.1,9.40203045685279,2.75550318903969,0.101434608740309,0.496634236007131,0.470737616488241,"CAMK4",1
"GO:0015203","polyamine transmembrane transporter activity",0.0050761421319797,"10/18522",0.1,9.40203045685279,2.75550318903969,0.101434608740309,0.496634236007131,0.470737616488241,"SLC18B1",1
"GO:0016176","superoxide-generating NADPH oxidase activator activity",0.0050761421319797,"10/18522",0.1,9.40203045685279,2.75550318903969,0.101434608740309,0.496634236007131,0.470737616488241,"NOXA1",1
"GO:0016884","carbon-nitrogen ligase activity, with glutamine as amido-N-donor",0.0050761421319797,"10/18522",0.1,9.40203045685279,2.75550318903969,0.101434608740309,0.496634236007131,0.470737616488241,"CPS1",1
"GO:0019531","oxalate transmembrane transporter activity",0.0050761421319797,"10/18522",0.1,9.40203045685279,2.75550318903969,0.101434608740309,0.496634236007131,0.470737616488241,"SLC26A7",1
"GO:0045294","alpha-catenin binding",0.0050761421319797,"10/18522",0.1,9.40203045685279,2.75550318903969,0.101434608740309,0.496634236007131,0.470737616488241,"PKP2",1
"GO:0050786","RAGE receptor binding",0.0050761421319797,"10/18522",0.1,9.40203045685279,2.75550318903969,0.101434608740309,0.496634236007131,0.470737616488241,"S100A13",1
"GO:0004879","nuclear receptor activity",0.0101522842639594,"52/18522",0.0384615384615385,3.616165560328,1.95873997002786,0.105731452721933,0.496634236007131,0.470737616488241,"NR4A3/NKX3-1",2
"GO:0098531","ligand-activated transcription factor activity",0.0101522842639594,"53/18522",0.0377358490566038,3.54793602145388,1.92596371207568,0.109140300727826,0.496634236007131,0.470737616488241,"NR4A3/NKX3-1",2
"GO:0002162","dystroglycan binding",0.0050761421319797,"11/18522",0.0909090909090909,8.54730041532072,2.59606986894849,0.110996913303736,0.496634236007131,0.470737616488241,"DMD",1
"GO:0004706","JUN kinase kinase kinase activity",0.0050761421319797,"11/18522",0.0909090909090909,8.54730041532072,2.59606986894849,0.110996913303736,0.496634236007131,0.470737616488241,"MAP3K5",1
"GO:0004954","prostanoid receptor activity",0.0050761421319797,"11/18522",0.0909090909090909,8.54730041532072,2.59606986894849,0.110996913303736,0.496634236007131,0.470737616488241,"HPGD",1
"GO:0005114","type II transforming growth factor beta receptor binding",0.0050761421319797,"11/18522",0.0909090909090909,8.54730041532072,2.59606986894849,0.110996913303736,0.496634236007131,0.470737616488241,"TGFBR3",1
"GO:0005221","intracellular cyclic nucleotide-activated monoatomic cation channel activity",0.0050761421319797,"11/18522",0.0909090909090909,8.54730041532072,2.59606986894849,0.110996913303736,0.496634236007131,0.470737616488241,"AQP1",1
"GO:0015165","pyrimidine nucleotide-sugar transmembrane transporter activity",0.0050761421319797,"11/18522",0.0909090909090909,8.54730041532072,2.59606986894849,0.110996913303736,0.496634236007131,0.470737616488241,"SLC35D3",1
"GO:0035251","UDP-glucosyltransferase activity",0.0050761421319797,"11/18522",0.0909090909090909,8.54730041532072,2.59606986894849,0.110996913303736,0.496634236007131,0.470737616488241,"GYG2",1
"GO:0042608","T cell receptor binding",0.0050761421319797,"11/18522",0.0909090909090909,8.54730041532072,2.59606986894849,0.110996913303736,0.496634236007131,0.470737616488241,"MR1",1
"GO:0043855","cyclic nucleotide-activated monoatomic ion channel activity",0.0050761421319797,"11/18522",0.0909090909090909,8.54730041532072,2.59606986894849,0.110996913303736,0.496634236007131,0.470737616488241,"AQP1",1
"GO:0048185","activin binding",0.0050761421319797,"11/18522",0.0909090909090909,8.54730041532072,2.59606986894849,0.110996913303736,0.496634236007131,0.470737616488241,"TGFBR3",1
"GO:0050998","nitric-oxide synthase binding",0.0050761421319797,"11/18522",0.0909090909090909,8.54730041532072,2.59606986894849,0.110996913303736,0.496634236007131,0.470737616488241,"DMD",1
"GO:1990459","transferrin receptor binding",0.0050761421319797,"11/18522",0.0909090909090909,8.54730041532072,2.59606986894849,0.110996913303736,0.496634236007131,0.470737616488241,"TF",1
"GO:0005319","lipid transporter activity",0.0203045685279188,"173/18522",0.023121387283237,2.17387987441683,1.60836215466135,0.113291432932203,0.496634236007131,0.470737616488241,"ANO4/STARD4/ANO9/PLSCR1",4
"GO:0004861","cyclin-dependent protein serine/threonine kinase inhibitor activity",0.0050761421319797,"12/18522",0.0833333333333333,7.83502538071066,2.45567496387321,0.120457969328757,0.496634236007131,0.470737616488241,"CDKN1C",1
"GO:0005165","neurotrophin receptor binding",0.0050761421319797,"12/18522",0.0833333333333333,7.83502538071066,2.45567496387321,0.120457969328757,0.496634236007131,0.470737616488241,"BDNF",1
"GO:0008504","monoamine transmembrane transporter activity",0.0050761421319797,"12/18522",0.0833333333333333,7.83502538071066,2.45567496387321,0.120457969328757,0.496634236007131,0.470737616488241,"SLC18B1",1
"GO:0008519","ammonium transmembrane transporter activity",0.0050761421319797,"12/18522",0.0833333333333333,7.83502538071066,2.45567496387321,0.120457969328757,0.496634236007131,0.470737616488241,"AQP1",1
"GO:0019215","intermediate filament binding",0.0050761421319797,"12/18522",0.0833333333333333,7.83502538071066,2.45567496387321,0.120457969328757,0.496634236007131,0.470737616488241,"PKP2",1
"GO:0035014","phosphatidylinositol 3-kinase regulator activity",0.0050761421319797,"12/18522",0.0833333333333333,7.83502538071066,2.45567496387321,0.120457969328757,0.496634236007131,0.470737616488241,"PRKD1",1
"GO:0035497","cAMP response element binding",0.0050761421319797,"12/18522",0.0833333333333333,7.83502538071066,2.45567496387321,0.120457969328757,0.496634236007131,0.470737616488241,"NR4A3",1
"GO:0045295","gamma-catenin binding",0.0050761421319797,"12/18522",0.0833333333333333,7.83502538071066,2.45567496387321,0.120457969328757,0.496634236007131,0.470737616488241,"PTPRK",1
"GO:0086080","protein binding involved in heterotypic cell-cell adhesion",0.0050761421319797,"12/18522",0.0833333333333333,7.83502538071066,2.45567496387321,0.120457969328757,0.496634236007131,0.470737616488241,"PKP2",1
"GO:0140829","bicarbonate:monoatomic anion antiporter activity",0.0050761421319797,"12/18522",0.0833333333333333,7.83502538071066,2.45567496387321,0.120457969328757,0.496634236007131,0.470737616488241,"SLC26A7",1
"GO:0140900","chloride:bicarbonate antiporter activity",0.0050761421319797,"12/18522",0.0833333333333333,7.83502538071066,2.45567496387321,0.120457969328757,0.496634236007131,0.470737616488241,"SLC26A7",1
"GO:1990247","N6-methyladenosine-containing RNA reader activity",0.0050761421319797,"12/18522",0.0833333333333333,7.83502538071066,2.45567496387321,0.120457969328757,0.496634236007131,0.470737616488241,"IGF2BP2",1
"GO:0005024","transforming growth factor beta receptor activity",0.0050761421319797,"13/18522",0.0769230769230769,7.23233112065599,2.33063387698872,0.129818843453135,0.496634236007131,0.470737616488241,"TGFBR3",1
"GO:0005172","vascular endothelial growth factor receptor binding",0.0050761421319797,"13/18522",0.0769230769230769,7.23233112065599,2.33063387698872,0.129818843453135,0.496634236007131,0.470737616488241,"VEGFC",1
"GO:0005338","nucleotide-sugar transmembrane transporter activity",0.0050761421319797,"13/18522",0.0769230769230769,7.23233112065599,2.33063387698872,0.129818843453135,0.496634236007131,0.470737616488241,"SLC35D3",1
"GO:0008253","5'-nucleotidase activity",0.0050761421319797,"13/18522",0.0769230769230769,7.23233112065599,2.33063387698872,0.129818843453135,0.496634236007131,0.470737616488241,"NT5E",1
"GO:0015166","polyol transmembrane transporter activity",0.0050761421319797,"13/18522",0.0769230769230769,7.23233112065599,2.33063387698872,0.129818843453135,0.496634236007131,0.470737616488241,"AQP1",1
"GO:0015651","quaternary ammonium group transmembrane transporter activity",0.0050761421319797,"13/18522",0.0769230769230769,7.23233112065599,2.33063387698872,0.129818843453135,0.496634236007131,0.470737616488241,"SLC6A20",1
"GO:0022851","GABA-gated chloride ion channel activity",0.0050761421319797,"13/18522",0.0769230769230769,7.23233112065599,2.33063387698872,0.129818843453135,0.496634236007131,0.470737616488241,"GABRB3",1
"GO:0030955","potassium ion binding",0.0050761421319797,"13/18522",0.0769230769230769,7.23233112065599,2.33063387698872,0.129818843453135,0.496634236007131,0.470737616488241,"CPS1",1
"GO:0003678","DNA helicase activity",0.0101522842639594,"59/18522",0.0338983050847458,3.18712896842468,1.7445868760691,0.130165587711011,0.496634236007131,0.470737616488241,"HFM1/FANCM",2
"GO:0070888","E-box binding",0.0101522842639594,"59/18522",0.0338983050847458,3.18712896842468,1.7445868760691,0.130165587711011,0.496634236007131,0.470737616488241,"ASCL1/NEUROG2",2
"GO:0008237","metallopeptidase activity",0.0203045685279188,"183/18522",0.0218579234972678,2.0550886244487,1.48720212590456,0.131411608428054,0.496634236007131,0.470737616488241,"PAPPA2/ADAMTS17/ADAMTS16/MMP28",4
"GO:0004065","arylsulfatase activity",0.0050761421319797,"14/18522",0.0714285714285714,6.71573604060914,2.21819526585672,0.139080591134789,0.496634236007131,0.470737616488241,"ARSL",1
"GO:0016530","metallochaperone activity",0.0050761421319797,"14/18522",0.0714285714285714,6.71573604060914,2.21819526585672,0.139080591134789,0.496634236007131,0.470737616488241,"TF",1
"GO:0043138","3'-5' DNA helicase activity",0.0050761421319797,"14/18522",0.0714285714285714,6.71573604060914,2.21819526585672,0.139080591134789,0.496634236007131,0.470737616488241,"FANCM",1
"GO:0017124","SH3 domain binding",0.0152284263959391,"122/18522",0.0245901639344262,2.31197470250478,1.50743919148103,0.140920373965807,0.496634236007131,0.470737616488241,"OSTF1/PLSCR1/NOXA1",3
"GO:0005507","copper ion binding",0.0101522842639594,"63/18522",0.0317460317460317,2.98477157360406,1.63613847814578,0.144658773228943,0.496634236007131,0.470737616488241,"MOXD1/S100A13",2
"GO:0004953","icosanoid receptor activity",0.0050761421319797,"15/18522",0.0666666666666667,6.26802030456853,2.11625693611733,0.148244256768377,0.496634236007131,0.470737616488241,"HPGD",1
"GO:0008252","nucleotidase activity",0.0050761421319797,"15/18522",0.0666666666666667,6.26802030456853,2.11625693611733,0.148244256768377,0.496634236007131,0.470737616488241,"NT5E",1
"GO:0016208","AMP binding",0.0050761421319797,"15/18522",0.0666666666666667,6.26802030456853,2.11625693611733,0.148244256768377,0.496634236007131,0.470737616488241,"ACSS1",1
"GO:0032393","MHC class I receptor activity",0.0050761421319797,"15/18522",0.0666666666666667,6.26802030456853,2.11625693611733,0.148244256768377,0.496634236007131,0.470737616488241,"MR1",1
"GO:0034483","heparan sulfate sulfotransferase activity",0.0050761421319797,"15/18522",0.0666666666666667,6.26802030456853,2.11625693611733,0.148244256768377,0.496634236007131,0.470737616488241,"HS6ST3",1
"GO:0008528","G protein-coupled peptide receptor activity",0.0152284263959391,"126/18522",0.0238095238095238,2.23857868020305,1.44640698214871,0.150852855232707,0.496634236007131,0.470737616488241,"EDNRB/NPR1/QRFPR",3
"GO:0015179","L-amino acid transmembrane transporter activity",0.0101522842639594,"66/18522",0.0303030303030303,2.84910013844024,1.56029582140388,0.155738779905498,0.496634236007131,0.470737616488241,"SLC43A1/SLC6A20",2
"GO:0004016","adenylate cyclase activity",0.0050761421319797,"16/18522",0.0625,5.87626903553299,2.02318086284327,0.157310873800669,0.496634236007131,0.470737616488241,"NPR1",1
"GO:0004697","diacylglycerol-dependent serine/threonine kinase activity",0.0050761421319797,"16/18522",0.0625,5.87626903553299,2.02318086284327,0.157310873800669,0.496634236007131,0.470737616488241,"PRKD1",1
"GO:0008574","plus-end-directed microtubule motor activity",0.0050761421319797,"16/18522",0.0625,5.87626903553299,2.02318086284327,0.157310873800669,0.496634236007131,0.470737616488241,"KIF17",1
"GO:0015116","sulfate transmembrane transporter activity",0.0050761421319797,"16/18522",0.0625,5.87626903553299,2.02318086284327,0.157310873800669,0.496634236007131,0.470737616488241,"SLC26A7",1
"GO:0015250","water channel activity",0.0050761421319797,"16/18522",0.0625,5.87626903553299,2.02318086284327,0.157310873800669,0.496634236007131,0.470737616488241,"AQP1",1
"GO:0016641","oxidoreductase activity, acting on the CH-NH2 group of donors, oxygen as acceptor",0.0050761421319797,"16/18522",0.0625,5.87626903553299,2.02318086284327,0.157310873800669,0.496634236007131,0.470737616488241,"MAOA",1
"GO:0016722","oxidoreductase activity, acting on metal ions",0.0050761421319797,"16/18522",0.0625,5.87626903553299,2.02318086284327,0.157310873800669,0.496634236007131,0.470737616488241,"FRRS1",1
"GO:0019841","retinol binding",0.0050761421319797,"16/18522",0.0625,5.87626903553299,2.02318086284327,0.157310873800669,0.496634236007131,0.470737616488241,"CRABP2",1
"GO:0050135","NADP+ nucleosidase activity",0.0050761421319797,"16/18522",0.0625,5.87626903553299,2.02318086284327,0.157310873800669,0.496634236007131,0.470737616488241,"CD38",1
"GO:0061809","NAD+ nucleotidase, cyclic ADP-ribose generating",0.0050761421319797,"16/18522",0.0625,5.87626903553299,2.02318086284327,0.157310873800669,0.496634236007131,0.470737616488241,"CD38",1
"GO:0070403","NAD+ binding",0.0050761421319797,"16/18522",0.0625,5.87626903553299,2.02318086284327,0.157310873800669,0.496634236007131,0.470737616488241,"HPGD",1
"GO:0005096","GTPase activator activity",0.0253807106598985,"271/18522",0.018450184501845,1.734691966209,1.26325184463837,0.163057437587777,0.496634236007131,0.470737616488241,"PLEKHG6/STARD8/ARHGAP29/ARHGAP18/ARHGAP42",5
"GO:0001653","peptide receptor activity",0.0152284263959391,"132/18522",0.0227272727272727,2.13682510383018,1.35904267323684,0.166153256896099,0.496634236007131,0.470737616488241,"EDNRB/NPR1/QRFPR",3
"GO:0005001","transmembrane receptor protein tyrosine phosphatase activity",0.0050761421319797,"17/18522",0.0588235294117647,5.53060615108988,1.93766887657847,0.166281464844723,0.496634236007131,0.470737616488241,"PTPRK",1
"GO:0008381","mechanosensitive monoatomic ion channel activity",0.0050761421319797,"17/18522",0.0588235294117647,5.53060615108988,1.93766887657847,0.166281464844723,0.496634236007131,0.470737616488241,"TRPV4",1
"GO:0008484","sulfuric ester hydrolase activity",0.0050761421319797,"17/18522",0.0588235294117647,5.53060615108988,1.93766887657847,0.166281464844723,0.496634236007131,0.470737616488241,"ARSL",1
"GO:0016004","phospholipase activator activity",0.0050761421319797,"17/18522",0.0588235294117647,5.53060615108988,1.93766887657847,0.166281464844723,0.496634236007131,0.470737616488241,"BTK",1
"GO:0019198","transmembrane receptor protein phosphatase activity",0.0050761421319797,"17/18522",0.0588235294117647,5.53060615108988,1.93766887657847,0.166281464844723,0.496634236007131,0.470737616488241,"PTPRK",1
"GO:0046965","nuclear retinoid X receptor binding",0.0050761421319797,"17/18522",0.0588235294117647,5.53060615108988,1.93766887657847,0.166281464844723,0.496634236007131,0.470737616488241,"NRIP1",1
"GO:0005126","cytokine receptor binding",0.0253807106598985,"273/18522",0.0183150183150183,1.72198360015619,1.24604135931815,0.166512422314785,0.496634236007131,0.470737616488241,"TGFBR3/IL11/VEGFC/BDNF/LTB",5
"GO:0000400","four-way junction DNA binding",0.0050761421319797,"18/18522",0.0555555555555556,5.22335025380711,1.85867680848767,0.175157041792877,0.496634236007131,0.470737616488241,"FANCM",1
"GO:0003756","protein disulfide isomerase activity",0.0050761421319797,"18/18522",0.0555555555555556,5.22335025380711,1.85867680848767,0.175157041792877,0.496634236007131,0.470737616488241,"ENOX1",1
"GO:0008301","DNA binding, bending",0.0050761421319797,"18/18522",0.0555555555555556,5.22335025380711,1.85867680848767,0.175157041792877,0.496634236007131,0.470737616488241,"FOXD1",1
"GO:0016646","oxidoreductase activity, acting on the CH-NH group of donors, NAD or NADP as acceptor",0.0050761421319797,"18/18522",0.0555555555555556,5.22335025380711,1.85867680848767,0.175157041792877,0.496634236007131,0.470737616488241,"AASS",1
"GO:0016864","intramolecular oxidoreductase activity, transposing S-S bonds",0.0050761421319797,"18/18522",0.0555555555555556,5.22335025380711,1.85867680848767,0.175157041792877,0.496634236007131,0.470737616488241,"ENOX1",1
"GO:0016894","endonuclease activity, active with either ribo- or deoxyribonucleic acids and producing 3'-phosphomonoesters",0.0050761421319797,"18/18522",0.0555555555555556,5.22335025380711,1.85867680848767,0.175157041792877,0.496634236007131,0.470737616488241,"RIDA",1
"GO:0046527","glucosyltransferase activity",0.0050761421319797,"18/18522",0.0555555555555556,5.22335025380711,1.85867680848767,0.175157041792877,0.496634236007131,0.470737616488241,"GYG2",1
"GO:0015297","antiporter activity",0.0152284263959391,"136/18522",0.0220588235294118,2.0739773066587,1.30335963962645,0.176598131273643,0.496634236007131,0.470737616488241,"SLC18B1/SLC26A7/SLC35D3",3
"GO:0016922","nuclear receptor binding",0.0152284263959391,"136/18522",0.0220588235294118,2.0739773066587,1.30335963962645,0.176598131273643,0.496634236007131,0.470737616488241,"NR4A3/NKX3-1/NRIP1",3
"GO:0043621","protein self-association",0.0101522842639594,"72/18522",0.0277777777777778,2.61167512690355,1.42065591448134,0.178344981083492,0.496634236007131,0.470737616488241,"NKX3-1/FAM20C",2
"GO:0070851","growth factor receptor binding",0.0152284263959391,"138/18522",0.0217391304347826,2.04391966453322,1.27623295076595,0.181888044014424,0.496634236007131,0.470737616488241,"IL11/VEGFC/PLSCR1",3
"GO:0004860","protein kinase inhibitor activity",0.0101522842639594,"73/18522",0.0273972602739726,2.57589875530213,1.39877114396811,0.18216173242035,0.496634236007131,0.470737616488241,"TESC/CDKN1C",2
"GO:0004653","polypeptide N-acetylgalactosaminyltransferase activity",0.0050761421319797,"19/18522",0.0526315789473684,4.9484370825541,1.78535377175825,0.183938605928567,0.496634236007131,0.470737616488241,"GALNTL6",1
"GO:0004675","transmembrane receptor protein serine/threonine kinase activity",0.0050761421319797,"19/18522",0.0526315789473684,4.9484370825541,1.78535377175825,0.183938605928567,0.496634236007131,0.470737616488241,"TGFBR3",1
"GO:0004890","GABA-A receptor activity",0.0050761421319797,"19/18522",0.0526315789473684,4.9484370825541,1.78535377175825,0.183938605928567,0.496634236007131,0.470737616488241,"GABRB3",1
"GO:0005372","water transmembrane transporter activity",0.0050761421319797,"19/18522",0.0526315789473684,4.9484370825541,1.78535377175825,0.183938605928567,0.496634236007131,0.470737616488241,"AQP1",1
"GO:0016918","retinal binding",0.0050761421319797,"19/18522",0.0526315789473684,4.9484370825541,1.78535377175825,0.183938605928567,0.496634236007131,0.470737616488241,"CRABP2",1
"GO:0031420","alkali metal ion binding",0.0050761421319797,"19/18522",0.0526315789473684,4.9484370825541,1.78535377175825,0.183938605928567,0.496634236007131,0.470737616488241,"CPS1",1
"GO:0000979","RNA polymerase II core promoter sequence-specific DNA binding",0.0050761421319797,"20/18522",0.05,4.7010152284264,1.71699831471964,0.192627148036986,0.497203898920815,0.471277574756815,"GBX2",1
"GO:0001972","retinoic acid binding",0.0050761421319797,"20/18522",0.05,4.7010152284264,1.71699831471964,0.192627148036986,0.497203898920815,0.471277574756815,"CRABP2",1
"GO:0016638","oxidoreductase activity, acting on the CH-NH2 group of donors",0.0050761421319797,"20/18522",0.05,4.7010152284264,1.71699831471964,0.192627148036986,0.497203898920815,0.471277574756815,"MAOA",1
"GO:0030627","pre-mRNA 5'-splice site binding",0.0050761421319797,"20/18522",0.05,4.7010152284264,1.71699831471964,0.192627148036986,0.497203898920815,0.471277574756815,"PRPF39",1
"GO:0140517","protein-RNA adaptor activity",0.0050761421319797,"20/18522",0.05,4.7010152284264,1.71699831471964,0.192627148036986,0.497203898920815,0.471277574756815,"IGF2BP2",1
"GO:0001664","G protein-coupled receptor binding",0.0253807106598985,"291/18522",0.0171821305841924,1.61546915066199,1.09721282625008,0.198849632930668,0.497203898920815,0.471277574756815,"POMC/NPY/EDNRB/APLN/TAFA5",5
"GO:0001846","opsonin binding",0.0050761421319797,"21/18522",0.0476190476190476,4.47715736040609,1.65302616706525,0.201223648514595,0.497203898920815,0.471277574756815,"PTX3",1
"GO:0005123","death receptor binding",0.0050761421319797,"21/18522",0.0476190476190476,4.47715736040609,1.65302616706525,0.201223648514595,0.497203898920815,0.471277574756815,"BDNF",1
"GO:0008656","cysteine-type endopeptidase activator activity involved in apoptotic process",0.0050761421319797,"21/18522",0.0476190476190476,4.47715736040609,1.65302616706525,0.201223648514595,0.497203898920815,0.471277574756815,"NKX3-1",1
"GO:0009975","cyclase activity",0.0050761421319797,"21/18522",0.0476190476190476,4.47715736040609,1.65302616706525,0.201223648514595,0.497203898920815,0.471277574756815,"NPR1",1
"GO:0030742","GTP-dependent protein binding",0.0050761421319797,"21/18522",0.0476190476190476,4.47715736040609,1.65302616706525,0.201223648514595,0.497203898920815,0.471277574756815,"RAB34",1
"GO:0036122","BMP binding",0.0050761421319797,"21/18522",0.0476190476190476,4.47715736040609,1.65302616706525,0.201223648514595,0.497203898920815,0.471277574756815,"TGFBR3",1
"GO:0060229","lipase activator activity",0.0050761421319797,"21/18522",0.0476190476190476,4.47715736040609,1.65302616706525,0.201223648514595,0.497203898920815,0.471277574756815,"BTK",1
"GO:0099095","ligand-gated monoatomic anion channel activity",0.0050761421319797,"21/18522",0.0476190476190476,4.47715736040609,1.65302616706525,0.201223648514595,0.497203898920815,0.471277574756815,"GABRB3",1
"GO:0019210","kinase inhibitor activity",0.0101522842639594,"78/18522",0.0256410256410256,2.41077704021866,1.29455785718805,0.201413616460978,0.497203898920815,0.471277574756815,"TESC/CDKN1C",2
"GO:0001618","virus receptor activity",0.0101522842639594,"79/18522",0.0253164556962025,2.38026087515261,1.27468324552636,0.205293006906269,0.500568847902088,0.474467060998811,"EFNB2/PLSCR1",2
"GO:0000049","tRNA binding",0.0101522842639594,"80/18522",0.025,2.3505076142132,1.25510875511927,0.20918059001459,0.500568847902088,0.474467060998811,"GTSF1/TRMT9B",2
"GO:0140272","exogenous protein binding",0.0101522842639594,"80/18522",0.025,2.3505076142132,1.25510875511927,0.20918059001459,0.500568847902088,0.474467060998811,"EFNB2/PLSCR1",2
"GO:0004993","G protein-coupled serotonin receptor activity",0.0050761421319797,"22/18522",0.0454545454545455,4.27365020766036,1.59294611962684,0.209729077477495,0.500568847902088,0.474467060998811,"HRH2",1
"GO:0016917","GABA receptor activity",0.0050761421319797,"22/18522",0.0454545454545455,4.27365020766036,1.59294611962684,0.209729077477495,0.500568847902088,0.474467060998811,"GABRB3",1
"GO:0050699","WW domain binding",0.0050761421319797,"22/18522",0.0454545454545455,4.27365020766036,1.59294611962684,0.209729077477495,0.500568847902088,0.474467060998811,"PRRG4",1
"GO:0022836","gated channel activity",0.0253807106598985,"301/18522",0.0166112956810631,1.56179907921143,1.01887640279779,0.217685121618201,0.50665794937242,0.480238650842766,"TRPV4/GABRB3/KCNG4/KCNJ12/AQP1",5
"GO:0004602","glutathione peroxidase activity",0.0050761421319797,"23/18522",0.0434782608695652,4.08783932906643,1.5363417177229,0.218144394868681,0.50665794937242,0.480238650842766,"GPX8",1
"GO:0005283","amino acid:sodium symporter activity",0.0050761421319797,"23/18522",0.0434782608695652,4.08783932906643,1.5363417177229,0.218144394868681,0.50665794937242,0.480238650842766,"SLC6A20",1
"GO:0043274","phospholipase binding",0.0050761421319797,"23/18522",0.0434782608695652,4.08783932906643,1.5363417177229,0.218144394868681,0.50665794937242,0.480238650842766,"BTK",1
"GO:0120020","cholesterol transfer activity",0.0050761421319797,"23/18522",0.0434782608695652,4.08783932906643,1.5363417177229,0.218144394868681,0.50665794937242,0.480238650842766,"STARD4",1
"GO:0016505","peptidase activator activity involved in apoptotic process",0.0050761421319797,"24/18522",0.0416666666666667,3.91751269035533,1.48285717999191,0.226470550564171,0.51131560231052,0.484653433963919,"NKX3-1",1
"GO:0048027","mRNA 5'-UTR binding",0.0050761421319797,"24/18522",0.0416666666666667,3.91751269035533,1.48285717999191,0.226470550564171,0.51131560231052,0.484653433963919,"IGF2BP2",1
"GO:0050431","transforming growth factor beta binding",0.0050761421319797,"24/18522",0.0416666666666667,3.91751269035533,1.48285717999191,0.226470550564171,0.51131560231052,0.484653433963919,"TGFBR3",1
"GO:0120015","sterol transfer activity",0.0050761421319797,"24/18522",0.0416666666666667,3.91751269035533,1.48285717999191,0.226470550564171,0.51131560231052,0.484653433963919,"STARD4",1
"GO:0008013","beta-catenin binding",0.0101522842639594,"86/18522",0.0232558139534884,2.186518710896,1.14349377425637,0.232644843723847,0.51131560231052,0.484653433963919,"PTPRK/AJAP1",2
"GO:0004175","endopeptidase activity",0.0304568527918782,"388/18522",0.0154639175257732,1.45392223559579,0.936901322051659,0.232703599739707,0.51131560231052,0.484653433963919,"CPS1/PAPPA2/ADAMTS17/ADAMTS16/BACE2/MMP28",6
"GO:0005178","integrin binding",0.0152284263959391,"157/18522",0.0191082802547771,1.79656632933493,1.03924906415736,0.233987901877112,0.51131560231052,0.484653433963919,"ITGA11/UTRN/CD177",3
"GO:0000030","mannosyltransferase activity",0.0050761421319797,"25/18522",0.04,3.76081218274112,1.432186435295,0.234708484478046,0.51131560231052,0.484653433963919,"DPY19L4",1
"GO:0003707","nuclear steroid receptor activity",0.0050761421319797,"25/18522",0.04,3.76081218274112,1.432186435295,0.234708484478046,0.51131560231052,0.484653433963919,"NR4A3",1
"GO:0015645","fatty acid ligase activity",0.0050761421319797,"25/18522",0.04,3.76081218274112,1.432186435295,0.234708484478046,0.51131560231052,0.484653433963919,"ACSS1",1
"GO:0030247","polysaccharide binding",0.0050761421319797,"25/18522",0.04,3.76081218274112,1.432186435295,0.234708484478046,0.51131560231052,0.484653433963919,"PTX3",1
"GO:0001848","complement binding",0.0050761421319797,"26/18522",0.0384615384615385,3.616165560328,1.38406449238959,0.242859126666391,0.51131560231052,0.484653433963919,"PTX3",1
"GO:0004190","aspartic-type endopeptidase activity",0.0050761421319797,"26/18522",0.0384615384615385,3.616165560328,1.38406449238959,0.242859126666391,0.51131560231052,0.484653433963919,"BACE2",1
"GO:0004709","MAP kinase kinase kinase activity",0.0050761421319797,"26/18522",0.0384615384615385,3.616165560328,1.38406449238959,0.242859126666391,0.51131560231052,0.484653433963919,"MAP3K5",1
"GO:0005112","Notch binding",0.0050761421319797,"26/18522",0.0384615384615385,3.616165560328,1.38406449238959,0.242859126666391,0.51131560231052,0.484653433963919,"NOTCH2NLA",1
"GO:0005160","transforming growth factor beta receptor binding",0.0050761421319797,"26/18522",0.0384615384615385,3.616165560328,1.38406449238959,0.242859126666391,0.51131560231052,0.484653433963919,"TGFBR3",1
"GO:0008143","poly(A) binding",0.0050761421319797,"26/18522",0.0384615384615385,3.616165560328,1.38406449238959,0.242859126666391,0.51131560231052,0.484653433963919,"PABPC5",1
"GO:0042974","nuclear retinoic acid receptor binding",0.0050761421319797,"26/18522",0.0384615384615385,3.616165560328,1.38406449238959,0.242859126666391,0.51131560231052,0.484653433963919,"NRIP1",1
"GO:0005125","cytokine activity",0.0203045685279188,"238/18522",0.0168067226890756,1.58017318602568,0.934015025051408,0.24793241664242,0.51131560231052,0.484653433963919,"IL11/GDF6/TAFA5/LTB",4
"GO:0043178","alcohol binding",0.0101522842639594,"90/18522",0.0222222222222222,2.08934010152284,1.07409291682476,0.24837874914289,0.51131560231052,0.484653433963919,"CRABP2/STARD4",2
"GO:0005539","glycosaminoglycan binding",0.0203045685279188,"239/18522",0.0167364016736402,1.57356158273687,0.925334197489134,0.25024401109218,0.51131560231052,0.484653433963919,"COL23A1/TGFBR3/NELL1/SPOCK3",4
"GO:0004683","calmodulin-dependent protein kinase activity",0.0050761421319797,"27/18522",0.037037037037037,3.48223350253807,1.33826057692394,0.250923397430162,0.51131560231052,0.484653433963919,"CAMK4",1
"GO:0005242","inward rectifier potassium channel activity",0.0050761421319797,"27/18522",0.037037037037037,3.48223350253807,1.33826057692394,0.250923397430162,0.51131560231052,0.484653433963919,"KCNJ12",1
"GO:0008266","poly(U) RNA binding",0.0050761421319797,"27/18522",0.037037037037037,3.48223350253807,1.33826057692394,0.250923397430162,0.51131560231052,0.484653433963919,"PABPC5",1
"GO:0016405","CoA-ligase activity",0.0050761421319797,"27/18522",0.037037037037037,3.48223350253807,1.33826057692394,0.250923397430162,0.51131560231052,0.484653433963919,"ACSS1",1
"GO:0070001","aspartic-type peptidase activity",0.0050761421319797,"27/18522",0.037037037037037,3.48223350253807,1.33826057692394,0.250923397430162,0.51131560231052,0.484653433963919,"BACE2",1
"GO:0042562","hormone binding",0.0101522842639594,"92/18522",0.0217391304347826,2.04391966453322,1.0407385987726,0.256260433609229,0.517804414833968,0.490803892228103,"EDNRB/NPR1",2
"GO:0005251","delayed rectifier potassium channel activity",0.0050761421319797,"28/18522",0.0357142857142857,3.35786802030457,1.29457262287633,0.258902207416984,0.517804414833968,0.490803892228103,"KCNG4",1
"GO:0005452","solute:inorganic anion antiporter activity",0.0050761421319797,"28/18522",0.0357142857142857,3.35786802030457,1.29457262287633,0.258902207416984,0.517804414833968,0.490803892228103,"SLC26A7",1
"GO:0016645","oxidoreductase activity, acting on the CH-NH group of donors",0.0050761421319797,"28/18522",0.0357142857142857,3.35786802030457,1.29457262287633,0.258902207416984,0.517804414833968,0.490803892228103,"AASS",1
"GO:0003785","actin monomer binding",0.0050761421319797,"29/18522",0.0344827586206897,3.24207946788027,1.25282281307687,0.266796457721886,0.521164303040447,0.493988581585609,"MTSS1",1
"GO:0005416","amino acid:monoatomic cation symporter activity",0.0050761421319797,"29/18522",0.0344827586206897,3.24207946788027,1.25282281307687,0.266796457721886,0.521164303040447,0.493988581585609,"SLC6A20",1
"GO:0072349","modified amino acid transmembrane transporter activity",0.0050761421319797,"29/18522",0.0344827586206897,3.24207946788027,1.25282281307687,0.266796457721886,0.521164303040447,0.493988581585609,"SLC6A20",1
"GO:0140416","transcription regulator inhibitor activity",0.0050761421319797,"29/18522",0.0344827586206897,3.24207946788027,1.25282281307687,0.266796457721886,0.521164303040447,0.493988581585609,"NKX3-1",1
"GO:0015276","ligand-gated monoatomic ion channel activity",0.0152284263959391,"169/18522",0.0177514792899408,1.66899948938215,0.905855537646292,0.268146406000646,0.521164303040447,0.493988581585609,"GABRB3/KCNJ12/AQP1",3
"GO:0022834","ligand-gated channel activity",0.0152284263959391,"171/18522",0.0175438596491228,1.64947902751803,0.884660540962829,0.273900501658853,0.521164303040447,0.493988581585609,"GABRB3/KCNJ12/AQP1",3
"GO:0005184","neuropeptide hormone activity",0.0050761421319797,"30/18522",0.0333333333333333,3.13401015228426,1.21285394028401,0.274607039987001,0.521164303040447,0.493988581585609,"NPY",1
"GO:0005217","intracellular ligand-gated monoatomic ion channel activity",0.0050761421319797,"30/18522",0.0333333333333333,3.13401015228426,1.21285394028401,0.274607039987001,0.521164303040447,0.493988581585609,"AQP1",1
"GO:0008187","poly-pyrimidine tract binding",0.0050761421319797,"30/18522",0.0333333333333333,3.13401015228426,1.21285394028401,0.274607039987001,0.521164303040447,0.493988581585609,"PABPC5",1
"GO:0015106","bicarbonate transmembrane transporter activity",0.0050761421319797,"30/18522",0.0333333333333333,3.13401015228426,1.21285394028401,0.274607039987001,0.521164303040447,0.493988581585609,"SLC26A7",1
"GO:0160041","neuropeptide activity",0.0050761421319797,"30/18522",0.0333333333333333,3.13401015228426,1.21285394028401,0.274607039987001,0.521164303040447,0.493988581585609,"NPY",1
"GO:0005261","monoatomic cation channel activity",0.0253807106598985,"330/18522",0.0151515151515152,1.42455006922012,0.806842933267154,0.275058937715791,0.521164303040447,0.493988581585609,"TRPV4/KCNIP3/KCNG4/KCNJ12/AQP1",5
"GO:0030594","neurotransmitter receptor activity",0.0101522842639594,"98/18522",0.0204081632653061,1.91878172588832,0.945533153781838,0.279918519147229,0.523880132330737,0.496562795995752,"HRH2/GABRB3",2
"GO:0005164","tumor necrosis factor receptor binding",0.0050761421319797,"31/18522",0.032258064516129,3.03291305059767,1.1745264159112,0.282334836500227,0.523880132330737,0.496562795995752,"LTB",1
"GO:0005310","dicarboxylic acid transmembrane transporter activity",0.0050761421319797,"31/18522",0.032258064516129,3.03291305059767,1.1745264159112,0.282334836500227,0.523880132330737,0.496562795995752,"SLC26A7",1
"GO:0016878","acid-thiol ligase activity",0.0050761421319797,"31/18522",0.032258064516129,3.03291305059767,1.1745264159112,0.282334836500227,0.523880132330737,0.496562795995752,"ACSS1",1
"GO:0008201","heparin binding",0.0152284263959391,"174/18522",0.0172413793103448,1.62103973394014,0.853381026470535,0.282555719520976,0.523880132330737,0.496562795995752,"COL23A1/TGFBR3/NELL1",3
"GO:0005249","voltage-gated potassium channel activity",0.0101522842639594,"99/18522",0.0202020202020202,1.89940009229349,0.930322846541728,0.283858746127063,0.524046915926885,0.496720882786448,"KCNG4/KCNJ12",2
"GO:0043425","bHLH transcription factor binding",0.0050761421319797,"32/18522",0.03125,2.9381345177665,1.13771579425344,0.289980720292853,0.530812165959799,0.503133363933631,"ASCL1",1
"GO:0070717","poly-purine tract binding",0.0050761421319797,"32/18522",0.03125,2.9381345177665,1.13771579425344,0.289980720292853,0.530812165959799,0.503133363933631,"PABPC5",1
"GO:0015171","amino acid transmembrane transporter activity",0.0101522842639594,"101/18522",0.0198019801980198,1.86178820927778,0.900425883807661,0.291733022474644,0.531766521979098,0.504037955774535,"SLC43A1/SLC6A20",2
"GO:0008514","organic anion transmembrane transporter activity",0.0203045685279188,"258/18522",0.0155038759689922,1.45767914059733,0.767567115681795,0.294922906023824,0.535322249589462,0.507408272637185,"SLC26A7/SLC43A1/SLC6A20/SLC35D3",4
"GO:0008175","tRNA methyltransferase activity",0.0050761421319797,"33/18522",0.0303030303030303,2.84910013844024,1.10231071025642,0.297545555236191,0.535581999425143,0.507654478012623,"TRMT9B",1
"GO:0019239","deaminase activity",0.0050761421319797,"33/18522",0.0303030303030303,2.84910013844024,1.10231071025642,0.297545555236191,0.535581999425143,0.507654478012623,"RIDA",1
"GO:0061629","RNA polymerase II-specific DNA-binding transcription factor binding",0.0253807106598985,"343/18522",0.0145772594752187,1.37055837563452,0.718227511197631,0.301764450346178,0.539102289447934,0.510991205154109,"NR4A3/GSC/NKX3-1/GBX2/NRIP1",5
"GO:0046943","carboxylic acid transmembrane transporter activity",0.0152284263959391,"181/18522",0.0165745856353591,1.55834758953361,0.782664732964739,0.302836600896284,0.539102289447934,0.510991205154109,"SLC26A7/SLC43A1/SLC6A20",3
"GO:0008376","acetylgalactosaminyltransferase activity",0.0050761421319797,"34/18522",0.0294117647058824,2.76530307554494,1.06821115147255,0.305030196137184,0.539102289447934,0.510991205154109,"GALNTL6",1
"GO:0030332","cyclin binding",0.0050761421319797,"34/18522",0.0294117647058824,2.76530307554494,1.06821115147255,0.305030196137184,0.539102289447934,0.510991205154109,"CRABP2",1
"GO:0005342","organic acid transmembrane transporter activity",0.0152284263959391,"182/18522",0.0164835164835165,1.54978524014057,0.772809481880187,0.305740881747092,0.539102289447934,0.510991205154109,"SLC26A7/SLC43A1/SLC6A20",3
"GO:0019208","phosphatase regulator activity",0.0101522842639594,"105/18522",0.019047619047619,1.79086294416244,0.842616132885643,0.307445883107716,0.539904965457452,0.511752026225509,"TESC/PPP4R4",2
"GO:0005154","epidermal growth factor receptor binding",0.0050761421319797,"35/18522",0.0285714285714286,2.68629441624365,1.03532700193142,0.312435488833039,0.546445875205964,0.517951865144054,"PLSCR1",1
"GO:0003779","actin binding",0.0304568527918782,"434/18522",0.0138248847926267,1.29981987882757,0.655319893022767,0.315824132207319,0.550145262554685,0.52145835071582,"TRPV4/AIF1L/UTRN/MYO7B/MTSS1/DMD",6
"GO:0015101","organic cation transmembrane transporter activity",0.0050761421319797,"36/18522",0.0277777777777778,2.61167512690355,1.00357680868102,0.319762270284864,0.553995730453281,0.52510803885557,"SLC6A20",1
"GO:0046873","metal ion transmembrane transporter activity",0.0304568527918782,"437/18522",0.0137299771167048,1.2908966302315,0.638062894400138,0.321431112761816,0.553995730453281,0.52510803885557,"TRPV4/KCNIP3/SLC6A20/KCNG4/KCNJ12/AQP1",6
"GO:0000146","microfilament motor activity",0.0050761421319797,"37/18522",0.027027027027027,2.54108931266292,0.972886731777397,0.327011368670339,0.553995730453281,0.52510803885557,"MYO7B",1
"GO:0005343","organic acid:sodium symporter activity",0.0050761421319797,"37/18522",0.027027027027027,2.54108931266292,0.972886731777397,0.327011368670339,0.553995730453281,0.52510803885557,"SLC6A20",1
"GO:0015248","sterol transporter activity",0.0050761421319797,"37/18522",0.027027027027027,2.54108931266292,0.972886731777397,0.327011368670339,0.553995730453281,0.52510803885557,"STARD4",1
"GO:0030280","structural constituent of skin epidermis",0.0050761421319797,"37/18522",0.027027027027027,2.54108931266292,0.972886731777397,0.327011368670339,0.553995730453281,0.52510803885557,"KRT80",1
"GO:0030291","protein serine/threonine kinase inhibitor activity",0.0050761421319797,"37/18522",0.027027027027027,2.54108931266292,0.972886731777397,0.327011368670339,0.553995730453281,0.52510803885557,"CDKN1C",1
"GO:0005501","retinoid binding",0.0050761421319797,"38/18522",0.0263157894736842,2.47421854127705,0.943189646270167,0.334183603475421,0.560542253910669,0.531313198760356,"CRABP2",1
"GO:0019840","isoprenoid binding",0.0050761421319797,"38/18522",0.0263157894736842,2.47421854127705,0.943189646270167,0.334183603475421,0.560542253910669,0.531313198760356,"CRABP2",1
"GO:0003774","cytoskeletal motor activity",0.0101522842639594,"112/18522",0.0178571428571429,1.67893401015228,0.747227796239385,0.334768290529983,0.560542253910669,0.531313198760356,"KIF17/MYO7B",2
"GO:0000217","DNA secondary structure binding",0.0050761421319797,"39/18522",0.0256410256410256,2.41077704021866,0.914424370800271,0.341279785585102,0.564876886485686,0.535421805172836,"FANCM",1
"GO:0001530","lipopolysaccharide binding",0.0050761421319797,"39/18522",0.0256410256410256,2.41077704021866,0.914424370800271,0.341279785585102,0.564876886485686,0.535421805172836,"SPON2",1
"GO:0016799","hydrolase activity, hydrolyzing N-glycosyl compounds",0.0050761421319797,"39/18522",0.0256410256410256,2.41077704021866,0.914424370800271,0.341279785585102,0.564876886485686,0.535421805172836,"CD38",1
"GO:0030246","carbohydrate binding",0.0203045685279188,"279/18522",0.014336917562724,1.34796135582119,0.607195192364658,0.345355042839766,0.565661315433195,0.536165330661581,"CEMIP2/PTX3/GALNTL6/CLEC2L",4
"GO:0005547","phosphatidylinositol-3,4,5-trisphosphate binding",0.0050761421319797,"40/18522",0.025,2.3505076142132,0.886535002200465,0.348300717373218,0.565661315433195,0.536165330661581,"BTK",1
"GO:0008227","G protein-coupled amine receptor activity",0.0050761421319797,"40/18522",0.025,2.3505076142132,0.886535002200465,0.348300717373218,0.565661315433195,0.536165330661581,"HRH2",1
"GO:0017080","sodium channel regulator activity",0.0050761421319797,"40/18522",0.025,2.3505076142132,0.886535002200465,0.348300717373218,0.565661315433195,0.536165330661581,"PKP2",1
"GO:0035198","miRNA binding",0.0050761421319797,"40/18522",0.025,2.3505076142132,0.886535002200465,0.348300717373218,0.565661315433195,0.536165330661581,"MALAT1",1
"GO:0015144","carbohydrate transmembrane transporter activity",0.0050761421319797,"41/18522",0.024390243902439,2.293178160208,0.859470339269806,0.355247192791326,0.568395508466121,0.538756951250782,"AQP1",1
"GO:0016877","ligase activity, forming carbon-sulfur bonds",0.0050761421319797,"41/18522",0.024390243902439,2.293178160208,0.859470339269806,0.355247192791326,0.568395508466121,0.538756951250782,"ACSS1",1
"GO:0042056","chemoattractant activity",0.0050761421319797,"41/18522",0.024390243902439,2.293178160208,0.859470339269806,0.355247192791326,0.568395508466121,0.538756951250782,"VEGFC",1
"GO:0048487","beta-tubulin binding",0.0050761421319797,"41/18522",0.024390243902439,2.293178160208,0.859470339269806,0.355247192791326,0.568395508466121,0.538756951250782,"TRPV4",1
"GO:0015291","secondary active transmembrane transporter activity",0.0203045685279188,"285/18522",0.0140350877192982,1.31958322201443,0.563732455809335,0.359838515137056,0.56885759600465,0.539194943581406,"SLC18B1/SLC26A7/SLC6A20/SLC35D3",4
"GO:0001046","core promoter sequence-specific DNA binding",0.0050761421319797,"42/18522",0.0238095238095238,2.23857868020305,0.833183381906196,0.362119997456664,0.56885759600465,0.539194943581406,"GBX2",1
"GO:0008307","structural constituent of muscle",0.0050761421319797,"42/18522",0.0238095238095238,2.23857868020305,0.833183381906196,0.362119997456664,0.56885759600465,0.539194943581406,"DMD",1
"GO:0042169","SH2 domain binding",0.0050761421319797,"42/18522",0.0238095238095238,2.23857868020305,0.833183381906196,0.362119997456664,0.56885759600465,0.539194943581406,"TRPV4",1
"GO:0043028","cysteine-type endopeptidase regulator activity involved in apoptotic process",0.0050761421319797,"42/18522",0.0238095238095238,2.23857868020305,0.833183381906196,0.362119997456664,0.56885759600465,0.539194943581406,"NKX3-1",1
"GO:0043014","alpha-tubulin binding",0.0050761421319797,"43/18522",0.0232558139534884,2.186518710896,0.807630894196391,0.368919908739187,0.577439857156989,0.547329689166834,"TRPV4",1
"GO:0003954","NADH dehydrogenase activity",0.0050761421319797,"44/18522",0.0227272727272727,2.13682510383018,0.782773022010172,0.375647695847709,0.585847670058522,0.555299082974573,"ENOX1",1
"GO:0008094","ATP-dependent activity, acting on DNA",0.0101522842639594,"123/18522",0.016260162601626,1.52878544013867,0.610068037067225,0.377022974464333,0.585877427944574,0.555327289157991,"HFM1/FANCM",2
"GO:0051015","actin filament binding",0.0152284263959391,"208/18522",0.0144230769230769,1.356062085123,0.535437927041126,0.381186829053849,0.589840642154789,0.559083844537556,"TRPV4/AIF1L/MYO7B",3
"GO:0008375","acetylglucosaminyltransferase activity",0.0050761421319797,"45/18522",0.0222222222222222,2.08934010152284,0.758572957223831,0.382304119915141,0.589840642154789,0.559083844537556,"LFNG",1
"GO:0004518","nuclease activity",0.0152284263959391,"211/18522",0.014218009478673,1.33678158154305,0.510125302956738,0.38981661725314,0.599291027236144,0.568041446381238,"RIDA/FANCM/PLSCR1",3
"GO:0001784","phosphotyrosine residue binding",0.0050761421319797,"47/18522",0.0212765957446809,2.00043201209634,0.712012507476325,0.395405883584129,0.602171276460214,0.570771507171109,"ZAP70",1
"GO:0005246","calcium channel regulator activity",0.0050761421319797,"47/18522",0.0212765957446809,2.00043201209634,0.712012507476325,0.395405883584129,0.602171276460214,0.570771507171109,"NPY",1
"GO:0042826","histone deacetylase binding",0.0101522842639594,"128/18522",0.015625,1.46906725888325,0.552135092833263,0.395871857672919,0.602171276460214,0.570771507171109,"NKX3-1/NRIP1",2
"GO:0140297","DNA-binding transcription factor binding",0.0304568527918782,"478/18522",0.0125523012552301,1.18017118705265,0.41378640358028,0.399014468275472,0.602779058740248,0.571347597100283,"NR4A3/GSC/ASCL1/NKX3-1/GBX2/NRIP1",6
"GO:0008188","neuropeptide receptor activity",0.0050761421319797,"48/18522",0.0208333333333333,1.95875634517767,0.689591242527442,0.401852705826832,0.602779058740248,0.571347597100283,"QRFPR",1
"GO:0016879","ligase activity, forming carbon-nitrogen bonds",0.0050761421319797,"48/18522",0.0208333333333333,1.95875634517767,0.689591242527442,0.401852705826832,0.602779058740248,0.571347597100283,"CPS1",1
"GO:0019212","phosphatase inhibitor activity",0.0050761421319797,"48/18522",0.0208333333333333,1.95875634517767,0.689591242527442,0.401852705826832,0.602779058740248,0.571347597100283,"TESC",1
"GO:0005504","fatty acid binding",0.0050761421319797,"49/18522",0.0204081632653061,1.91878172588832,0.667705588088223,0.408231130475101,0.608123615052564,0.576413465534716,"CRABP2",1
"GO:0016860","intramolecular oxidoreductase activity",0.0050761421319797,"49/18522",0.0204081632653061,1.91878172588832,0.667705588088223,0.408231130475101,0.608123615052564,0.576413465534716,"ENOX1",1
"GO:0099094","ligand-gated monoatomic cation channel activity",0.0101522842639594,"132/18522",0.0151515151515152,1.42455006922012,0.507537754973773,0.410762645537332,0.609122761758785,0.577360512485787,"KCNJ12/AQP1",2
"GO:0044325","transmembrane transporter binding",0.0101522842639594,"133/18522",0.0150375939849624,1.41383916644403,0.496617125727019,0.41445754097613,0.609122761758785,0.577360512485787,"PKP2/KCNG4",2
"GO:0016538","cyclin-dependent protein serine/threonine kinase regulator activity",0.0050761421319797,"50/18522",0.02,1.88040609137056,0.646330154234806,0.414541879530284,0.609122761758785,0.577360512485787,"CDKN1C",1
"GO:0016597","amino acid binding",0.0050761421319797,"50/18522",0.02,1.88040609137056,0.646330154234806,0.414541879530284,0.609122761758785,0.577360512485787,"CPS1",1
"GO:0030695","GTPase regulator activity",0.0304568527918782,"488/18522",0.0122950819672131,1.15598735125239,0.362073382491301,0.417994801875476,0.610046467602046,0.578236052381082,"PLEKHG6/STARD8/ARHGAP29/ARHGAP18/ARHGAP42/DENND2C",6
"GO:0060589","nucleoside-triphosphatase regulator activity",0.0304568527918782,"488/18522",0.0122950819672131,1.15598735125239,0.362073382491301,0.417994801875476,0.610046467602046,0.578236052381082,"PLEKHG6/STARD8/ARHGAP29/ARHGAP18/ARHGAP42/DENND2C",6
"GO:0019838","growth factor binding",0.0101522842639594,"135/18522",0.0148148148148148,1.39289340101523,0.47503927564514,0.421812698401851,0.613545743129965,0.581552860812759,"TGFBR3/S100A13",2
"GO:0004713","protein tyrosine kinase activity",0.0101522842639594,"138/18522",0.0144927536231884,1.36261310968881,0.443308824124408,0.432756314523566,0.617453721815327,0.585257060882461,"BTK/ZAP70",2
"GO:0005544","calcium-dependent phospholipid binding",0.0050761421319797,"53/18522",0.0188679245283019,1.77396801072694,0.585036001852556,0.433075179884361,0.617453721815327,0.585257060882461,"CPNE8",1
"GO:0008146","sulfotransferase activity",0.0050761421319797,"53/18522",0.0188679245283019,1.77396801072694,0.585036001852556,0.433075179884361,0.617453721815327,0.585257060882461,"HS6ST3",1
"GO:0015485","cholesterol binding",0.0050761421319797,"53/18522",0.0188679245283019,1.77396801072694,0.585036001852556,0.433075179884361,0.617453721815327,0.585257060882461,"STARD4",1
"GO:0051287","NAD binding",0.0050761421319797,"53/18522",0.0188679245283019,1.77396801072694,0.585036001852556,0.433075179884361,0.617453721815327,0.585257060882461,"HPGD",1
"GO:0061980","regulatory RNA binding",0.0050761421319797,"53/18522",0.0188679245283019,1.77396801072694,0.585036001852556,0.433075179884361,0.617453721815327,0.585257060882461,"MALAT1",1
"GO:0000287","magnesium ion binding",0.0152284263959391,"227/18522",0.013215859030837,1.24255909121403,0.381248036605055,0.435270076969013,0.618541688324386,0.586288296194411,"TESC/PLSCR1/MAP3K5",3
"GO:0002020","protease binding",0.0101522842639594,"140/18522",0.0142857142857143,1.34314720812183,0.422562977491992,0.439990785048968,0.622283046402647,0.589834563963522,"FAM20C/CD177",2
"GO:0016504","peptidase activator activity",0.0050761421319797,"55/18522",0.0181818181818182,1.70946008306414,0.546329275119588,0.445105234579671,0.622283046402647,0.589834563963522,"NKX3-1",1
"GO:0120013","lipid transfer activity",0.0050761421319797,"55/18522",0.0181818181818182,1.70946008306414,0.546329275119588,0.445105234579671,0.622283046402647,0.589834563963522,"STARD4",1
"GO:1901618","organic hydroxy compound transmembrane transporter activity",0.0050761421319797,"55/18522",0.0181818181818182,1.70946008306414,0.546329275119588,0.445105234579671,0.622283046402647,0.589834563963522,"AQP1",1
"GO:1990756","ubiquitin ligase-substrate adaptor activity",0.0050761421319797,"55/18522",0.0181818181818182,1.70946008306414,0.546329275119588,0.445105234579671,0.622283046402647,0.589834563963522,"DET1",1
"GO:0022843","voltage-gated monoatomic cation channel activity",0.0101522842639594,"143/18522",0.013986013986014,1.31496929466473,0.392029397428939,0.450747623697879,0.624495701037904,0.591931841383393,"KCNG4/KCNJ12",2
"GO:0015932","nucleobase-containing compound transmembrane transporter activity",0.0050761421319797,"56/18522",0.0178571428571429,1.67893401015228,0.527568066172788,0.451024672971819,0.624495701037904,0.591931841383393,"SLC35D3",1
"GO:1901505","carbohydrate derivative transmembrane transporter activity",0.0050761421319797,"56/18522",0.0178571428571429,1.67893401015228,0.527568066172788,0.451024672971819,0.624495701037904,0.591931841383393,"SLC35D3",1
"GO:0004601","peroxidase activity",0.0050761421319797,"57/18522",0.0175438596491228,1.64947902751803,0.509179887601882,0.456881281843505,0.628575521517179,0.595798922685631,"GPX8",1
"GO:0015026","coreceptor activity",0.0050761421319797,"57/18522",0.0175438596491228,1.64947902751803,0.509179887601882,0.456881281843505,0.628575521517179,0.595798922685631,"TGFBR3",1
"GO:0022824","transmitter-gated monoatomic ion channel activity",0.0050761421319797,"58/18522",0.0172413793103448,1.62103973394014,0.491149634775363,0.46267572470713,0.63235168843988,0.599378184218112,"GABRB3",1
"GO:0022835","transmitter-gated channel activity",0.0050761421319797,"58/18522",0.0172413793103448,1.62103973394014,0.491149634775363,0.46267572470713,0.63235168843988,0.599378184218112,"GABRB3",1
"GO:0016684","oxidoreductase activity, acting on peroxide as acceptor",0.0050761421319797,"59/18522",0.0169491525423729,1.59356448421234,0.473463076118198,0.468408658103615,0.63235168843988,0.599378184218112,"GPX8",1
"GO:0036002","pre-mRNA binding",0.0050761421319797,"59/18522",0.0169491525423729,1.59356448421234,0.473463076118198,0.468408658103615,0.63235168843988,0.599378184218112,"PRPF39",1
"GO:0045309","protein phosphorylated amino acid binding",0.0050761421319797,"59/18522",0.0169491525423729,1.59356448421234,0.473463076118198,0.468408658103615,0.63235168843988,0.599378184218112,"ZAP70",1
"GO:1901682","sulfur compound transmembrane transporter activity",0.0050761421319797,"59/18522",0.0169491525423729,1.59356448421234,0.473463076118198,0.468408658103615,0.63235168843988,0.599378184218112,"SLC26A7",1
"GO:0004674","protein serine/threonine kinase activity",0.0253807106598985,"427/18522",0.0117096018735363,1.10094033452609,0.218797684076707,0.477490157660241,0.642433787942073,0.608934560208251,"TGFBR3/CAMK4/FAM20C/PRKD1/MAP3K5",5
"GO:0140375","immune receptor activity",0.0101522842639594,"151/18522",0.0132450331125828,1.24530204726527,0.313809860018222,0.478851110456823,0.642433787942073,0.608934560208251,"IL4R/MR1",2
"GO:0042277","peptide binding",0.0203045685279188,"336/18522",0.0119047619047619,1.11928934010152,0.228794731009514,0.480942815367264,0.642853203325639,0.609332105491407,"ITM2A/EDNRB/NPR1/QRFPR",4
"GO:0022853","active monoatomic ion transmembrane transporter activity",0.0152284263959391,"244/18522",0.0122950819672131,1.15598735125239,0.254309917830386,0.482139902494229,0.642853203325639,0.609332105491407,"SLC18B1/SLC26A7/SLC6A20",3
"GO:0005506","iron ion binding",0.0101522842639594,"153/18522",0.0130718954248366,1.22902358913108,0.294935134874625,0.485739856537201,0.645660363150987,0.611992888074401,"FTL/TF",2
"GO:0004386","helicase activity",0.0101522842639594,"154/18522",0.012987012987013,1.22104291647439,0.285594187596891,0.489163102351868,0.648216135631923,0.614415391717393,"HFM1/FANCM",2
"GO:0030145","manganese ion binding",0.0050761421319797,"65/18522",0.0153846153846154,1.4464662241312,0.373859197071251,0.501550465764051,0.66259878045893,0.628048064323889,"FAM20C",1
"GO:0042393","histone binding",0.0152284263959391,"252/18522",0.0119047619047619,1.11928934010152,0.197686025573256,0.503561961703071,0.663227949560143,0.628644425874502,"AASS/TSPYL5/FAM156A",3
"GO:0008173","RNA methyltransferase activity",0.0050761421319797,"66/18522",0.0151515151515152,1.42455006922012,0.358241116968199,0.506870645546491,0.665556592328523,0.630851643313342,"TRMT9B",1
"GO:0032934","sterol binding",0.0050761421319797,"67/18522",0.0149253731343284,1.40328812788848,0.342877629496025,0.512134325803716,0.66840492068642,0.633551447726651,"STARD4",1
"GO:0140767","enzyme-substrate adaptor activity",0.0050761421319797,"67/18522",0.0149253731343284,1.40328812788848,0.342877629496025,0.512134325803716,0.66840492068642,0.633551447726651,"DET1",1
"GO:0003777","microtubule motor activity",0.0050761421319797,"68/18522",0.0147058823529412,1.38265153777247,0.327760035881598,0.517342103523394,0.671146512678998,0.636150081462306,"KIF17",1
"GO:0005518","collagen binding",0.0050761421319797,"68/18522",0.0147058823529412,1.38265153777247,0.327760035881598,0.517342103523394,0.671146512678998,0.636150081462306,"ITGA11",1
"GO:0016874","ligase activity",0.0101522842639594,"166/18522",0.0120481927710843,1.13277475383769,0.178165602863887,0.52911173417243,0.684360087312843,0.64867464416349,"CPS1/ACSS1",2
"GO:0016782","transferase activity, transferring sulphur-containing groups",0.0050761421319797,"71/18522",0.0140845070422535,1.32422964181025,0.283801883722739,0.532635897588369,0.686861814203509,0.651045920382955,"HS6ST3",1
"GO:0106310","protein serine kinase activity",0.0203045685279188,"363/18522",0.0110192837465565,1.03603641397827,0.0718939346970765,0.541526137170684,0.691407605908894,0.655354675191422,"CAMK4/FAM20C/PRKD1/MAP3K5",4
"GO:1901681","sulfur compound binding",0.0152284263959391,"267/18522",0.0112359550561798,1.05640791650031,0.0962604988800997,0.542467376476467,0.691407605908894,0.655354675191422,"COL23A1/TGFBR3/NELL1",3
"GO:0004521","RNA endonuclease activity",0.0050761421319797,"73/18522",0.0136986301369863,1.28794937765107,0.25558449045457,0.542562912970173,0.691407605908894,0.655354675191422,"RIDA",1
"GO:0005230","extracellular ligand-gated monoatomic ion channel activity",0.0050761421319797,"73/18522",0.0136986301369863,1.28794937765107,0.25558449045457,0.542562912970173,0.691407605908894,0.655354675191422,"GABRB3",1
"GO:0005244","voltage-gated monoatomic ion channel activity",0.0101522842639594,"172/18522",0.0116279069767442,1.093259355448,0.12740366926736,0.548281402167824,0.695583127331156,0.659312467182796,"KCNG4/KCNJ12",2
"GO:0019207","kinase regulator activity",0.0152284263959391,"270/18522",0.0111111111111111,1.04467005076142,0.0766631103474518,0.550037433372929,0.695583127331156,0.659312467182796,"TESC/CDKN1C/PRKD1",3
"GO:0022832","voltage-gated channel activity",0.0101522842639594,"173/18522",0.0115606936416185,1.08693993720842,0.11911858085489,0.551423082913924,0.695583127331156,0.659312467182796,"KCNG4/KCNJ12",2
"GO:0017022","myosin binding",0.0050761421319797,"75/18522",0.0133333333333333,1.25360406091371,0.228174600410916,0.552280121931913,0.695583127331156,0.659312467182796,"DMD",1
"GO:0003724","RNA helicase activity",0.0050761421319797,"77/18522",0.012987012987013,1.22104291647439,0.201523627579411,0.561791936562823,0.705506152892848,0.668718064023679,"FANCM",1
"GO:0046332","SMAD binding",0.0050761421319797,"78/18522",0.0128205128205128,1.20538852010933,0.188468705474928,0.566472174486224,0.70895504685685,0.671987118000279,"TGFBR3",1
"GO:0008186","ATP-dependent activity, acting on RNA",0.0050761421319797,"79/18522",0.0126582278481013,1.1901304375763,0.175587157186001,0.571102676634685,0.70895504685685,0.671987118000279,"FANCM",1
"GO:0015370","solute:sodium symporter activity",0.0050761421319797,"79/18522",0.0126582278481013,1.1901304375763,0.175587157186001,0.571102676634685,0.70895504685685,0.671987118000279,"SLC6A20",1
"GO:0019199","transmembrane receptor protein kinase activity",0.0050761421319797,"79/18522",0.0126582278481013,1.1901304375763,0.175587157186001,0.571102676634685,0.70895504685685,0.671987118000279,"TGFBR3",1
"GO:0035064","methylated histone binding",0.0050761421319797,"80/18522",0.0125,1.1752538071066,0.162874007782344,0.575683968870382,0.712594482957035,0.67543677843637,"FAM156A",1
"GO:0033293","monocarboxylic acid binding",0.0050761421319797,"81/18522",0.0123456790123457,1.16074450084602,0.15032448934723,0.580216571523702,0.716153025423541,0.678809763376602,"CRABP2",1
"GO:0140034","methylation-dependent protein binding",0.0050761421319797,"82/18522",0.0121951219512195,1.146589080104,0.137934029846047,0.584700999451138,0.719631999324477,0.6821073287944,"FAM156A",1
"GO:0005543","phospholipid binding",0.0253807106598985,"487/18522",0.0102669404517454,0.96530086826004,-0.0804578368853419,0.594170697545161,0.729209492441788,0.691185410720896,"BTK/CPS1/BAIAP2L2/CPNE8/MTSS1",5
"GO:0001540","amyloid-beta binding",0.0050761421319797,"85/18522",0.0117647058823529,1.10612123021798,0.101674009032301,0.597870302533584,0.729604436990137,0.691559761182171,"ITM2A",1
"GO:0016209","antioxidant activity",0.0050761421319797,"85/18522",0.0117647058823529,1.10612123021798,0.101674009032301,0.597870302533584,0.729604436990137,0.691559761182171,"GPX8",1
"GO:0016651","oxidoreductase activity, acting on NAD(P)H",0.0050761421319797,"86/18522",0.0116279069767442,1.093259355448,0.08987763224182,0.602167072637228,0.73277795881488,0.694567802093052,"ENOX1",1
"GO:0003727","single-stranded RNA binding",0.0050761421319797,"87/18522",0.0114942528735632,1.08069315596009,0.0782200508526449,0.606418162173487,0.735878219266704,0.697506401790321,"PABPC5",1
"GO:0050660","flavin adenine dinucleotide binding",0.0050761421319797,"88/18522",0.0113636363636364,1.06841255191509,0.0666976715147835,0.610624054337947,0.738906418694659,0.700376698031731,"MAOA",1
"GO:0031406","carboxylic acid binding",0.0101522842639594,"196/18522",0.0102040816326531,0.959390862944162,-0.0592599516340352,0.61941494580478,0.747450437395713,0.708475195289796,"CPS1/CRABP2",2
"GO:0003714","transcription corepressor activity",0.0101522842639594,"198/18522",0.0101010101010101,0.949700046146747,-0.0737791041357224,0.624939172191467,0.74992700662976,0.710822625679768,"AASS/NRIP1",2
"GO:0016829","lyase activity",0.0101522842639594,"198/18522",0.0101010101010101,0.949700046146747,-0.0737791041357224,0.624939172191467,0.74992700662976,0.710822625679768,"CD38/NPR1",2
"GO:0019888","protein phosphatase regulator activity",0.0050761421319797,"93/18522",0.010752688172043,1.01097101686589,0.010997166723314,0.630992113433357,0.753007162992294,0.713742169600396,"PPP4R4",1
"GO:0051219","phosphoprotein binding",0.0050761421319797,"93/18522",0.010752688172043,1.01097101686589,0.010997166723314,0.630992113433357,0.753007162992294,0.713742169600396,"ZAP70",1
"GO:0033218","amide binding",0.0203045685279188,"409/18522",0.0097799511002445,0.919513981110297,-0.170659411620178,0.635731017878386,0.756572451028823,0.717121548367964,"ITM2A/EDNRB/NPR1/QRFPR",4
"GO:0140104","molecular carrier activity",0.0050761421319797,"95/18522",0.0105263157894737,0.98968741651082,-0.0104482919562022,0.638839306924872,0.758182913713034,0.718648034684138,"TF",1
"GO:0004896","cytokine receptor activity",0.0050761421319797,"96/18522",0.0104166666666667,0.979378172588833,-0.0210034466616733,0.642700415978749,0.75988012253156,0.720256743822555,"IL4R",1
"GO:0005516","calmodulin binding",0.0101522842639594,"205/18522",0.00975609756097561,0.917271264083199,-0.123495031014052,0.643787326033682,0.75988012253156,0.720256743822555,"TRPV4/CAMK4",2
"GO:0004725","protein tyrosine phosphatase activity",0.0050761421319797,"98/18522",0.0102040816326531,0.959390862944162,-0.041791520609142,0.650299855251657,0.764962347082396,0.725073959588333,"PTPRK",1
"GO:0043177","organic acid binding",0.0101522842639594,"208/18522",0.00961538461538462,0.904041390081999,-0.144300337842749,0.651634591959078,0.764962347082396,0.725073959588333,"CPS1/CRABP2",2
"GO:0072341","modified amino acid binding",0.0050761421319797,"101/18522",0.0099009900990099,0.93089410463889,-0.0722042100796369,0.661398518823787,0.774320217159555,0.733943870553282,"CPS1",1
"GO:0004497","monooxygenase activity",0.0050761421319797,"105/18522",0.00952380952380952,0.895431472081218,-0.111411375721722,0.675653406572397,0.788871004430475,0.747735917942141,"MOXD1",1
"GO:0016741","transferase activity, transferring one-carbon groups",0.0101522842639594,"219/18522",0.0091324200913242,0.858632918434045,-0.218198895152851,0.679239328143198,0.790920188026581,0.749678248397514,"GATM/TRMT9B",2
"GO:0005496","steroid binding",0.0050761421319797,"107/18522",0.00934579439252336,0.878694435219887,-0.130475836156713,0.6825553186578,0.792644886183252,0.75131301346317,"STARD4",1
"GO:0090079","translation regulator activity, nucleic acid binding",0.0050761421319797,"108/18522",0.00925925925925926,0.870558375634518,-0.13987983131245,0.685951278593961,0.794452955368878,0.753026802238044,"IGF2BP2",1
"GO:0045296","cadherin binding",0.0152284263959391,"333/18522",0.00900900900900901,0.847029770887639,-0.292057228569678,0.690842473336789,0.79797847187565,0.756368483332426,"PKP2/CEMIP2/ARHGAP18",3
"GO:0005085","guanyl-nucleotide exchange factor activity",0.0101522842639594,"226/18522",0.00884955752212389,0.832038093526796,-0.26340879801973,0.695865201990318,0.801636712692847,0.759835967927674,"PLEKHG6/DENND2C",2
"GO:0005200","structural constituent of cytoskeleton",0.0050761421319797,"112/18522",0.00892857142857143,0.839467005076142,-0.1766809649052,0.699177457761386,0.803310270619465,0.761422259432193,"DMD",1
"GO:0005262","calcium channel activity",0.0050761421319797,"114/18522",0.0087719298245614,0.824739513759017,-0.194615072511796,0.705581212280612,0.808517463409083,0.766357927061728,"TRPV4",1
"GO:0019887","protein kinase regulator activity",0.0101522842639594,"232/18522",0.00862068965517241,0.810519866970068,-0.301123159090874,0.709546290756854,0.810910046579261,0.768625750778101,"TESC/CDKN1C",2
"GO:0015294","solute:monoatomic cation symporter activity",0.0050761421319797,"116/18522",0.00862068965517241,0.810519866970068,-0.212254205563082,0.711849324291205,0.811395535867548,0.769085924591803,"SLC6A20",1
"GO:0022804","active transmembrane transporter activity",0.0203045685279188,"454/18522",0.00881057268722467,0.828372727476017,-0.383886220559046,0.714970484045671,0.8128085502835,0.770425258431485,"SLC18B1/SLC26A7/SLC6A20/SLC35D3",4
"GO:0004540","RNA nuclease activity",0.0050761421319797,"123/18522",0.00813008130081301,0.764392720069333,-0.271823805792303,0.732760267808225,0.830846287908539,0.78752243176516,"RIDA",1
"GO:0004519","endonuclease activity",0.0050761421319797,"125/18522",0.008,0.752162436548223,-0.288265036601304,0.738452511775415,0.832928159496029,0.789495745721139,"RIDA",1
"GO:0016616","oxidoreductase activity, acting on the CH-OH group of donors, NAD or NADP as acceptor",0.0050761421319797,"125/18522",0.008,0.752162436548223,-0.288265036601304,0.738452511775415,0.832928159496029,0.789495745721139,"HPGD",1
"GO:0140097","catalytic activity, acting on DNA",0.0101522842639594,"248/18522",0.00806451612903226,0.758228262649419,-0.397427485266148,0.743539876453422,0.8364823610101,0.792864616064642,"HFM1/FANCM",2
"GO:0031072","heat shock protein binding",0.0050761421319797,"130/18522",0.00769230769230769,0.723233112065599,-0.328333098174109,0.752160858455402,0.841796608426771,0.797901756038046,"PRKD1",1
"GO:0140101","catalytic activity, acting on a tRNA",0.0050761421319797,"130/18522",0.00769230769230769,0.723233112065599,-0.328333098174109,0.752160858455402,0.841796608426771,0.797901756038046,"TRMT9B",1
"GO:0015085","calcium ion transmembrane transporter activity",0.0050761421319797,"132/18522",0.00757575757575758,0.71227503461006,-0.343967163289291,0.75744186553478,0.845387730897325,0.801305622122464,"TRPV4",1
"GO:0016798","hydrolase activity, acting on glycosyl bonds",0.0050761421319797,"133/18522",0.0075187969924812,0.706919583222014,-0.351703671350897,0.760040231629922,0.845387730897325,0.801305622122464,"CD38",1
"GO:0016810","hydrolase activity, acting on carbon-nitrogen (but not peptide) bonds",0.0050761421319797,"134/18522",0.00746268656716418,0.701644063944238,-0.35938766898843,0.762610902920851,0.845387730897325,0.801305622122464,"RIDA",1
"GO:0003730","mRNA 3'-UTR binding",0.0101522842639594,"259/18522",0.00772200772200772,0.726025517903691,-0.460380875438644,0.764896843676536,0.845387730897325,0.801305622122464,"IGF2BP2/PABPC5",2
"GO:0016614","oxidoreductase activity, acting on CH-OH group of donors",0.0050761421319797,"135/18522",0.00740740740740741,0.696446700507614,-0.367020008831775,0.765154173103829,0.845387730897325,0.801305622122464,"HPGD",1
"GO:0005525","GTP binding",0.0152284263959391,"380/18522",0.00789473684210526,0.742265562383115,-0.526338339125266,0.772527737499934,0.851357098469315,0.806963721502348,"RAB34/GBP4/NPR1",3
"GO:0019903","protein phosphatase binding",0.0050761421319797,"142/18522",0.00704225352112676,0.662114820905126,-0.419067420041571,0.782213861232408,0.857655807239594,0.812933988830902,"MAP3K5",1
"GO:0020037","heme binding",0.0050761421319797,"142/18522",0.00704225352112676,0.662114820905126,-0.419067420041571,0.782213861232408,0.857655807239594,0.812933988830902,"HEBP2",1
"GO:0015078","proton transmembrane transporter activity",0.0050761421319797,"143/18522",0.00699300699300699,0.657484647332363,-0.426314849069292,0.78454813051082,0.858037449064998,0.813295730229737,"SLC18B1",1
"GO:0140098","catalytic activity, acting on RNA",0.0152284263959391,"390/18522",0.00769230769230769,0.723233112065599,-0.572752397808188,0.787444485851722,0.858098630670771,0.813353721566593,"RIDA/FANCM/TRMT9B",3
"GO:0019955","cytokine binding",0.0050761421319797,"145/18522",0.00689655172413793,0.648415893576055,-0.440675864374478,0.789142252839983,0.858098630670771,0.813353721566593,"TGFBR3",1
"GO:0016791","phosphatase activity",0.0101522842639594,"275/18522",0.00727272727272727,0.683784033225658,-0.547769369275675,0.793210414495601,0.858098630670771,0.813353721566593,"NT5E/PTPRK",2
"GO:0015293","symporter activity",0.0050761421319797,"147/18522",0.00680272108843537,0.639593908629442,-0.454862834487578,0.793638900501754,0.858098630670771,0.813353721566593,"SLC6A20",1
"GO:0008017","microtubule binding",0.0101522842639594,"277/18522",0.0072202166064982,0.678846964393703,-0.55837159791451,0.796530783524338,0.858098630670771,0.813353721566593,"TRPV4/KIF17",2
"GO:0019842","vitamin binding",0.0050761421319797,"150/18522",0.00666666666666667,0.626802030456853,-0.475828028752811,0.80020559662186,0.858098630670771,0.813353721566593,"CRABP2",1
"GO:0019001","guanyl nucleotide binding",0.0152284263959391,"401/18522",0.00748129675810474,0.703393799764548,-0.622593623889969,0.802913277951743,0.858098630670771,0.813353721566593,"RAB34/GBP4/NPR1",3
"GO:0032561","guanyl ribonucleotide binding",0.0152284263959391,"401/18522",0.00748129675810474,0.703393799764548,-0.622593623889969,0.802913277951743,0.858098630670771,0.813353721566593,"RAB34/GBP4/NPR1",3
"GO:0031267","small GTPase binding",0.0101522842639594,"281/18522",0.00711743772241993,0.669183662409451,-0.579374164111734,0.80303099990757,0.858098630670771,0.813353721566593,"RAB34/NOXA1",2
"GO:0046906","tetrapyrrole binding",0.0050761421319797,"152/18522",0.00657894736842105,0.618554635319263,-0.489601674898068,0.804467466253847,0.858098630670771,0.813353721566593,"HEBP2",1
"GO:0015081","sodium ion transmembrane transporter activity",0.0050761421319797,"157/18522",0.00636942675159236,0.598855443111643,-0.523357679059967,0.814730548330223,0.866905411031173,0.821701278974479,"SLC6A20",1
"GO:0016853","isomerase activity",0.0050761421319797,"161/18522",0.0062111801242236,0.58397704700949,-0.549699576491825,0.82255366591353,0.872181988950979,0.826702713698662,"ENOX1",1
"GO:0016887","ATP hydrolysis activity",0.0152284263959391,"417/18522",0.00719424460431655,0.67640506883833,-0.692969005556669,0.823727434009258,0.872181988950979,0.826702713698662,"KIF17/HFM1/FANCM",3
"GO:0008757","S-adenosylmethionine-dependent methyltransferase activity",0.0050761421319797,"165/18522",0.00606060606060606,0.569820027688048,-0.57548584075083,0.830048053639324,0.876725572548137,0.831009375539048,"TRMT9B",1
"GO:0051020","GTPase binding",0.0101522842639594,"313/18522",0.00638977635782748,0.600768719287718,-0.738579110289775,0.84873377470236,0.892645864718895,0.846099516022539,"RAB34/NOXA1",2
"GO:0003823","antigen binding",0.0050761421319797,"177/18522",0.00564971751412429,0.531188161404113,-0.649785001347663,0.850693459699195,0.892645864718895,0.846099516022539,"SPON2",1
"GO:1901981","phosphatidylinositol phosphate binding",0.0050761421319797,"178/18522",0.00561797752808989,0.528203958250157,-0.655783689099215,0.852296806030035,0.892645864718895,0.846099516022539,"BTK",1
"GO:0016705","oxidoreductase activity, acting on paired donors, with incorporation or reduction of molecular oxygen",0.0050761421319797,"179/18522",0.00558659217877095,0.525253098148201,-0.661754356432473,0.853883021098291,0.892645864718895,0.846099516022539,"MOXD1",1
"GO:0004721","phosphoprotein phosphatase activity",0.0050761421319797,"180/18522",0.00555555555555556,0.522335025380711,-0.667697334587175,0.855452287022274,0.892645864718895,0.846099516022539,"PTPRK",1
"GO:0140030","modification-dependent protein binding",0.0050761421319797,"187/18522",0.0053475935828877,0.502782377371807,-0.708549500370713,0.865977470943625,0.901406564452558,0.854403395643384,"FAM156A",1
"GO:0019902","phosphatase binding",0.0050761421319797,"189/18522",0.00529100529100529,0.49746192893401,-0.719989957020382,0.868842080741565,0.901406564452558,0.854403395643384,"MAP3K5",1
"GO:0008236","serine-type peptidase activity",0.0050761421319797,"191/18522",0.00523560209424084,0.492252903500146,-0.731331686941537,0.87164576629279,0.901406564452558,0.854403395643384,"DPP6",1
"GO:0003924","GTPase activity",0.0101522842639594,"333/18522",0.00600600600600601,0.564686513925093,-0.831118911436401,0.872194314678632,0.901406564452558,0.854403395643384,"RAB34/GBP4",2
"GO:0017171","serine hydrolase activity",0.0050761421319797,"195/18522",0.00512820512820513,0.482155408043733,-0.7537275645897,0.877075494550143,0.904287860729503,0.857134448888345,"DPP6",1
"GO:0061630","ubiquitin protein ligase activity",0.0101522842639594,"352/18522",0.00568181818181818,0.534206275957545,-0.914809862525761,0.891348750985853,0.916530035525087,0.86873826466681,"DTX4/PDZRN3",2
"GO:0008168","methyltransferase activity",0.0050761421319797,"208/18522",0.00480769230769231,0.452020695041,-0.824038602726625,0.893192465176068,0.916530035525087,0.86873826466681,"TRMT9B",1
"GO:0042578","phosphoric ester hydrolase activity",0.0101522842639594,"363/18522",0.00550964187327824,0.518018206989135,-0.961570914708629,0.901189893716093,0.922545104467659,0.874439682353604,"NT5E/PTPRK",2
"GO:0061659","ubiquitin-like protein ligase activity",0.0101522842639594,"371/18522",0.00539083557951483,0.506848003064841,-0.994857342937956,0.90782046262805,0.927135791620136,0.878790991569768,"DTX4/PDZRN3",2
"GO:0015631","tubulin binding",0.0101522842639594,"383/18522",0.00522193211488251,0.49096764787743,-1.04371383222812,0.916993386255368,0.934295148260186,0.885577028930829,"TRPV4/KIF17",2
"GO:0003713","transcription coactivator activity",0.0050761421319797,"271/18522",0.003690036900369,0.3469383932418,-1.1228941071136,0.946025226147908,0.961606818107991,0.911464552251483,"NRIP1",1
"GO:0035091","phosphatidylinositol binding",0.0050761421319797,"276/18522",0.0036231884057971,0.340653277422203,-1.14426837409048,0.948876320969802,0.962240776194729,0.912065453069565,"BTK",1
"GO:0004842","ubiquitin-protein transferase activity",0.0101522842639594,"450/18522",0.00444444444444444,0.417868020304568,-1.29618784141189,0.954339080494932,0.965514011179885,0.915168007672941,"DTX4/PDZRN3",2
"GO:0031625","ubiquitin protein ligase binding",0.0050761421319797,"305/18522",0.00327868852459016,0.308263293667305,-1.26297760427657,0.962692575359406,0.971689702231924,0.92102167194985,"DET1",1
"GO:0019787","ubiquitin-like protein transferase activity",0.0101522842639594,"481/18522",0.00415800415800416,0.390936817332756,-1.40329158137997,0.965588750194857,0.972341119077339,0.92163912115274,"DTX4/PDZRN3",2
"GO:0044389","ubiquitin-like protein ligase binding",0.0050761421319797,"324/18522",0.00308641975308642,0.290186125211506,-1.33643701697718,0.969658900766478,0.972829373207707,0.92210191563791,"DET1",1
"GO:0016755","aminoacyltransferase activity",0.0101522842639594,"498/18522",0.00401606425702811,0.377591584612562,-1.45984879358114,0.970577453362319,0.972829373207707,0.92210191563791,"DTX4/PDZRN3",2
"GO:0045182","translation regulator activity",0.0050761421319797,"432/18522",0.00231481481481481,0.217639593908629,-1.70597550339328,0.99066751855938,0.99066751855938,0.939009904287522,"IGF2BP2",1
