"","category","subcategory","ID","Description","GeneRatio","BgRatio","RichFactor","FoldEnrichment","zScore","pvalue","p.adjust","qvalue","geneID","Count"
"hsa05217","Human Diseases","Cancer: specific types","hsa05217","Basal cell carcinoma","5/98","63/8546",0.0793650793650794,6.92095885973437,5.08018705498029,0.000743410951243983,0.146451957395065,0.143204425344894,"650/7855/8324/6932/80326",5
"hsa00601","Metabolism","Glycan biosynthesis and metabolism","hsa00601","Glycosphingolipid biosynthesis - lacto and neolacto series","3/98","28/8546",0.107142857142857,9.3432944606414,4.76255372684164,0.00389105850457239,0.259644702966065,0.253887152780069,"8708/79369/6489",3
"hsa04550","Cellular Processes","Cellular community - eukaryotes","hsa04550","Signaling pathways regulating pluripotency of stem cells","6/98","144/8546",0.0416666666666667,3.63350340136054,3.43254239477785,0.00609710765347546,0.259644702966065,0.253887152780069,"7855/8324/9421/5600/6932/80326",6
"hsa04974","Organismal Systems","Digestive system","hsa04974","Protein digestion and absorption","5/98","105/8546",0.0476190476190476,4.15257531584062,3.50070317908244,0.00700362281652243,0.259644702966065,0.253887152780069,"1303/255631/1293/1294/1357",5
"hsa03265","Genetic Information Processing","Information processing in viruses","hsa03265","Virion - Ebolavirus, Lyssavirus and Morbillivirus","2/98","12/8546",0.166666666666667,14.5340136054422,5.05281073805118,0.00797149656644967,0.259644702966065,0.253887152780069,"4685/4804",2
"hsa04390","Environmental Information Processing","Signal transduction","hsa04390","Hippo signaling pathway","6/98","157/8546",0.0382165605095541,3.33264006239438,3.17712701970922,0.00917826136618846,0.259644702966065,0.253887152780069,"650/7855/8324/392255/6932/80326",6
"hsa00760","Metabolism","Metabolism of cofactors and vitamins","hsa00760","Nicotinate and nicotinamide metabolism","3/98","38/8546",0.0789473684210526,6.88453276047261,3.91545431891016,0.00922595391249977,0.259644702966065,0.253887152780069,"54981/84618/4907",3
"hsa04722","Organismal Systems","Nervous system","hsa04722","Neurotrophin signaling pathway","5/98","120/8546",0.0416666666666667,3.63350340136054,3.12900241273071,0.0120909853407184,0.29774051401519,0.291138199651508,"627/814/4217/5600/4804",5
"hsa04610","Organismal Systems","Immune system","hsa04610","Complement and coagulation cascades","4/98","88/8546",0.0454545454545455,3.96382189239332,3.00989756825807,0.0182124664579486,0.371979766101144,0.363731216652468,"5327/5104/5270/7035",4
"hsa04360","Organismal Systems","Development and regeneration","hsa04360","Axon guidance","6/98","184/8546",0.0326086956521739,2.84361135758651,2.72279737735959,0.0188822216294997,0.371979766101144,0.363731216652468,"1948/57689/25791/9423/54437/10500",6
"hsa04750","Organismal Systems","Sensory system","hsa04750","Inflammatory mediator regulation of TRP channels","4/98","99/8546",0.0404040404040404,3.52339723768295,2.7198446077464,0.0267480391846199,0.468174208623417,0.45779257375413,"41/55515/5600/8989",4
"hsa04916","Organismal Systems","Endocrine system","hsa04916","Melanogenesis","4/98","101/8546",0.0396039603960396,3.4536269953526,2.67153900852073,0.028518225905995,0.468174208623417,0.45779257375413,"7855/8324/6932/80326",4
"hsa04514","Environmental Information Processing","Signaling molecules and interaction","hsa04514","Cell adhesion molecules","5/98","160/8546",0.03125,2.72512755102041,2.37244357492686,0.0365130748700814,0.553313519185079,0.54104394341902,"23705/102723996/57689/4685/5789",5
"hsa04310","Environmental Information Processing","Signal transduction","hsa04310","Wnt signaling pathway","5/98","174/8546",0.028735632183908,2.50586441473141,2.16141421631036,0.0493544081971254,0.678674811747323,0.663625383648197,"164284/7855/8324/6932/80326",5
"hsa04215","Cellular Processes","Cell growth and death","hsa04215","Apoptosis - multiple species","2/98","32/8546",0.0625,5.45025510204082,2.71634664749911,0.0516757470873596,0.678674811747323,0.663625383648197,"56616/4804",2
"hsa00350","Metabolism","Amino acid metabolism","hsa00350","Tyrosine metabolism","2/98","36/8546",0.0555555555555556,4.84467120181406,2.48964711288523,0.0637453668961851,0.775234021550212,0.758043419415916,"1621/4128",2
"hsa00250","Metabolism","Amino acid metabolism","hsa00250","Alanine, aspartate and glutamate metabolism","2/98","37/8546",0.0540540540540541,4.71373414230557,2.43817306578241,0.0668983673418964,0.775234021550212,0.758043419415916,"1373/339983",2
"hsa05202","Human Diseases","Cancer: overview","hsa05202","Transcriptional misregulation in cancer","5/98","198/8546",0.0252525252525253,2.20212327355185,1.84324260007409,0.0768756988625169,0.775322626879407,0.758130059946201,"54738/4613/4804/8013/5327",5
"hsa00260","Metabolism","Amino acid metabolism","hsa00260","Glycine, serine and threonine metabolism","2/98","41/8546",0.0487804878048781,4.25385764061722,2.24928991679749,0.0800051657385573,0.775322626879407,0.758130059946201,"4128/1757",2
"hsa04936","Human Diseases","Endocrine and metabolic disease","hsa04936","Alcoholic liver disease","4/98","144/8546",0.0277777777777778,2.42233560090703,1.85389061855508,0.0832568823201281,0.775322626879407,0.758130059946201,"4217/5600/6720/6932",4
"hsa05165","Human Diseases","Infectious disease: viral","hsa05165","Human papillomavirus infection","7/98","333/8546",0.021021021021021,1.83311883311883,1.67020691019248,0.0873382814847301,0.775322626879407,0.758130059946201,"1293/7855/8324/3955/6932/63923/80326",7
"hsa05224","Human Diseases","Cancer: specific types","hsa05224","Breast cancer","4/98","148/8546",0.027027027027027,2.35686707115279,1.79338009163601,0.0899272232516672,0.775322626879407,0.758130059946201,"7855/8324/6932/80326",4
"hsa05226","Human Diseases","Cancer: specific types","hsa05226","Gastric cancer","4/98","150/8546",0.0266666666666667,2.32544217687075,1.7638527214801,0.0933567834257554,0.775322626879407,0.758130059946201,"7855/8324/6932/80326",4
"hsa00514","Metabolism","Glycan biosynthesis and metabolism","hsa00514","Other types of O-glycan biosynthesis","2/98","47/8546",0.0425531914893617,3.71081198436822,2.00704232038874,0.100986863241913,0.775322626879407,0.758130059946201,"57452/3955",2
"hsa04934","Human Diseases","Endocrine and metabolic disease","hsa04934","Cushing syndrome","4/98","155/8546",0.0258064516129032,2.25042791310072,1.69203665536179,0.102199712793844,0.775322626879407,0.758130059946201,"7855/8324/6932/80326",4
"hsa04925","Organismal Systems","Endocrine system","hsa04925","Aldosterone synthesis and secretion","3/98","98/8546",0.0306122448979592,2.6695127030404,1.79026751742454,0.102326844156673,0.775322626879407,0.758130059946201,"814/4881/5587",3
"hsa05030","Human Diseases","Substance dependence","hsa05030","Cocaine addiction","2/98","49/8546",0.0408163265306122,3.55935027072053,1.93502721207271,0.108288548500996,0.784811902970585,0.767408913938644,"627/4128",2
"hsa04060","Environmental Information Processing","Signaling molecules and interaction","hsa04060","Cytokine-cytokine receptor interaction","6/98","298/8546",0.0201342281879195,1.75578687850979,1.43029385370494,0.126851768937774,0.784811902970585,0.767408913938644,"650/392255/53832/3566/4804/7293",6
"hsa04350","Environmental Information Processing","Signal transduction","hsa04350","TGF-beta signaling pathway","3/98","108/8546",0.0277777777777778,2.42233560090703,1.60208781204855,0.12688014723598,0.784811902970585,0.767408913938644,"650/392255/7018",3
"hsa04659","Organismal Systems","Immune system","hsa04659","Th17 cell differentiation","3/98","109/8546",0.0275229357798165,2.40011233851339,1.58443426555641,0.129444119625061,0.784811902970585,0.767408913938644,"3566/5600/6097",3
"hsa04010","Environmental Information Processing","Signal transduction","hsa04010","MAPK signaling pathway","6/98","300/8546",0.02,1.74408163265306,1.4130309199848,0.129781229331298,0.784811902970585,0.767408913938644,"627/4217/5600/23542/4804/7424",6
"hsa05225","Human Diseases","Cancer: specific types","hsa05225","Hepatocellular carcinoma","4/98","170/8546",0.0235294117647059,2.05186074429772,1.49195763946647,0.130913869240044,0.784811902970585,0.767408913938644,"7855/8324/6932/80326",4
"hsa00240","Metabolism","Nucleotide metabolism","hsa00240","Pyrimidine metabolism","2/98","58/8546",0.0344827586206897,3.00703729767769,1.6518053688642,0.142696163372984,0.784811902970585,0.767408913938644,"84618/4907",2
"hsa00533","Metabolism","Glycan biosynthesis and metabolism","hsa00533","Glycosaminoglycan biosynthesis - keratan sulfate","1/98","14/8546",0.0714285714285714,6.22886297376093,2.10881253396307,0.149213615039301,0.784811902970585,0.767408913938644,"8534",1
"hsa04668","Environmental Information Processing","Signal transduction","hsa04668","TNF signaling pathway","3/98","119/8546",0.0252100840336134,2.19842222603327,1.41787830498742,0.156050656337874,0.784811902970585,0.767408913938644,"4217/5600/7424",3
"hsa04330","Environmental Information Processing","Signal transduction","hsa04330","Notch signaling pathway","2/98","62/8546",0.032258064516129,2.81303489137591,1.54309902077247,0.158654064663253,0.784811902970585,0.767408913938644,"23220/3955",2
"hsa00604","Metabolism","Glycan biosynthesis and metabolism","hsa00604","Glycosphingolipid biosynthesis - ganglio series","1/98","15/8546",0.0666666666666667,5.81360544217687,2.00959372895053,0.158985891847336,0.784811902970585,0.767408913938644,"6489",1
"hsa04071","Environmental Information Processing","Signal transduction","hsa04071","Sphingolipid signaling pathway","3/98","122/8546",0.0245901639344262,2.14436266309803,1.37112337489506,0.164346984653509,0.784811902970585,0.767408913938644,"4217/5600/4985",3
"hsa04660","Organismal Systems","Immune system","hsa04660","T cell receptor signaling pathway","3/98","122/8546",0.0245901639344262,2.14436266309803,1.37112337489506,0.164346984653509,0.784811902970585,0.767408913938644,"84433/868/5600",3
"hsa00360","Metabolism","Amino acid metabolism","hsa00360","Phenylalanine metabolism","1/98","16/8546",0.0625,5.45025510204082,1.91894488485655,0.168647054969943,0.784811902970585,0.767408913938644,"4128",1
"hsa00603","Metabolism","Glycan biosynthesis and metabolism","hsa00603","Glycosphingolipid biosynthesis - globo and isoglobo series","1/98","16/8546",0.0625,5.45025510204082,1.91894488485655,0.168647054969943,0.784811902970585,0.767408913938644,"6489",1
"hsa05321","Human Diseases","Immune disease","hsa05321","Inflammatory bowel disease","2/98","66/8546",0.0303030303030303,2.64254792826221,1.4427271717892,0.174927157734496,0.784811902970585,0.767408913938644,"3566/6097",2
"hsa00910","Metabolism","Energy metabolism","hsa00910","Nitrogen metabolism","1/98","17/8546",0.0588235294117647,5.1296518607443,1.835612318143,0.178198354924567,0.784811902970585,0.767408913938644,"1373",1
"hsa03273",NA,NA,"hsa03273","Virion - Lassa virus and SFTS virus","1/98","17/8546",0.0588235294117647,5.1296518607443,1.835612318143,0.178198354924567,0.784811902970585,0.767408913938644,"64881",1
"hsa00230","Metabolism","Nucleotide metabolism","hsa00230","Purine metabolism","3/98","128/8546",0.0234375,2.04384566326531,1.28153046292486,0.181321790528554,0.784811902970585,0.767408913938644,"4881/84618/4907",3
"hsa04924","Organismal Systems","Endocrine system","hsa04924","Renin secretion","2/98","69/8546",0.0289855072463768,2.5276545400769,1.37221046677361,0.187302545222409,0.784811902970585,0.767408913938644,"358/4881",2
"hsa05031","Human Diseases","Substance dependence","hsa05031","Amphetamine addiction","2/98","69/8546",0.0289855072463768,2.5276545400769,1.37221046677361,0.187302545222409,0.784811902970585,0.767408913938644,"814/4128",2
"hsa04510","Cellular Processes","Cellular community - eukaryotes","hsa04510","Focal adhesion","4/98","203/8546",0.0197044334975369,1.7183070272444,1.11555023268506,0.203832883121313,0.784811902970585,0.767408913938644,"81/1293/63923/7424",4
"hsa05205","Human Diseases","Cancer: overview","hsa05205","Proteoglycans in cancer","4/98","204/8546",0.0196078431372549,1.70988395358143,1.10524731644645,0.206212837885874,0.784811902970585,0.767408913938644,"7855/8324/5600/80326",4
"hsa04371","Environmental Information Processing","Signal transduction","hsa04371","Apelin signaling pathway","3/98","140/8546",0.0214285714285714,1.86865889212828,1.11611954532187,0.21656976324271,0.784811902970585,0.767408913938644,"8862/814/5327",3
"hsa05418","Human Diseases","Cardiovascular disease","hsa05418","Fluid shear stress and atherosclerosis","3/98","141/8546",0.0212765957446809,1.85540599218411,1.103075158824,0.219572972016169,0.784811902970585,0.767408913938644,"4217/5600/5327",3
"hsa00340","Metabolism","Amino acid metabolism","hsa00340","Histidine metabolism","1/98","22/8546",0.0454545454545455,3.96382189239332,1.49911117060562,0.22434970882003,0.784811902970585,0.767408913938644,"4128",1
"hsa03018","Genetic Information Processing","Folding, sorting and degradation","hsa03018","RNA degradation","2/98","78/8546",0.0256410256410256,2.23600209314495,1.18104977625008,0.225060573645391,0.784811902970585,0.767408913938644,"196513/140886",2
"hsa04015","Environmental Information Processing","Signal transduction","hsa04015","Rap1 signaling pathway","4/98","212/8546",0.0188679245283019,1.64536003080477,1.0247911491079,0.225538904611897,0.784811902970585,0.767408913938644,"5600/4804/5587/7424",4
"hsa04380","Organismal Systems","Development and regeneration","hsa04380","Osteoclast differentiation","3/98","143/8546",0.020979020979021,1.82945625802769,1.07729946426378,0.225605440762912,0.784811902970585,0.767408913938644,"814/2355/5600",3
"hsa00220","Metabolism","Amino acid metabolism","hsa00220","Arginine biosynthesis","1/98","23/8546",0.0434782608695652,3.79148181011535,1.44375863528373,0.233267321271419,0.784811902970585,0.767408913938644,"1373",1
"hsa00515","Metabolism","Glycan biosynthesis and metabolism","hsa00515","Mannose type O-glycan biosynthesis","1/98","23/8546",0.0434782608695652,3.79148181011535,1.44375863528373,0.233267321271419,0.784811902970585,0.767408913938644,"146664",1
"hsa04964","Organismal Systems","Excretory system","hsa04964","Proximal tubule bicarbonate reclamation","1/98","23/8546",0.0434782608695652,3.79148181011535,1.44375863528373,0.233267321271419,0.784811902970585,0.767408913938644,"358",1
"hsa04151","Environmental Information Processing","Signal transduction","hsa04151","PI3K-Akt signaling pathway","6/98","362/8546",0.0165745856353591,1.44537151877326,0.932579864787339,0.235045189214541,0.784811902970585,0.767408913938644,"627/1293/3566/4804/63923/7424",6
"hsa01232","Metabolism","Global and overview maps","hsa01232","Nucleotide metabolism","2/98","85/8546",0.0235294117647059,2.05186074429772,1.0496608071101,0.254814862118533,0.824879871384744,0.806588386125611,"84618/4907",2
"hsa04024","Environmental Information Processing","Signal transduction","hsa04024","cAMP signaling pathway","4/98","226/8546",0.0176991150442478,1.5434350731443,0.891727868302216,0.26040985383316,0.824879871384744,0.806588386125611,"627/814/4881/6752",4
"hsa04932","Human Diseases","Endocrine and metabolic disease","hsa04932","Non-alcoholic fatty liver disease","3/98","157/8546",0.0191082802547771,1.66632003119719,0.907548236446332,0.268629155632142,0.824879871384744,0.806588386125611,"4217/5600/6720",3
"hsa04150","Environmental Information Processing","Signal transduction","hsa04150","mTOR signaling pathway","3/98","158/8546",0.0189873417721519,1.65577370188582,0.896077242522476,0.271744188973851,0.824879871384744,0.806588386125611,"7855/8324/80326",3
"hsa04512","Environmental Information Processing","Signaling molecules and interaction","hsa04512","ECM-receptor interaction","2/98","89/8546",0.0224719101123595,1.95964228387984,0.980140494550002,0.271871153882911,0.824879871384744,0.806588386125611,"1293/63923",2
"hsa04820",NA,NA,"hsa04820","Cytoskeleton in muscle cells","4/98","232/8546",0.0172413793103448,1.50351864883885,0.837426425713208,0.275681716326239,0.824879871384744,0.806588386125611,"255631/1293/27295/7139",4
"hsa00062","Metabolism","Lipid metabolism","hsa00062","Fatty acid elongation","1/98","28/8546",0.0357142857142857,3.11443148688047,1.20696849493908,0.276355692951234,0.824879871384744,0.806588386125611,"284486",1
"hsa04714","Organismal Systems","Environmental adaptation","hsa04714","Thermogenesis","4/98","235/8546",0.0170212765957447,1.48432479374729,0.810841766171583,0.283376381989197,0.824886733244814,0.806595095825814,"10063/4217/5600/4881",4
"hsa04520","Cellular Processes","Cellular community - eukaryotes","hsa04520","Adherens junction","2/98","93/8546",0.021505376344086,1.8753565942506,0.914140954620474,0.288919718750722,0.824886733244814,0.806595095825814,"81/6932",2
"hsa04658","Organismal Systems","Immune system","hsa04658","Th1 and Th2 cell differentiation","2/98","93/8546",0.021505376344086,1.8753565942506,0.914140954620474,0.288919718750722,0.824886733244814,0.806595095825814,"3566/5600",2
"hsa04022","Environmental Information Processing","Signal transduction","hsa04022","cGMP-PKG signaling pathway","3/98","166/8546",0.0180722891566265,1.57597737890337,0.807104150469541,0.296795046500994,0.83526605943851,0.816744263303486,"3764/4881/4985",3
"hsa00630","Metabolism","Carbohydrate metabolism","hsa00630","Glyoxylate and dicarboxylate metabolism","1/98","32/8546",0.03125,2.72512755102041,1.05298333068001,0.309093288603333,0.837030217705126,0.818469301843645,"84532",1
"hsa00640","Metabolism","Carbohydrate metabolism","hsa00640","Propanoate metabolism","1/98","32/8546",0.03125,2.72512755102041,1.05298333068001,0.309093288603333,0.837030217705126,0.818469301843645,"84532",1
"hsa05215","Human Diseases","Cancer: specific types","hsa05215","Prostate cancer","2/98","98/8546",0.0204081632653061,1.77967513536027,0.836068552480665,0.310168557829818,0.837030217705126,0.818469301843645,"5327/6932",2
"hsa04933","Human Diseases","Endocrine and metabolic disease","hsa04933","AGE-RAGE signaling pathway in diabetic complications","2/98","101/8546",0.0198019801980198,1.7268134976763,0.791363403907523,0.322861994111471,0.853424940829214,0.834500476472061,"5600/7424",2
"hsa04710","Organismal Systems","Environmental adaptation","hsa04710","Circadian rhythm","1/98","34/8546",0.0294117647058824,2.56482593037215,0.984649815639196,0.324907972396909,0.853424940829214,0.834500476472061,"6097",1
"hsa04625","Organismal Systems","Immune system","hsa04625","C-type lectin receptor signaling pathway","2/98","105/8546",0.019047619047619,1.66103012633625,0.734025370657176,0.339697151931023,0.870802098439001,0.85149230037049,"868/5600",2
"hsa00512","Metabolism","Glycan biosynthesis and metabolism","hsa00512","Mucin type O-glycan biosynthesis","1/98","36/8546",0.0277777777777778,2.42233560090703,0.921044619025219,0.340364271978696,0.870802098439001,0.85149230037049,"57452",1
"hsa05216","Human Diseases","Cancer: specific types","hsa05216","Thyroid cancer","1/98","37/8546",0.027027027027027,2.35686707115279,0.890822180576967,0.347960547107496,0.878823433079189,0.85933576411163,"6932",1
"hsa00670","Metabolism","Metabolism of cofactors and vitamins","hsa00670","One carbon pool by folate","1/98","39/8546",0.0256410256410256,2.23600209314495,0.833211800550476,0.362894288815947,0.892944929397904,0.873144120116571,"1757",1
"hsa05034","Human Diseases","Substance dependence","hsa05034","Alcoholism","3/98","188/8546",0.0159574468085106,1.39155449413808,0.584671699925358,0.366095711641126,0.892944929397904,0.873144120116571,"627/814/4128",3
"hsa04621","Organismal Systems","Immune system","hsa04621","NOD-like receptor signaling pathway","3/98","189/8546",0.0158730158730159,1.38419177194687,0.575235763767431,0.369234861029517,0.892944929397904,0.873144120116571,"2634/115361/5600",3
"hsa00380","Metabolism","Amino acid metabolism","hsa00380","Tryptophan metabolism","1/98","42/8546",0.0238095238095238,2.07628765792031,0.753066794465455,0.384662373509234,0.892944929397904,0.873144120116571,"4128",1
"hsa04216","Cellular Processes","Cell growth and death","hsa04216","Ferroptosis","1/98","42/8546",0.0238095238095238,2.07628765792031,0.753066794465455,0.384662373509234,0.892944929397904,0.873144120116571,"7018",1
"hsa01200","Metabolism","Global and overview maps","hsa01200","Carbon metabolism","2/98","116/8546",0.0172413793103448,1.50351864883885,0.588061688066724,0.385280807100618,0.892944929397904,0.873144120116571,"84532/1373",2
"hsa04670","Organismal Systems","Immune system","hsa04670","Leukocyte transendothelial migration","2/98","116/8546",0.0172413793103448,1.50351864883885,0.588061688066724,0.385280807100618,0.892944929397904,0.873144120116571,"81/5600",2
"hsa04935","Organismal Systems","Endocrine system","hsa04935","Growth hormone synthesis, secretion and action","2/98","122/8546",0.0163934426229508,1.42957510873202,0.514697387330873,0.409588869133501,0.904678526425964,0.884617527843716,"5600/6752",2
"hsa00620","Metabolism","Carbohydrate metabolism","hsa00620","Pyruvate metabolism","1/98","47/8546",0.0212765957446809,1.85540599218411,0.633329067942627,0.419318236851058,0.904678526425964,0.884617527843716,"84532",1
"hsa00330","Metabolism","Amino acid metabolism","hsa00330","Arginine and proline metabolism","1/98","50/8546",0.02,1.74408163265306,0.568316746302637,0.43917693754254,0.904678526425964,0.884617527843716,"4128",1
"hsa04672","Organismal Systems","Immune system","hsa04672","Intestinal immune network for IgA production","1/98","50/8546",0.02,1.74408163265306,0.568316746302637,0.43917693754254,0.904678526425964,0.884617527843716,"102723996",1
"hsa04926","Organismal Systems","Endocrine system","hsa04926","Relaxin signaling pathway","2/98","130/8546",0.0153846153846154,1.34160125588697,0.422698191987116,0.44126623533168,0.904678526425964,0.884617527843716,"5600/7424",2
"hsa04728","Organismal Systems","Nervous system","hsa04728","Dopaminergic synapse","2/98","132/8546",0.0151515151515152,1.32127396413111,0.400639128539916,0.449043123708218,0.904678526425964,0.884617527843716,"4128/5600",2
"hsa05417","Human Diseases","Cardiovascular disease","hsa05417","Lipid and atherosclerosis","3/98","216/8546",0.0138888888888889,1.21116780045351,0.338551069380288,0.452510702098572,0.904678526425964,0.884617527843716,"4217/5600/7436",3
"hsa04081",NA,NA,"hsa04081","Hormone signaling","3/98","219/8546",0.0136986301369863,1.19457646072127,0.314166731174808,0.461518265297514,0.904678526425964,0.884617527843716,"4881/4985/6752",3
"hsa04210","Cellular Processes","Cell growth and death","hsa04210","Apoptosis","2/98","137/8546",0.0145985401459854,1.27305228660807,0.346997258735449,0.468220125873941,0.904678526425964,0.884617527843716,"56616/4217",2
"hsa00510","Metabolism","Glycan biosynthesis and metabolism","hsa00510","N-Glycan biosynthesis","1/98","55/8546",0.0181818181818182,1.58552875695733,0.469183004954409,0.470791598590051,0.904678526425964,0.884617527843716,"146664",1
"hsa04910","Organismal Systems","Endocrine system","hsa04910","Insulin signaling pathway","2/98","138/8546",0.0144927536231884,1.26382727003845,0.336515439043758,0.472008792018206,0.904678526425964,0.884617527843716,"868/6720",2
"hsa04340","Environmental Information Processing","Signal transduction","hsa04340","Hedgehog signaling pathway","1/98","56/8546",0.0178571428571429,1.55721574344023,0.450563145995626,0.476899527377965,0.904678526425964,0.884617527843716,"57758",1
"hsa05134","Human Diseases","Infectious disease: bacterial","hsa05134","Legionellosis","1/98","56/8546",0.0178571428571429,1.55721574344023,0.450563145995626,0.476899527377965,0.904678526425964,0.884617527843716,"3297",1
"hsa05022","Human Diseases","Neurodegenerative disease","hsa05022","Pathways of neurodegeneration - multiple diseases","6/98","483/8546",0.0124223602484472,1.08328051717581,0.202936781222924,0.480866087706197,0.904678526425964,0.884617527843716,"627/7855/8324/4217/5600/80326",6
"hsa05208","Human Diseases","Cancer: overview","hsa05208","Chemical carcinogenesis - reactive oxygen species","3/98","227/8546",0.013215859030837,1.15247684977075,0.250768738905579,0.485227597305641,0.904678526425964,0.884617527843716,"4217/5600/5587",3
"hsa05017","Human Diseases","Neurodegenerative disease","hsa05017","Spinocerebellar ataxia","2/98","144/8546",0.0138888888888889,1.21116780045351,0.27523884233231,0.494401920801147,0.904678526425964,0.884617527843716,"4217/7436",2
"hsa04923","Organismal Systems","Endocrine system","hsa04923","Regulation of lipolysis in adipocytes","1/98","59/8546",0.0169491525423729,1.47803528190937,0.396826781724533,0.494807755532233,0.904678526425964,0.884617527843716,"4881",1
"hsa05213","Human Diseases","Cancer: specific types","hsa05213","Endometrial cancer","1/98","59/8546",0.0169491525423729,1.47803528190937,0.396826781724533,0.494807755532233,0.904678526425964,0.884617527843716,"6932",1
"hsa04370","Environmental Information Processing","Signal transduction","hsa04370","VEGF signaling pathway","1/98","60/8546",0.0166666666666667,1.45340136054422,0.379576266046774,0.500641246749135,0.904678526425964,0.884617527843716,"5600",1
"hsa04978","Organismal Systems","Digestive system","hsa04978","Mineral absorption","1/98","61/8546",0.0163934426229508,1.42957510873202,0.362635420504058,0.506408057710552,0.904678526425964,0.884617527843716,"7018",1
"hsa04014","Environmental Information Processing","Signal transduction","hsa04014","Ras signaling pathway","3/98","238/8546",0.0126050420168067,1.09921111301664,0.16718321600531,0.517011133468104,0.904678526425964,0.884617527843716,"627/4804/7424",3
"hsa00310","Metabolism","Amino acid metabolism","hsa00310","Lysine degradation","1/98","63/8546",0.0158730158730159,1.38419177194687,0.329636822803733,0.517744648123172,0.904678526425964,0.884617527843716,"10157",1
"hsa04261","Organismal Systems","Circulatory system","hsa04261","Adrenergic signaling in cardiomyocytes","2/98","154/8546",0.012987012987013,1.13252054068381,0.178732257471312,0.5303818783395,0.904678526425964,0.884617527843716,"5600/7139",2
"hsa04921","Organismal Systems","Endocrine system","hsa04921","Oxytocin signaling pathway","2/98","155/8546",0.0129032258064516,1.12521395655036,0.16943528053586,0.533884743235669,0.904678526425964,0.884617527843716,"814/4881",2
"hsa00010","Metabolism","Carbohydrate metabolism","hsa00010","Glycolysis / Gluconeogenesis","1/98","67/8546",0.0149253731343284,1.30155345720378,0.266883370880991,0.539650299842288,0.904678526425964,0.884617527843716,"84532",1
"hsa04720","Organismal Systems","Nervous system","hsa04720","Long-term potentiation","1/98","67/8546",0.0149253731343284,1.30155345720378,0.266883370880991,0.539650299842288,0.904678526425964,0.884617527843716,"814",1
"hsa04148","Cellular Processes","Transport and catabolism","hsa04148","Efferocytosis","2/98","157/8546",0.0127388535031847,1.11088002079813,0.151021975358705,0.540837642127995,0.904678526425964,0.884617527843716,"338440/5600",2
"hsa00830","Metabolism","Metabolism of cofactors and vitamins","hsa00830","Retinol metabolism","1/98","68/8546",0.0147058823529412,1.28241296518607,0.251816683420512,0.544971006366107,0.904678526425964,0.884617527843716,"220",1
"hsa05221","Human Diseases","Cancer: specific types","hsa05221","Acute myeloid leukemia","1/98","68/8546",0.0147058823529412,1.28241296518607,0.251816683420512,0.544971006366107,0.904678526425964,0.884617527843716,"6932",1
"hsa04664","Organismal Systems","Immune system","hsa04664","Fc epsilon RI signaling pathway","1/98","69/8546",0.0144927536231884,1.26382727003845,0.236981943148512,0.550230836677043,0.904678526425964,0.884617527843716,"5600",1
"hsa04917","Organismal Systems","Endocrine system","hsa04917","Prolactin signaling pathway","1/98","71/8546",0.0140845070422535,1.22822650186835,0.20797805547485,0.560570618567575,0.904678526425964,0.884617527843716,"5600",1
"hsa05120","Human Diseases","Infectious disease: bacterial","hsa05120","Epithelial cell signaling in Helicobacter pylori infection","1/98","71/8546",0.0140845070422535,1.22822650186835,0.20797805547485,0.560570618567575,0.904678526425964,0.884617527843716,"5600",1
"hsa04622","Organismal Systems","Immune system","hsa04622","RIG-I-like receptor signaling pathway","1/98","72/8546",0.0138888888888889,1.21116780045351,0.193794672284532,0.565651925869094,0.904678526425964,0.884617527843716,"5600",1
"hsa00982","Metabolism","Xenobiotics biodegradation and metabolism","hsa00982","Drug metabolism - cytochrome P450","1/98","73/8546",0.0136986301369863,1.19457646072127,0.179814721661507,0.570675068572048,0.904678526425964,0.884617527843716,"4128",1
"hsa04630","Environmental Information Processing","Signal transduction","hsa04630","JAK-STAT signaling pathway","2/98","168/8546",0.0119047619047619,1.03814382896016,0.0537775320720468,0.577802679645892,0.904678526425964,0.884617527843716,"53832/3566",2
"hsa01230","Metabolism","Global and overview maps","hsa01230","Biosynthesis of amino acids","1/98","75/8546",0.0133333333333333,1.16272108843537,0.152440108837574,0.580549488837091,0.904678526425964,0.884617527843716,"1373",1
"hsa01524","Human Diseases","Drug resistance: antineoplastic","hsa01524","Platinum drug resistance","1/98","75/8546",0.0133333333333333,1.16272108843537,0.152440108837574,0.580549488837091,0.904678526425964,0.884617527843716,"4217",1
"hsa04115","Cellular Processes","Cell growth and death","hsa04115","p53 signaling pathway","1/98","75/8546",0.0133333333333333,1.16272108843537,0.152440108837574,0.580549488837091,0.904678526425964,0.884617527843716,"51246",1
"hsa04530","Cellular Processes","Cellular community - eukaryotes","hsa04530","Tight junction","2/98","170/8546",0.0117647058823529,1.02593037214886,0.0367795994207666,0.584289207524211,0.904678526425964,0.884617527843716,"81/4217",2
"hsa04971","Organismal Systems","Digestive system","hsa04971","Gastric acid secretion","1/98","76/8546",0.0131578947368421,1.14742212674543,0.139033636428714,0.585402062334194,0.904678526425964,0.884617527843716,"6752",1
"hsa05214","Human Diseases","Cancer: specific types","hsa05214","Glioma","1/98","76/8546",0.0131578947368421,1.14742212674543,0.139033636428714,0.585402062334194,0.904678526425964,0.884617527843716,"814",1
"hsa05133","Human Diseases","Infectious disease: bacterial","hsa05133","Pertussis","1/98","78/8546",0.0128205128205128,1.11800104657248,0.112754752135645,0.594941121572624,0.904678526425964,0.884617527843716,"5600",1
"hsa05140","Human Diseases","Infectious disease: parasitic","hsa05140","Leishmaniasis","1/98","79/8546",0.0126582278481013,1.10384913459055,0.0998720044427684,0.599628860127877,0.904678526425964,0.884617527843716,"5600",1
"hsa04146","Cellular Processes","Transport and catabolism","hsa04146","Peroxisome","1/98","83/8546",0.0120481927710843,1.05065158593558,0.0499415529190924,0.617848831322438,0.904678526425964,0.884617527843716,"1891",1
"hsa04012","Environmental Information Processing","Signal transduction","hsa04012","ErbB signaling pathway","1/98","86/8546",0.0116279069767442,1.0140009492169,0.0140544431537437,0.630972950096594,0.904678526425964,0.884617527843716,"868",1
"hsa05412","Human Diseases","Cardiovascular disease","hsa05412","Arrhythmogenic right ventricular cardiomyopathy","1/98","86/8546",0.0116279069767442,1.0140009492169,0.0140544431537437,0.630972950096594,0.904678526425964,0.884617527843716,"6932",1
"hsa04260","Organismal Systems","Circulatory system","hsa04260","Cardiac muscle contraction","1/98","87/8546",0.0114942528735632,1.00234576589256,0.00236851914736703,0.635247731525735,0.904678526425964,0.884617527843716,"7139",1
"hsa05210","Human Diseases","Cancer: specific types","hsa05210","Colorectal cancer","1/98","87/8546",0.0114942528735632,1.00234576589256,0.00236851914736703,0.635247731525735,0.904678526425964,0.884617527843716,"6932",1
"hsa04211","Organismal Systems","Aging","hsa04211","Longevity regulating pathway","1/98","90/8546",0.0111111111111111,0.968934240362812,-0.0319089757566993,0.647780179602688,0.904678526425964,0.884617527843716,"814",1
"hsa04976","Organismal Systems","Digestive system","hsa04976","Bile secretion","1/98","90/8546",0.0111111111111111,0.968934240362812,-0.0319089757566993,0.647780179602688,0.904678526425964,0.884617527843716,"358",1
"hsa05235","Human Diseases","Cancer: overview","hsa05235","PD-L1 expression and PD-1 checkpoint pathway in cancer","1/98","90/8546",0.0111111111111111,0.968934240362812,-0.0319089757566993,0.647780179602688,0.904678526425964,0.884617527843716,"5600",1
"hsa04662","Organismal Systems","Immune system","hsa04662","B cell receptor signaling pathway","1/98","91/8546",0.010989010989011,0.958286611347836,-0.0430855340895082,0.65186219738875,0.904678526425964,0.884617527843716,"84433",1
"hsa04912","Organismal Systems","Endocrine system","hsa04912","GnRH signaling pathway","1/98","93/8546",0.010752688172043,0.937678297125302,-0.0650829859895248,0.659886271887867,0.904678526425964,0.884617527843716,"5600",1
"hsa05167","Human Diseases","Infectious disease: viral","hsa05167","Kaposi sarcoma-associated herpesvirus infection","2/98","196/8546",0.0102040816326531,0.889837567680133,-0.168039133350718,0.662011179800373,0.904678526425964,0.884617527843716,"5600/6932",2
"hsa05010","Human Diseases","Neurodegenerative disease","hsa05010","Alzheimer disease","4/98","391/8546",0.010230179028133,0.892113367085965,-0.235199369934307,0.662287563586562,0.904678526425964,0.884617527843716,"7855/8324/4217/80326",4
"hsa04814","Cellular Processes","Cell motility","hsa04814","Motor proteins","2/98","197/8546",0.0101522842639594,0.885320625712214,-0.175385350907899,0.664757514048876,0.904678526425964,0.884617527843716,"57576/7139",2
"hsa04657","Organismal Systems","Immune system","hsa04657","IL-17 signaling pathway","1/98","95/8546",0.0105263157894737,0.917937701396348,-0.0866250599473462,0.66772724708808,0.904678526425964,0.884617527843716,"5600",1
"hsa01522","Human Diseases","Drug resistance: antineoplastic","hsa01522","Endocrine resistance","1/98","99/8546",0.0101010101010101,0.880849309420738,-0.12842661410648,0.682876351104689,0.904678526425964,0.884617527843716,"5600",1
"hsa05410","Human Diseases","Cardiovascular disease","hsa05410","Hypertrophic cardiomyopathy","1/98","99/8546",0.0101010101010101,0.880849309420738,-0.12842661410648,0.682876351104689,0.904678526425964,0.884617527843716,"7139",1
"hsa04061","Environmental Information Processing","Signaling molecules and interaction","hsa04061","Viral protein interaction with cytokine and cytokine receptor","1/98","100/8546",0.01,0.872040816326531,-0.13862387703531,0.686555541064644,0.904678526425964,0.884617527843716,"53832",1
"hsa04640","Organismal Systems","Immune system","hsa04640","Hematopoietic cell lineage","1/98","100/8546",0.01,0.872040816326531,-0.13862387703531,0.686555541064644,0.904678526425964,0.884617527843716,"3566",1
"hsa03015","Genetic Information Processing","Translation","hsa03015","mRNA surveillance pathway","1/98","103/8546",0.00970873786407767,0.846641569249059,-0.168643649711934,0.697341499938863,0.904678526425964,0.884617527843716,"140886",1
"hsa05142","Human Diseases","Infectious disease: parasitic","hsa05142","Chagas disease","1/98","103/8546",0.00970873786407767,0.846641569249059,-0.168643649711934,0.697341499938863,0.904678526425964,0.884617527843716,"5600",1
"hsa05146","Human Diseases","Infectious disease: parasitic","hsa05146","Amoebiasis","1/98","103/8546",0.00970873786407767,0.846641569249059,-0.168643649711934,0.697341499938863,0.904678526425964,0.884617527843716,"81",1
"hsa04064","Environmental Information Processing","Signal transduction","hsa04064","NF-kappa B signaling pathway","1/98","105/8546",0.00952380952380952,0.830515063168124,-0.18820056548458,0.704327199512314,0.904678526425964,0.884617527843716,"84433",1
"hsa05414","Human Diseases","Cardiovascular disease","hsa05414","Dilated cardiomyopathy","1/98","105/8546",0.00952380952380952,0.830515063168124,-0.18820056548458,0.704327199512314,0.904678526425964,0.884617527843716,"7139",1
"hsa04972","Organismal Systems","Digestive system","hsa04972","Pancreatic secretion","1/98","106/8546",0.00943396226415094,0.822680015402387,-0.19784793101056,0.707759960375694,0.904678526425964,0.884617527843716,"1357",1
"hsa04620","Organismal Systems","Immune system","hsa04620","Toll-like receptor signaling pathway","1/98","109/8546",0.00917431192660551,0.800037446171129,-0.226287215246622,0.717823319035457,0.904678526425964,0.884617527843716,"5600",1
"hsa04931","Human Diseases","Endocrine and metabolic disease","hsa04931","Insulin resistance","1/98","109/8546",0.00917431192660551,0.800037446171129,-0.226287215246622,0.717823319035457,0.904678526425964,0.884617527843716,"6720",1
"hsa04066","Environmental Information Processing","Signal transduction","hsa04066","HIF-1 signaling pathway","1/98","110/8546",0.00909090909090909,0.792764378478664,-0.235605043921294,0.721100943159497,0.904678526425964,0.884617527843716,"7018",1
"hsa04914","Organismal Systems","Endocrine system","hsa04914","Progesterone-mediated oocyte maturation","1/98","111/8546",0.00900900900900901,0.785622357050929,-0.244844614736389,0.724340880045506,0.904678526425964,0.884617527843716,"5600",1
"hsa05145","Human Diseases","Infectious disease: parasitic","hsa05145","Toxoplasmosis","1/98","112/8546",0.00892857142857143,0.778607871720117,-0.254007480654995,0.727543558617591,0.904678526425964,0.884617527843716,"5600",1
"hsa04726","Organismal Systems","Nervous system","hsa04726","Serotonergic synapse","1/98","115/8546",0.00869565217391304,0.75829636202307,-0.28105070659629,0.736932261543338,0.904678526425964,0.884617527843716,"4128",1
"hsa04928","Organismal Systems","Endocrine system","hsa04928","Parathyroid hormone synthesis, secretion and action","1/98","115/8546",0.00869565217391304,0.75829636202307,-0.28105070659629,0.736932261543338,0.904678526425964,0.884617527843716,"4324",1
"hsa04725","Organismal Systems","Nervous system","hsa04725","Cholinergic synapse","1/98","116/8546",0.00862068965517241,0.751759324419423,-0.289921398274685,0.739990100277623,0.904678526425964,0.884617527843716,"814",1
"hsa04152","Environmental Information Processing","Signal transduction","hsa04152","AMPK signaling pathway","1/98","122/8546",0.00819672131147541,0.714787554366009,-0.34172860023331,0.757612114247136,0.904678526425964,0.884617527843716,"6720",1
"hsa04919","Organismal Systems","Endocrine system","hsa04919","Thyroid hormone signaling pathway","1/98","122/8546",0.00819672131147541,0.714787554366009,-0.34172860023331,0.757612114247136,0.904678526425964,0.884617527843716,"1735",1
"hsa04611","Organismal Systems","Immune system","hsa04611","Platelet activation","1/98","126/8546",0.00793650793650794,0.692095885973437,-0.375004809193105,0.768697960520839,0.904678526425964,0.884617527843716,"5600",1
"hsa05131","Human Diseases","Infectious disease: bacterial","hsa05131","Shigellosis","2/98","250/8546",0.008,0.697632653061224,-0.522591859942516,0.78629638717954,0.904678526425964,0.884617527843716,"81/5600",2
"hsa04068","Environmental Information Processing","Signal transduction","hsa04068","FoxO signaling pathway","1/98","133/8546",0.0075187969924812,0.655669786711677,-0.431040051958825,0.786903635800263,0.904678526425964,0.884617527843716,"5600",1
"hsa05132","Human Diseases","Infectious disease: bacterial","hsa05132","Salmonella infection","2/98","251/8546",0.00796812749003984,0.694853240100821,-0.528481205793497,0.78816856229445,0.904678526425964,0.884617527843716,"5600/6932",2
"hsa04270","Organismal Systems","Circulatory system","hsa04270","Vascular smooth muscle contraction","1/98","134/8546",0.00746268656716418,0.650776728601889,-0.438831770743437,0.789385918421394,0.904678526425964,0.884617527843716,"4881",1
"hsa04144","Cellular Processes","Transport and catabolism","hsa04144","Endocytosis","2/98","252/8546",0.00793650793650794,0.692095885973437,-0.534350063548761,0.790026472315211,0.904678526425964,0.884617527843716,"868/84249",2
"hsa04020","Environmental Information Processing","Signal transduction","hsa04020","Calcium signaling pathway","2/98","254/8546",0.0078740157480315,0.686646312068134,-0.546027028266474,0.793699804505744,0.904678526425964,0.884617527843716,"814/7424",2
"hsa00190","Metabolism","Energy metabolism","hsa00190","Oxidative phosphorylation","1/98","138/8546",0.0072463768115942,0.631913635019225,-0.469499398979772,0.79903206184856,0.904678526425964,0.884617527843716,"10063",1
"hsa05135","Human Diseases","Infectious disease: bacterial","hsa05135","Yersinia infection","1/98","138/8546",0.0072463768115942,0.631913635019225,-0.469499398979772,0.79903206184856,0.904678526425964,0.884617527843716,"5600",1
"hsa04114","Cellular Processes","Cell growth and death","hsa04114","Oocyte meiosis","1/98","139/8546",0.00719424460431655,0.627367493760094,-0.477045422227316,0.801374456941191,0.904678526425964,0.884617527843716,"5600",1
"hsa05162","Human Diseases","Infectious disease: viral","hsa05162","Measles","1/98","139/8546",0.00719424460431655,0.627367493760094,-0.477045422227316,0.801374456941191,0.904678526425964,0.884617527843716,"868",1
"hsa04080","Environmental Information Processing","Signaling molecules and interaction","hsa04080","Neuroactive ligand-receptor interaction","3/98","370/8546",0.00810810810810811,0.707060121345836,-0.620441782299346,0.803407148945901,0.904678526425964,0.884617527843716,"8862/4985/6752",3
"hsa05322","Human Diseases","Immune disease","hsa05322","Systemic lupus erythematosus","1/98","141/8546",0.00709219858156028,0.618468664061369,-0.491997651211515,0.805978476088847,0.904678526425964,0.884617527843716,"81",1
"hsa04120","Genetic Information Processing","Folding, sorting and degradation","hsa04120","Ubiquitin mediated proteolysis","1/98","142/8546",0.00704225352112676,0.614113250934176,-0.499405285838798,0.808240713964313,0.904678526425964,0.884617527843716,"868",1
"hsa05012","Human Diseases","Neurodegenerative disease","hsa05012","Parkinson disease","2/98","271/8546",0.00738007380073801,0.643572558174561,-0.642190529351829,0.822719108800414,0.911248668872327,0.891041979180528,"4128/4217",2
"hsa04723","Organismal Systems","Nervous system","hsa04723","Retrograde endocannabinoid signaling","1/98","149/8546",0.00671140939597315,0.585262292836598,-0.550043071787651,0.823361741417636,0.911248668872327,0.891041979180528,"5600",1
"hsa05020","Human Diseases","Neurodegenerative disease","hsa05020","Prion disease","2/98","278/8546",0.00719424460431655,0.627367493760094,-0.680291461775455,0.833578277302163,0.915430123467,0.895130711164632,"5600/4685",2
"hsa04218","Cellular Processes","Cell growth and death","hsa04218","Cellular senescence","1/98","157/8546",0.00636942675159236,0.555440010399064,-0.605504285728923,0.839202032626292,0.915430123467,0.895130711164632,"5600",1
"hsa04110","Cellular Processes","Cell growth and death","hsa04110","Cell cycle","1/98","158/8546",0.00632911392405063,0.551924567295273,-0.612269441463556,0.841080468769172,0.915430123467,0.895130711164632,"1028",1
"hsa05161","Human Diseases","Infectious disease: viral","hsa05161","Hepatitis B","1/98","163/8546",0.00613496932515337,0.534994365844497,-0.645571579533803,0.85015174280337,0.920219194133319,0.899813585500386,"5600",1
"hsa04141","Genetic Information Processing","Folding, sorting and degradation","hsa04141","Protein processing in endoplasmic reticulum","1/98","171/8546",0.00584795321637427,0.509965389664638,-0.697147253477371,0.863611139689876,0.929679751469429,0.90906435756829,"4217",1
"hsa05016","Human Diseases","Neurodegenerative disease","hsa05016","Huntington disease","2/98","311/8546",0.00643086816720257,0.560797952621563,-0.84977679485633,0.877163779571215,0.93721095960621,0.916428563227018,"627/4217",2
"hsa05152","Human Diseases","Infectious disease: bacterial","hsa05152","Tuberculosis","1/98","182/8546",0.00549450549450549,0.479143305673918,-0.764960571858383,0.880184049447691,0.93721095960621,0.916428563227018,"5600",1
"hsa04613","Organismal Systems","Immune system","hsa04613","Neutrophil extracellular trap formation","1/98","193/8546",0.00518134715025907,0.451834619858306,-0.829585469098407,0.894761197989421,0.93721095960621,0.916428563227018,"5600",1
"hsa04082",NA,NA,"hsa04082","Neuroactive ligand signaling","1/98","199/8546",0.0050251256281407,0.438211465490719,-0.863627219290302,0.901957537629807,0.93721095960621,0.916428563227018,"4985",1
"hsa05130","Human Diseases","Infectious disease: bacterial","hsa05130","Pathogenic Escherichia coli infection","1/98","203/8546",0.00492610837438424,0.429576756811099,-0.885882718020295,0.906482247535908,0.93721095960621,0.916428563227018,"5600",1
"hsa05169","Human Diseases","Infectious disease: viral","hsa05169","Epstein-Barr virus infection","1/98","204/8546",0.00490196078431373,0.427470988395358,-0.891393798199416,0.907580742051248,0.93721095960621,0.916428563227018,"5600",1
"hsa05203","Human Diseases","Cancer: overview","hsa05203","Viral carcinogenesis","1/98","205/8546",0.0048780487804878,0.425385764061722,-0.896884193252988,0.908666463374549,0.93721095960621,0.916428563227018,"81",1
"hsa05415","Human Diseases","Cardiovascular disease","hsa05415","Diabetic cardiomyopathy","1/98","205/8546",0.0048780487804878,0.425385764061722,-0.896884193252988,0.908666463374549,0.93721095960621,0.916428563227018,"5600",1
"hsa05170","Human Diseases","Infectious disease: viral","hsa05170","Human immunodeficiency virus 1 infection","1/98","213/8546",0.00469483568075117,0.409408833956118,-0.940087279422152,0.916909693525879,0.940787550128116,0.91992584383353,"5600",1
"hsa05163","Human Diseases","Infectious disease: viral","hsa05163","Human cytomegalovirus infection","1/98","226/8546",0.00442477876106195,0.385858768286076,-1.00775028785699,0.928762147848493,0.942996603514465,0.922085912065975,"5600",1
"hsa05014","Human Diseases","Neurodegenerative disease","hsa05014","Amyotrophic lateral sclerosis","2/98","371/8546",0.00539083557951483,0.470102865944221,-1.12389765111392,0.930749806019416,0.942996603514465,0.922085912065975,"4217/5600",2
"hsa04810","Cellular Processes","Cell motility","hsa04810","Regulation of actin cytoskeleton","1/98","232/8546",0.00431034482758621,0.375879662209711,-1.03800497736464,0.933652225937296,0.942996603514465,0.922085912065975,"81",1
"hsa05171","Human Diseases","Infectious disease: viral","hsa05171","Coronavirus disease - COVID-19","1/98","238/8546",0.00420168067226891,0.366403704338878,-1.06768952728024,0.938209818725052,0.942996603514465,0.922085912065975,"5600",1
"hsa05206","Human Diseases","Cancer: overview","hsa05206","MicroRNAs in cancer","1/98","312/8546",0.00320512820512821,0.279500261643119,-1.39636132576369,0.974421353657531,0.974421353657531,0.952813826980113,"63923",1
