"","baseMean","log2FoldChange","lfcSE","stat","pvalue","padj","gene"
"PTPRC",12.8242648071734,4.24493876155372,1.05528141548324,4.02256563914742,5.75676035415514e-05,0.00249577209337244,"PTPRC"
"HSD11B1",70.3137510613457,4.11575174835401,1.33390639471913,3.08548768088081,0.00203218642310426,0.0485106587257587,"HSD11B1"
"C3",1412.15526357478,4.04123906203702,0.202214345839203,19.9849276037543,7.44951999550485e-89,1.15944329210037e-84,"C3"
"ERP27",14.833052227361,3.86998316315688,0.750581946453661,5.15597688092782,2.52312027720607e-07,2.04531665381225e-05,"ERP27"
"PRDM6-AS1",12.5705330439915,3.72444424111499,1.01330124537794,3.6755547850194,0.000237333101836122,0.00831948738057972,"PRDM6-AS1"
"SPINK5",48.2505364757186,3.56248191359688,0.582560373121853,6.11521496820334,9.64268887789187e-10,1.32405442894066e-07,"SPINK5"
"AKR1C3",167.624207754081,3.50251653500831,0.359266278218824,9.74908235855908,1.86143204471249e-22,1.60951824132807e-19,"AKR1C3"
"PRRX1",24.1257907923085,3.48539293652148,0.769591503679179,4.52888697426998,5.92952048386237e-06,0.000345644407531213,"PRRX1"
"CFI",39.4798938474155,3.30728122184412,0.621662950842699,5.32005521217071,1.03735765635263e-07,9.12171444263973e-06,"CFI"
"FDCSP",12.5445249764651,3.3066047749094,0.751829809679244,4.39807617673488,1.09214649011775e-05,0.000590214165701131,"FDCSP"
"HTR1D",24.3309632543053,3.28638894778606,0.898686548735612,3.65688009062757,0.000255303734639523,0.00884977132723726,"HTR1D"
"LINC01735",10.8555785502727,3.25399586058684,1.00431989172541,3.23999941392827,0.0011952994526494,0.0316927439199919,"LINC01735"
"SPP1",32.0016552584473,3.24835825063673,0.956354555020381,3.39660456844638,0.000682274834313766,0.0203038728895974,"SPP1"
"GLIPR1",13.8725838562117,3.19434696975333,0.803202562148746,3.97701292337481,6.97863737148521e-05,0.00296763694125125,"GLIPR1"
"NDN",93.4811599676026,3.18679172595919,0.4215933205299,7.5589236612044,4.06418325238495e-14,1.12955264535928e-11,"NDN"
"CEP295NL",33.7307803582715,3.13365058728604,0.530966617403659,5.90178456530673,3.59590530468743e-09,4.55013578554107e-07,"CEP295NL"
"GPNMB",307.375718407177,3.08689259935809,0.236484444684411,13.0532585493205,6.08864061985309e-39,3.15878675357979e-35,"GPNMB"
"BHLHE41",22.1271368369446,2.93399438548949,0.75512045581059,3.88546537563993,0.000102134049468086,0.00412886843096439,"BHLHE41"
"OR10AC1",65.1258896947574,2.92133056331084,0.452534611970472,6.45548536186102,1.07872607916854e-10,1.72987592960854e-08,"OR10AC1"
"APOL1",25.4725810389259,2.89299088543887,0.659176840167186,4.38879327845487,1.1398134877783e-05,0.000603403303529983,"APOL1"
"ZDHHC15",148.866025339814,2.8875519897575,0.382289472203418,7.55331286816349,4.24324021549146e-14,1.15862790726156e-11,"ZDHHC15"
"RCSD1",13.0071815541505,2.80015367173107,0.865207496257546,3.23639552805903,0.0012104952712913,0.0319866696135446,"RCSD1"
"INKILN",27.6940037676817,2.75443556952404,0.652774898046528,4.21957948715073,2.44758418211109e-05,0.00120170978581631,"INKILN"
"MMP19",25.6607579326259,2.73036609619554,0.607203036051774,4.49662787253049,6.90396651811673e-06,0.000396506770804313,"MMP19"
"PNMA3",26.5171558614173,2.69416101235063,0.584811350072814,4.60688906262709,4.08737922495238e-06,0.000247532958199062,"PNMA3"
"TRPM3",29.1249466903467,2.68325007818755,0.527630184066609,5.08547493910776,3.66707253041799e-07,2.82546123086265e-05,"TRPM3"
"ZNF311",18.4200962018905,2.64181961802936,0.609335612906071,4.33557396297562,1.45380279555224e-05,0.000751727133221761,"ZNF311"
"WWTR1",37.772848604336,2.63564844283618,0.598563440226547,4.40329005366353,1.06621462084386e-05,0.000579575048967722,"WWTR1"
"GIMAP2",11.4676446640504,2.56623831658256,0.807077743884128,3.17966681156679,0.00147444478407925,0.0376818696542027,"GIMAP2"
"FILIP1",88.3730617679069,2.52626237988506,0.319784398843364,7.89989251827906,2.79144031622856e-15,9.24382491101731e-13,"FILIP1"
"NDP",34.2296170132633,2.49162151043769,0.616125803252368,4.04401422125979,5.25437299640865e-05,0.0023298877867836,"NDP"
"TGFBI",38.252617563882,2.48506969508176,0.653033260395927,3.8054259190031,0.000141560380437315,0.0053737701490887,"TGFBI"
"VIP",139.11665819164,2.46944797159388,0.445638646761742,5.54136852703029,3.00116859042961e-08,2.93774766927336e-06,"VIP"
"FGF5",28.6710488221309,2.46586137975099,0.571904172375056,4.31166880547581,1.62027005618772e-05,0.00083502924352668,"FGF5"
"ENSG00000236453",204.418266238929,2.42469665096764,0.255954021159555,9.47317272056511,2.71470269298085e-21,1.76048469639808e-18,"ENSG00000236453"
"ODAM",460.111468887367,2.42227208392109,0.320941381336036,7.54739720330702,4.44042769020998e-14,1.19156580293842e-11,"ODAM"
"LDB2",220.628519847332,2.41284609770789,0.295009755792801,8.17886883511252,2.86520782544196e-16,1.11485236487947e-13,"LDB2"
"LINC00689",31.4447602677121,2.40055506885628,0.448999308118826,5.34645605338211,8.96930455952992e-08,7.97704320940135e-06,"LINC00689"
"ASS1",109.7195150837,2.39792612735432,0.417925906042988,5.73768242810884,9.59808716140984e-09,1.07470955813081e-06,"ASS1"
"HAS2",746.918024305996,2.39555056336581,0.232133442562205,10.3197132516736,5.7394309547757e-25,6.38060738429493e-22,"HAS2"
"ULBP2",13.8949683178251,2.37410109654762,0.770808835065041,3.08001282360404,0.00206991682533315,0.0493356592182009,"ULBP2"
"IFI44L",64.7021239237897,2.36756663004612,0.417500465004381,5.6708119595059,1.42122323167953e-08,1.53458724495865e-06,"IFI44L"
"MYOF",67.6667635572709,2.34696895246437,0.494022994066964,4.75072816579513,2.02685450801351e-06,0.000133669337130179,"MYOF"
"GJA1",1201.67189411541,2.3429571319752,0.216204717365678,10.8367530575775,2.30507470160321e-27,4.48452283196905e-24,"GJA1"
"NPW",414.560107961879,2.32645579780954,0.397197738972907,5.85717281227581,4.70813146465404e-09,5.76987071778547e-07,"NPW"
"GFRA2",357.434785607832,2.31791808372993,0.218385601185851,10.6138777975446,2.568622872083e-26,3.99780463810999e-23,"GFRA2"
"TUBA4A",58.2917627108803,2.31681777312747,0.510286323873345,4.54023097374349,5.6192636431984e-06,0.000328790298280977,"TUBA4A"
"LRP1B",257.883815817804,2.30615664049429,0.452426756483375,5.09730383414896,3.44525127096104e-07,2.71551321226787e-05,"LRP1B"
"PHLDA2",39.1546901923225,2.24367262592099,0.55623995443136,4.03364161104658,5.49190585959515e-05,0.00242141707645153,"PHLDA2"
"ABLIM3",49.1064379760031,2.23004010375414,0.583339328678546,3.82288660153587,0.000131898448041642,0.00509396388416903,"ABLIM3"
"CD109",125.31967385211,2.22734122553565,0.365505172572334,6.09387060068173,1.10212760473569e-09,1.49160991653098e-07,"CD109"
"EPHA1-AS1",18.864161668277,2.21814829668898,0.522820520967671,4.24265729390935,2.20888618390906e-05,0.00109837394780705,"EPHA1-AS1"
"CHAT",21.2703546318003,2.20734679544659,0.704485894650845,3.13327323117036,0.00172868438921028,0.0428849092996133,"CHAT"
"LINC00632",89.7758006463248,2.14285466690115,0.349849150769577,6.12508180222084,9.06370284199021e-10,1.25953099136371e-07,"LINC00632"
"RIT2",15.9833960004423,2.13797200811127,0.647107428248604,3.30389038169086,0.0009535310848912,0.0261280947275469,"RIT2"
"PI3",20.3378826525615,2.13443898613372,0.655749110505497,3.25496283858982,0.00113407203942902,0.0303276584564833,"PI3"
"ANO3",36.8316171272367,2.11939345176397,0.514477262487216,4.11950849201355,3.796814321224e-05,0.00176398859986658,"ANO3"
"SLC18A3",1246.01827650087,2.1067003834563,0.176453249370293,11.9391419028805,7.39824900302807e-33,2.30292694966258e-29,"SLC18A3"
"INSYN2B",104.085920521084,2.09864009688147,0.547998056737417,3.82964879360342,0.000128326272605108,0.00499317526706475,"INSYN2B"
"PDZK1IP1",21.2199981680341,2.09128015045084,0.519849144424313,4.02285965626961,5.74957598030164e-05,0.00249577209337244,"PDZK1IP1"
"SCGN",182.618400955986,2.08692829987123,0.415250105462551,5.02571407548851,5.01562708383083e-07,3.75303941984342e-05,"SCGN"
"CACNG6",20.4853995574824,2.08175525768451,0.644667912007314,3.22919012860826,0.00124141332587798,0.0325823895513742,"CACNG6"
"LINC01833",75.9854743930952,2.06663492839418,0.370808181568584,5.57332613226588,2.49921071734377e-08,2.49344330799606e-06,"LINC01833"
"MMP25",93.3826271887585,2.06529147522797,0.315045898143992,6.55552567862357,5.54462066875137e-11,9.69623326836475e-09,"MMP25"
"SLC12A3",28.5750948004983,2.05613863849073,0.508387488203068,4.04443202518279,5.24501228915822e-05,0.0023298877867836,"SLC12A3"
"CHL1",91.7992382521611,2.04594784465655,0.316241138552855,6.46958157948384,9.82746626919315e-11,1.59327796889294e-08,"CHL1"
"PPP2R2C",329.893142704237,2.04235939666053,0.296335243562502,6.89205702334816,5.49913197954846e-12,1.09728833499605e-09,"PPP2R2C"
"SLC5A4-AS1",25.7940296892393,2.01829076321518,0.446050866213884,4.52479956007394,6.04527715620777e-06,0.000349772095387427,"SLC5A4-AS1"
"MAOB",72.1939782928429,2.0075078187429,0.388684046812519,5.16488349652081,2.40588726970446e-07,1.97080155082528e-05,"MAOB"
"HTR2B",81.7544986795382,1.99485908431378,0.30473972530496,6.54610777218978,5.90559703751468e-11,1.01005178342724e-08,"HTR2B"
"SHANK1",263.216531914984,1.97810487541401,0.50473774482947,3.91907459998328,8.88896011332825e-05,0.00366970226004883,"SHANK1"
"LUCAT1",25.2243045284148,1.95265552784265,0.529121872684619,3.690370080404,0.00022392803433014,0.00792094528707796,"LUCAT1"
"FSTL5",177.867473048631,1.94891409683944,0.322403761635561,6.04494838072781,1.49457845217669e-09,1.98817256663914e-07,"FSTL5"
"IL13RA2",665.573990357091,1.94868655888052,0.229664452338246,8.48492894325035,2.15850591417364e-17,9.88087824947015e-15,"IL13RA2"
"LINC02735",117.026089638588,1.92996461481544,0.27765810216735,6.95086727075666,3.6304732681459e-12,7.43482709808195e-10,"LINC02735"
"EDIL3",192.546454929068,1.92508762768486,0.334507199649856,5.75499609485216,8.66437976780604e-09,9.88289370663874e-07,"EDIL3"
"PRLR",271.495616534245,1.91840239293039,0.39221270582539,4.89122959158913,1.00207992617074e-06,7.02539277969432e-05,"PRLR"
"PPP1R3G",36.8364710270511,1.90937709200979,0.474029421114025,4.02797169745821,5.62601142234749e-05,0.00246657019091314,"PPP1R3G"
"SYK",374.293885088884,1.90256103331573,0.198307895189999,9.59397522470241,8.47551253244422e-22,6.2815655740458e-19,"SYK"
"C6orf58",24.9016390866156,1.9023005485781,0.484026426657352,3.93015844551142,8.4889902909313e-05,0.00352656771493596,"C6orf58"
"CORIN",594.602635526235,1.89057833582308,0.185048687665806,10.2166535719369,1.6700701012019e-24,1.73286473700709e-21,"CORIN"
"CACNA1G",429.778964234106,1.84711988474125,0.320997246995332,5.75431690468084,8.69928320360773e-09,9.88289370663874e-07,"CACNA1G"
"ARHGAP18",55.8634831931895,1.84043096611134,0.470579542092461,3.91098805087818,9.19193202095876e-05,0.00378474153370905,"ARHGAP18"
"L3MBTL3",79.5410695756752,1.8399905031404,0.350052711360391,5.25632410041832,1.46963205227026e-07,1.2499100142915e-05,"L3MBTL3"
"BASP1",1183.51983174729,1.83428270962538,0.196724352873913,9.32412628547839,1.11901726752576e-20,6.9665539007084e-18,"BASP1"
"GBP3",45.5057218439353,1.81765501213251,0.488105052899206,3.72390124080083,0.000196167689567392,0.00713353719725909,"GBP3"
"AKR1C1",228.085141141401,1.81354270717085,0.324321831731383,5.5917996561912,2.24728037849906e-08,2.30109682966838e-06,"AKR1C1"
"IP6K3",191.84985639251,1.79569259084376,0.284569252470874,6.31021298067877,2.78651732380307e-10,4.13041482168295e-08,"IP6K3"
"TRIM63",15.2964146041788,1.79225797977966,0.565999731813495,3.16653503357178,0.00154266762675509,0.0390407787688068,"TRIM63"
"IL15",171.98383874846,1.79108261578418,0.244572619758086,7.32331614861791,2.41916954298408e-13,5.61969474134392e-11,"IL15"
"PAPLN",46.4959243112105,1.78550737179506,0.454887180347705,3.92516529138118,8.66702045956817e-05,0.00358759325618934,"PAPLN"
"LEF1",442.716490548792,1.78370949514618,0.171919395823883,10.3752661914508,3.21315636834419e-25,3.84688967053146e-22,"LEF1"
"SMPDL3B",41.9638516609212,1.77089388152372,0.460612607961835,3.84464917137147,0.000120725029379509,0.00473290770091355,"SMPDL3B"
"ELAPOR1",27.271679112196,1.74375483690227,0.524679674535396,3.32346557629922,0.000889063948725795,0.0247538305867053,"ELAPOR1"
"SERPINI1",284.950494786858,1.73664264087201,0.340732527784469,5.09679146914476,3.45458504259212e-07,2.71551321226787e-05,"SERPINI1"
"HMCN2",215.243216290385,1.73352210409352,0.234511989434206,7.3920404166793,1.44592557304881e-13,3.62973961595673e-11,"HMCN2"
"SLCO2B1",96.1312976778006,1.72698059425385,0.500453208147247,3.45083329697774,0.000558858645450769,0.0171409111987093,"SLCO2B1"
"GABRD",56.2841463315637,1.72130717570686,0.374174761701957,4.60027599904758,4.21931522597723e-06,0.000254532644097324,"GABRD"
"TSPAN8",817.278559015844,1.71062152920125,0.251732661513753,6.79538967615371,1.08020153115205e-11,2.0502751988842e-09,"TSPAN8"
"LGI1",50.463108219429,1.70871293516243,0.465332371129396,3.67202679455817,0.000240634445175361,0.00839738678185947,"LGI1"
"TPPP",66.6073281461142,1.70258263236099,0.352274217994691,4.83311734265677,1.34411505741819e-06,9.17535383932313e-05,"TPPP"
"ID4",1060.99566168929,1.70027031645015,0.224619025291485,7.56957392297347,3.74450334505171e-14,1.05962636477063e-11,"ID4"
"GRIN1",223.929245893933,1.6987097827969,0.220437740049039,7.70607511408441,1.29746279340437e-14,4.03874218330913e-12,"GRIN1"
"FGF1",236.82735852716,1.69580096679606,0.227714578917552,7.44704609980223,9.545327280357e-14,2.47605789652461e-11,"FGF1"
"NAT16",212.67525279729,1.66621752951596,0.249951256472103,6.66616984860778,2.62565380839094e-11,4.75182277602286e-09,"NAT16"
"RELN",3957.95378741124,1.6345205624141,0.445685546424456,3.66743004238561,0.000245000551341727,0.00853062322389853,"RELN"
"NRN1",283.610873832906,1.6315280315837,0.290485669016581,5.61655257248017,1.94804997196479e-08,2.01892475913575e-06,"NRN1"
"RRAGD",179.767162129126,1.6313758725089,0.215155366845294,7.58231549799979,3.39441604827387e-14,9.78346136580268e-12,"RRAGD"
"TNIK",377.493472009714,1.62827409802676,0.345567164148711,4.7118889378218,2.4543113554434e-06,0.00015719712730914,"TNIK"
"MIR124-1HG",40.3373074703333,1.62166350036311,0.475798542261498,3.4082985892627,0.000653693224803847,0.0196032395970079,"MIR124-1HG"
"CA12",566.550168440648,1.61978996474315,0.219479130486637,7.38015482907961,1.58105561052561e-13,3.90596024162232e-11,"CA12"
"CHRM2",759.110319866199,1.61656131070323,0.367012518333079,4.40464896959219,1.05955309163835e-05,0.00057862751993892,"CHRM2"
"NUDT10",136.538047916921,1.61304111871195,0.222751902975586,7.24142463954051,4.43995853260828e-13,1.00150021161616e-10,"NUDT10"
"LINC02762",35.9404185394276,1.601683097331,0.403498648045728,3.96948813853147,7.20271920759434e-05,0.00304628048225539,"LINC02762"
"TENT5C",372.93253239889,1.59840430842211,0.198635077524204,8.04693878012224,8.48906187033725e-16,3.07264555697509e-13,"TENT5C"
"NPAS3",47.6802046025821,1.59617985323066,0.413945208691139,3.85601722092073,0.000115249372441445,0.00457587049152719,"NPAS3"
"PRDM6",65.2353340128112,1.59241776399413,0.413407307660724,3.85193424132937,0.00011718849599546,0.00461752342195781,"PRDM6"
"HES7",206.199152422789,1.59210634486484,0.206908546130466,7.69473458027653,1.41788190832425e-14,4.28703461651276e-12,"HES7"
"ICAM5",191.996410943124,1.58705641113166,0.257460945947103,6.1642607786337,7.08131605222796e-10,9.92915342674559e-08,"ICAM5"
"C1S",798.392527821699,1.5735206839908,0.173141358104518,9.08806943192009,1.00813153427903e-19,5.81131822204401e-17,"C1S"
"INSC",25.5668483737536,1.5734148294824,0.502818450495299,3.12919072069156,0.00175288493799103,0.0433541091784966,"INSC"
"PDE1A",65.7961894634307,1.57260178000175,0.416042443448404,3.77990708584225,0.000156886893223019,0.00585560577007932,"PDE1A"
"SIX3",407.001829203663,1.56984172425245,0.189625010914681,8.27866385705191,1.24565009845974e-16,5.10192056116508e-14,"SIX3"
"MARCHF11",1013.7061416723,1.56255226644273,0.275900831590425,5.66345616805656,1.48354079170545e-08,1.58149512891121e-06,"MARCHF11"
"CDKN2A",293.023955840481,1.55168877609524,0.331982479545758,4.67400803264789,2.9537777072468e-06,0.000183890384942357,"CDKN2A"
"EXPH5",46.0956262262134,1.52872497173542,0.40037284758841,3.81825336294276,0.000134399858352365,0.00516882233676466,"EXPH5"
"FNDC5",2900.57107580764,1.52234751880832,0.143680243439242,10.5953851578215,3.13049658874586e-26,4.42936808247641e-23,"FNDC5"
"LBH",669.460503605314,1.5166819850319,0.174254740416051,8.70382051822903,3.20894394875193e-18,1.61109689091532e-15,"LBH"
"PLD1",127.103318194712,1.51087782810995,0.2886263509564,5.23471894753705,1.65236097469036e-07,1.39012682216653e-05,"PLD1"
"UNC13D",2672.84448021931,1.50712997509276,0.189882266496108,7.93718130135996,2.06827618231068e-15,7.09864899524273e-13,"UNC13D"
"BET1-AS1",44.6177372618281,1.50366863545869,0.452064057625857,3.32622912636681,0.000880295338886446,0.0246419364288285,"BET1-AS1"
"MLKL",43.671698014811,1.49208824311418,0.400793865374279,3.72283203916008,0.000197000580324823,0.00714712594912716,"MLKL"
"CHST13",28.9604452650613,1.49117531005751,0.438794591969578,3.39834477759673,0.000677949222946109,0.0202137963715196,"CHST13"
"HPSE2",65.919291612065,1.48381569932029,0.339667172860034,4.36844010219299,1.251371268509e-05,0.00065356853768705,"HPSE2"
"CDC42BPG",214.407456620682,1.48018732440413,0.279866510087698,5.2889047851431,1.2305092097731e-07,1.06398029671714e-05,"CDC42BPG"
"KIF1A",5148.44844398297,1.4788983527338,0.284486118275077,5.19849039278539,2.00913506919256e-07,1.67220204368519e-05,"KIF1A"
"KANK4",44.0951876760346,1.4770829674484,0.397848701263733,3.71267510175745,0.000205080081975815,0.00740567790230859,"KANK4"
"SERPINE1",121.583092793469,1.47607279817466,0.312143518864888,4.7288273148916,2.25820344686066e-06,0.000147057231995562,"SERPINE1"
"POU2AF3",31.7819550129316,1.46680087124408,0.458409940739827,3.1997579914537,0.00137543026219668,0.0356192955088671,"POU2AF3"
"BMAL2",336.082592250594,1.4636312853228,0.174495940445728,8.38776696801162,4.95463096400829e-17,2.08415881956284e-14,"BMAL2"
"LINGO1",99.5476459460474,1.46013283803084,0.284503768886008,5.13220912238909,2.86361073283229e-07,2.29738337349494e-05,"LINGO1"
"CHST15",583.109933839542,1.44777226670139,0.306947371508955,4.71667914790778,2.39725287303449e-06,0.000154816778904186,"CHST15"
"GAP43",3150.73129254158,1.44555764230802,0.267541326079987,5.40311907505402,6.54919516501516e-08,5.96091658177169e-06,"GAP43"
"SYT4",7839.25606311932,1.44460384544225,0.244026639694114,5.91986123831829,3.22213362047084e-09,4.17910730575068e-07,"SYT4"
"UNC5D",103.044352537709,1.44300727633842,0.353618190988738,4.08069299914602,4.49016284741811e-05,0.00203111316405715,"UNC5D"
"DLGAP1-AS2",45.9269175000042,1.43504838811263,0.384126220310622,3.73587719930232,0.000187061945123427,0.00683434768521364,"DLGAP1-AS2"
"PPP2R2B",450.535141618435,1.43379715743077,0.169655831928448,8.45121055452702,2.88297790568736e-17,1.24640744789217e-14,"PPP2R2B"
"NRIP3",82.5984222039394,1.42757005214259,0.304636457677886,4.68614315904388,2.78401562787163e-06,0.000174719432387879,"NRIP3"
"RAB38",69.7124066162133,1.41773180264393,0.267802239487348,5.29395051123502,1.19701839459144e-07,1.04080415047046e-05,"RAB38"
"ZNF556",54.6440688277396,1.41750717289505,0.425058915761491,3.33484870057505,0.000853458215498961,0.0241513157564106,"ZNF556"
"POU3F3",1303.86987816258,1.41443631121683,0.148534036871044,9.52264101220676,1.68832753604476e-21,1.14248390308698e-18,"POU3F3"
"SOSTDC1",78.0303142598191,1.40587894523778,0.350029006958276,4.01646411380233,5.90778552212224e-05,0.00254705744782024,"SOSTDC1"
"SLC12A8",68.8684620763697,1.40202786515773,0.280195258005877,5.00375300829798,5.62247879133413e-07,4.14731089612912e-05,"SLC12A8"
"APOE",741.038258223028,1.39797827979732,0.332139739115262,4.20900637641611,2.56496151074978e-05,0.00125144391703165,"APOE"
"CXCR4",207.321572544515,1.39369808025382,0.193226032891862,7.21278628658592,5.4818416470232e-13,1.21884833420384e-10,"CXCR4"
"ZFP3",191.600016645482,1.39049592715728,0.433713960524566,3.20602068117776,0.00134584315296463,0.0349694538109206,"ZFP3"
"TMEM45A",442.18667238759,1.39041788478532,0.197469725368722,7.04116989168387,1.90632396167086e-12,4.00946299181692e-10,"TMEM45A"
"DLG3",51.0410117529019,1.38895936493121,0.365350223549746,3.80172030945011,0.000143694886314924,0.0054194494366799,"DLG3"
"LEF1-AS1",39.1102816838798,1.38758680789666,0.430385389694952,3.22405648779145,0.00126388465852794,0.0330606736560148,"LEF1-AS1"
"GRIK5",1188.94936610971,1.38201530800658,0.174158050577547,7.93540869011518,2.09803298497279e-15,7.09864899524273e-13,"GRIK5"
"PROM1",99.3476816804401,1.37291180353866,0.250103273180639,5.48937959139409,4.03347966269529e-08,3.80467136182966e-06,"PROM1"
"RAB7B",31.4734589478771,1.36345920678169,0.41728680911239,3.26743902996095,0.00108525239469446,0.0292736018561952,"RAB7B"
"ATP1A3",488.854378042243,1.36122366975951,0.298316240774788,4.563022335707,5.0422448065874e-06,0.000297263250642902,"ATP1A3"
"C14orf180",71.757072631877,1.35437792559112,0.290275465005174,4.66583672707915,3.07363697360608e-06,0.000189833674036528,"C14orf180"
"LYPD1",500.554495219909,1.34166746195495,0.185245380746371,7.2426500274892,4.40001274633036e-13,1.00150021161616e-10,"LYPD1"
"PAQR5",67.2886981433032,1.33908752451886,0.280754345071089,4.76960569988613,1.84586868339955e-06,0.00012277393242919,"PAQR5"
"LUM",3662.53641565782,1.33788422022612,0.221856039432989,6.03041604657432,1.63538110554527e-09,2.15703995989038e-07,"LUM"
"SCRT2",144.362163745964,1.33594915546594,0.269875260304297,4.95024684352168,7.41194126593117e-07,5.34071545661818e-05,"SCRT2"
"EVA1A",814.860194024382,1.33401140034276,0.21156382301426,6.30547974288044,2.87302580140441e-10,4.2184692050055e-08,"EVA1A"
"CRB1",149.693836089493,1.33334831398428,0.407013574119267,3.2759308258195,0.0010531435202897,0.0285063056518069,"CRB1"
"PLPPR4",572.545683888684,1.33067427169021,0.334582487052533,3.97711871715891,6.97553444920925e-05,0.00296763694125125,"PLPPR4"
"SLC35F3",34.0893296266498,1.32352857691297,0.425001603433306,3.11417313775067,0.00184461212167396,0.0449992837958206,"SLC35F3"
"PRPH",470.763275772794,1.31706331524403,0.346456584917134,3.80152484490675,0.000143808315172757,0.0054194494366799,"PRPH"
"GMPR",160.070155321885,1.31441988238166,0.340758667882908,3.8573336682761,0.000114630633045728,0.00456294417576398,"GMPR"
"SEMA3C",7268.60545549078,1.30941559262843,0.278245736721798,4.7059682137651,2.5266388770119e-06,0.000160508601966584,"SEMA3C"
"IFI44",171.417576640977,1.30535638832815,0.334820730633282,3.89867253995649,9.67214698771533e-05,0.00394076690358119,"IFI44"
"SYT12",75.9393089184555,1.30219492991891,0.266367341075515,4.88871843170045,1.01494539724109e-06,7.0836816872916e-05,"SYT12"
"CYSLTR2",206.827478045489,1.30148729752266,0.363715110641446,3.57831516877966,0.000345816293080261,0.0114516697563855,"CYSLTR2"
"DEPP1",159.162657091256,1.29790517348193,0.214328824025559,6.05567253673335,1.39832204432439e-09,1.87616243947111e-07,"DEPP1"
"C1QTNF1-AS1",122.52572443253,1.2969308315071,0.315174607271472,4.1149597765343,3.87246937835649e-05,0.0017884603384196,"C1QTNF1-AS1"
"BATF3",99.8284552196382,1.29091291913913,0.349258803018357,3.6961499838596,0.000218893688124209,0.00779735077554841,"BATF3"
"KCNJ11",54.1809401023226,1.27950533347319,0.40202182112667,3.1826763280843,0.00145920635402523,0.0373537626546852,"KCNJ11"
"VGF",56726.6570220077,1.26955803276201,0.252110537376869,5.03571983135401,4.76056431238202e-07,3.59676810475309e-05,"VGF"
"AKAP6",863.219145437822,1.26369411166151,0.341156308136558,3.70414992049827,0.000212100797589898,0.00760630602232529,"AKAP6"
"PALM2AKAP2",331.413733854293,1.24143468119854,0.34657011039405,3.58205928314772,0.000340896405662075,0.0113856473341728,"PALM2AKAP2"
"S100A3",47.9327611502709,1.23792863945508,0.399443737193057,3.09913142750506,0.00194088901103763,0.0469797769327988,"S100A3"
"FOXO1",101.464648212324,1.23789560256187,0.358754328275362,3.45053844649848,0.000559469473717832,0.0171409111987093,"FOXO1"
"PRSS35",130.019935250537,1.23374323068723,0.293555383893935,4.20276138124926,2.63678503089324e-05,0.00127642759061354,"PRSS35"
"NEFH",795.944426985466,1.22980146342226,0.153370851478202,8.01848233591531,1.07059675381135e-15,3.7869926991636e-13,"NEFH"
"IL33",73.6156916910115,1.22928567280795,0.356504307480642,3.44816499271808,0.0005644091461868,0.0172244391201007,"IL33"
"CYP2J2",149.768717267691,1.22675747749548,0.305839339640676,4.01111733675849,6.04320647220899e-05,0.00259108720477853,"CYP2J2"
"LINC01667",102.057068951354,1.22604652885156,0.298920418923629,4.10158172956662,4.10335519773204e-05,0.00188391210317113,"LINC01667"
"GREM2",753.150709554956,1.22597934159691,0.183499551559048,6.68110265764002,2.37151020649693e-11,4.34237468869626e-09,"GREM2"
"ECM1",122.229725214098,1.22257388133095,0.259346443820728,4.71405685506929,2.42832858843771e-06,0.000156175645249771,"ECM1"
"ARHGEF16",263.510722738886,1.21677310436097,0.214606161226172,5.6697957663882,1.42967842790416e-08,1.53458724495865e-06,"ARHGEF16"
"UGT8",113.935404871798,1.21124711120685,0.320759691925423,3.77618242471832,0.000159250376242826,0.00592960013359651,"UGT8"
"PRR18",66.8685655362238,1.21077405273129,0.38869852009869,3.11494381924552,0.00183979947687943,0.0449523376109128,"PRR18"
"SVEP1",210.542266023781,1.20648403086538,0.358315159602152,3.36710294983047,0.000759623248549082,0.0221400304127676,"SVEP1"
"MT2A",858.688978643557,1.20536887161789,0.375665827324243,3.20861995940217,0.00133373658003167,0.0347128363404898,"MT2A"
"SULF2",151.482920324464,1.19899008349319,0.27046533082345,4.43306386013611,9.29033338037742e-06,0.000510935507887612,"SULF2"
"ADAMTS10",136.842019231384,1.19801626874054,0.267923866285472,4.47148022066857,7.76800454882677e-06,0.000438047908688188,"ADAMTS10"
"MIR100HG",235.842295809679,1.19682750911773,0.310440382708233,3.85525716299148,0.000115608037810855,0.00457843129895205,"MIR100HG"
"NUDT11",332.937031990688,1.19617359645983,0.215364086837625,5.55419250267895,2.78897996471323e-08,2.74732178296182e-06,"NUDT11"
"LINC01535",44.2425383852623,1.18701001298333,0.34920694582048,3.39915922976386,0.000675933521902447,0.0201923787617844,"LINC01535"
"RPH3A",596.694106428826,1.1810805260689,0.321540956014204,3.67318845073263,0.000239542688555367,0.00837807281949604,"RPH3A"
"PTPRN",3506.21655166166,1.18005054152203,0.153384006487915,7.69343928706807,1.43231688549642e-14,4.28703461651276e-12,"PTPRN"
"MYOZ3",48.6774364447375,1.17864557579481,0.377563644395929,3.12171363236137,0.0017980174174878,0.0441393424065933,"MYOZ3"
"GRM7",415.402759671472,1.17420057944093,0.261985225128698,4.48193434902335,7.39695010114621e-06,0.000421071721722782,"GRM7"
"EGLN3",2556.69649595263,1.1721371642654,0.152431548969276,7.68959688588911,1.47599328799842e-14,4.33440745932215e-12,"EGLN3"
"C1QTNF1",1275.71883766453,1.16657000588701,0.197435667391536,5.9086082129911,3.45010146136018e-09,4.4377999293066e-07,"C1QTNF1"
"LMO4",1113.58671385325,1.16621287882158,0.167999177074578,6.94177732968223,3.8719719730873e-12,7.82641192066632e-10,"LMO4"
"CYTL1",161.314776039325,1.16416352862677,0.367607234030412,3.16686784387507,0.00154090327674574,0.0390407787688068,"CYTL1"
"IGFBP3",18653.9403430521,1.154580051286,0.163684518717397,7.05369121241935,1.74232799776e-12,3.71473876125159e-10,"IGFBP3"
"DNAJC22",360.390054206449,1.15077861382838,0.203411703953791,5.65738643087027,1.53695451498566e-08,1.62728980076441e-06,"DNAJC22"
"ITGA7",1049.39964781622,1.15061885668502,0.16487789794666,6.97861187590626,2.98110777400888e-12,6.18639485262322e-10,"ITGA7"
"PDGFC",114.508748517065,1.15049668690441,0.25136879319253,4.57692728000337,4.71855392156138e-06,0.000280303714638097,"PDGFC"
"GDAP1L1",342.155827578152,1.14096487505383,0.365725904383027,3.11972671713975,0.00181018896985098,0.0442983979980514,"GDAP1L1"
"ANGPTL1",72.033121737589,1.13866061091286,0.361062826222384,3.15363567838341,0.00161250252241195,0.0406100149819088,"ANGPTL1"
"MATN3",175.320492436064,1.13814873281749,0.326279940771555,3.48825836527401,0.000486178039894438,0.0153540086871053,"MATN3"
"ACHE",443.486668505636,1.13171030635046,0.225007196897047,5.0296627039369,4.91343409340074e-07,3.69433276471928e-05,"ACHE"
"MAP2",2105.11815675378,1.12915749192638,0.2713236346985,4.16166285396079,3.15938565135404e-05,0.0014991670206608,"MAP2"
"TSHZ2",322.812859476238,1.12574026498988,0.328030095231574,3.43182007186005,0.000599545186831972,0.0182252368903375,"TSHZ2"
"LOX",67.0162032929404,1.12408199824974,0.315661627258637,3.561034668711,0.000369396300601523,0.0120026806316537,"LOX"
"GAD1",149.641903551498,1.12362101236478,0.304033845717457,3.69571029078447,0.000219272898512517,0.00779735077554841,"GAD1"
"NRG1",741.843723296443,1.11844886083045,0.208462127394696,5.36523768038123,8.08426925395744e-08,7.2572726218319e-06,"NRG1"
"PHACTR1",245.058764635039,1.11647481053273,0.236618083318112,4.71846781478545,2.37627553226623e-06,0.000154101468267465,"PHACTR1"
"CEBPD",1429.81572219679,1.11577707471488,0.271905595277052,4.10354584126149,4.06865789580303e-05,0.00187350862397273,"CEBPD"
"GEM",1262.15377202295,1.11022871315459,0.147167108323573,7.54400032589857,4.55769998306225e-14,1.20230580570137e-11,"GEM"
"DRAXIN",323.340463008719,1.10687464824892,0.169037460797865,6.54810266922146,5.82726547159686e-11,1.00772844222148e-08,"DRAXIN"
"TM4SF1",99.9265055809938,1.09977686543346,0.298862672373274,3.67987362456512,0.000233349567229074,0.00823549356996214,"TM4SF1"
"VIPR2",576.442532268192,1.09753348621383,0.214396766221685,5.11916996490046,3.06883299995652e-07,2.44940086211914e-05,"VIPR2"
"SEL1L3",2278.25250148261,1.09320754385366,0.288440036924524,3.79006865867139,0.000150605650169642,0.00564825623913326,"SEL1L3"
"ELF3",167.980148629618,1.08383742880239,0.265233043360092,4.08635898103739,4.3819561752707e-05,0.00200002246075992,"ELF3"
"SEZ6L",484.211031230544,1.08321659854977,0.321967669246198,3.36436450618112,0.000767201444252,0.0222774688028696,"SEZ6L"
"KCNT1",734.202089261562,1.07774578684822,0.268650483532411,4.0117023899501,6.02824651261519e-05,0.00259108720477853,"KCNT1"
"SPRY1",716.302133323421,1.07486645457709,0.215124274735176,4.99649077678601,5.83829663220148e-07,4.26606801800863e-05,"SPRY1"
"FAM111A-DT",74.23146959007,1.07359260985858,0.308412519541727,3.48102797984284,0.000499493310238009,0.0156736166946459,"FAM111A-DT"
"GDF15",658.029237435816,1.06981752148628,0.276381360510621,3.87080199442455,0.00010847787877227,0.00434023060465709,"GDF15"
"SLC44A5",273.353385618422,1.06639218703175,0.316437329384206,3.3699949026462,0.000751695741738562,0.0220327542832749,"SLC44A5"
"LAMB3",147.248328047564,1.06342057079645,0.262121436908249,4.05697673314938,4.97120321355474e-05,0.00222332778206224,"LAMB3"
"KCNK1",588.250326983648,1.05209600734485,0.1908737424283,5.51199968083647,3.54779564489149e-08,3.40851181586982e-06,"KCNK1"
"IFIT1",99.3083448510873,1.0508600443799,0.313481986328202,3.35221827795776,0.000801667855271918,0.0230631395553644,"IFIT1"
"CNIH3",180.886755618765,1.04980134669935,0.243950992661423,4.30332885817097,1.68250824576e-05,0.000864242849406225,"CNIH3"
"P2RY6",242.045619205327,1.04863039851772,0.273084480703737,3.83994870677163,0.000123060018853061,0.00481232696841468,"P2RY6"
"ADAM21",73.5642563450907,1.0461780356396,0.31128152659284,3.36087414852604,0.000776962191882072,0.0224770251941497,"ADAM21"
"IQGAP2",472.225117156206,1.03771230560746,0.297633969088242,3.48653854526868,0.000489314864281013,0.0154163897726107,"IQGAP2"
"B4GALT6",1892.09113229545,1.03467750308838,0.265131454396807,3.90250755212107,9.5201266859373e-05,0.00389924346684021,"B4GALT6"
"CXCL12",533.939647764408,1.03399892451181,0.206751041200091,5.00117880185725,5.69808358384519e-07,4.1832534386305e-05,"CXCL12"
"PYGL",576.080318839355,1.03032108203682,0.213067633315404,4.83565272681111,1.32709434413236e-06,9.09907329166343e-05,"PYGL"
"SLC27A6",785.371438576523,1.02220336032806,0.160542937921045,6.36716490656714,1.92554120266628e-10,2.9969123278298e-08,"SLC27A6"
"OSGIN1",372.444431621212,1.01894477745182,0.232983272581488,4.37346752907094,1.22288441078947e-05,0.000640840840724827,"OSGIN1"
"LRP2BP",61.5673913151892,1.01412856250421,0.304185208808558,3.33391806418326,0.00085631878687443,0.0241882860234367,"LRP2BP"
"RBM24",205.597543463898,1.01350871819486,0.221506379407665,4.57552834778442,4.75019637157496e-06,0.000281110480331531,"RBM24"
"PLEKHB1",235.611924731064,1.0119767756848,0.220377322963748,4.59201864363907,4.3897914172532e-06,0.000262779667762034,"PLEKHB1"
"SPTSSB",150.919167422617,1.01072179410379,0.284560247197643,3.55187277231239,0.000382499760644478,0.0123767698018101,"SPTSSB"
"FAM89A",799.525397455871,1.00679238367193,0.172476898423405,5.8372593250164,5.30664681976846e-09,6.35328085406741e-07,"FAM89A"
"ISOC1",9891.67851428731,1.006762079935,0.209867578353203,4.79713011335483,1.60955055870914e-06,0.000108446081799779,"ISOC1"
"HTRA1",970.674267406824,1.00288365242498,0.1785886513613,5.61560684164674,1.95873579175982e-08,2.01892475913575e-06,"HTRA1"
"EMILIN2",161.825275628715,1.0019478604913,0.227879653162842,4.39682896908445,1.09843829458419e-05,0.000591560332764992,"EMILIN2"
"AKAP12",3080.09234150525,0.997091969452166,0.286902264032671,3.4753715618592,0.000510146216303865,0.0159436058444847,"AKAP12"
"COL8A2",85.5490497413525,0.98783581375031,0.302794266508659,3.26239933516726,0.00110473400653199,0.0297196682999683,"COL8A2"
"KLRG1",105.050139688799,0.986096463692698,0.314746676368919,3.13298451652872,0.0017303857003442,0.0428849092996133,"KLRG1"
"C17orf58",597.297653785951,0.982973277380982,0.247630208263966,3.96952086044835,7.20173020572486e-05,0.00304628048225539,"C17orf58"
"LARGE2",73.3234868491406,0.982727433758627,0.259491871779298,3.78712222090121,0.000152402145913863,0.00570189182452731,"LARGE2"
"RASGRP2",153.89984241532,0.980068883062603,0.310958189200282,3.15177061450972,0.00162283706525531,0.0407384452961833,"RASGRP2"
"ANKRD34A",257.728163731678,0.973008880222483,0.235045947529939,4.13965392914738,3.47830145035922e-05,0.00164049344767851,"ANKRD34A"
"LAYN",662.679379076054,0.971490350961853,0.172854490026362,5.62027836716124,1.90650024120389e-08,2.00491687527685e-06,"LAYN"
"NCAN",467.396906833302,0.971490126784346,0.288442274803519,3.36805736068371,0.000756998447161539,0.0221049227610172,"NCAN"
"EFNA3",335.651633142341,0.97112593929713,0.283931163736534,3.42028654592582,0.000625552061041788,0.0188683958877023,"EFNA3"
"CD274",284.53214873993,0.969631128012012,0.266480305996828,3.63865961645794,0.000274060745785975,0.0094160738353486,"CD274"
"BAG3",566.348104450164,0.968398180157672,0.182308898351556,5.31185361172145,1.08515759497243e-07,9.48842292592751e-06,"BAG3"
"SVOP",204.434184685812,0.968338269124093,0.283685941663487,3.41341648248736,0.000641538185496068,0.0193131534217811,"SVOP"
"HIF3A",281.675102152827,0.953256103506462,0.252774177123613,3.77117676478597,0.000162479523730339,0.0060353969148902,"HIF3A"
"BRINP1",344.468618209023,0.952557930301088,0.177564008157927,5.36458903008021,8.1133734014312e-08,7.2572726218319e-06,"BRINP1"
"ITM2A",1695.47510487064,0.948408235555023,0.147075991027205,6.44842321939272,1.1301979463584e-10,1.77680816536587e-08,"ITM2A"
"ADGRE5",530.689994200858,0.948068935742913,0.158392234127684,5.98557713996667,2.15623897584312e-09,2.82014314453969e-07,"ADGRE5"
"CPLX1",748.724949183331,0.94606546722016,0.197828412128734,4.78225274640794,1.73341535372371e-06,0.000115789169808394,"CPLX1"
"TGM2",2498.8822246719,0.94348198605328,0.186629135748441,5.05538421034649,4.29525166083707e-07,3.29316733247626e-05,"TGM2"
"GLRX",493.395668679014,0.941329701035401,0.246059604707871,3.82561657023295,0.000130445189646969,0.00505037047677968,"GLRX"
"BRSK2",435.681457072389,0.940398222140951,0.233274344159067,4.0312972501584,5.54698359592152e-05,0.00243879244878312,"BRSK2"
"NFKBIZ",879.897463463106,0.934017702535658,0.300945960518681,3.10360604583586,0.00191177707815406,0.0463471938386135,"NFKBIZ"
"UNC5A",116.586594612897,0.93283722934712,0.28949815983817,3.22225616172682,0.00127185370338123,0.0332133071131299,"UNC5A"
"ANPEP",473.09051933088,0.928526197350492,0.16236624782564,5.71871438667233,1.07333033282988e-08,1.18477399291945e-06,"ANPEP"
"C1R",642.810489292096,0.927270931712506,0.267102535579371,3.47159164813305,0.000517382693183274,0.016105088473409,"C1R"
"OLFML3",1658.257312716,0.926155252819744,0.148018382623873,6.25702859605742,3.92381487747534e-10,5.60277566541524e-08,"OLFML3"
"SNAI2",209.735092361204,0.924636473656233,0.243067884182774,3.80402568099434,0.000142363411445051,0.00539110495311624,"SNAI2"
"PMEL",142.802306546865,0.923530705514139,0.279897752826989,3.29952883217678,0.00096847278542545,0.0263519413153177,"PMEL"
"HSPB8",145.903023782533,0.918242834161907,0.214283806577445,4.28517137542095,1.82598376144747e-05,0.00092572023658529,"HSPB8"
"LHFPL2",2480.45511130653,0.913312475928692,0.254113606845993,3.59411086743658,0.000325501222812432,0.0109655866490318,"LHFPL2"
"TTC9",720.912849566662,0.912096856512138,0.185950316370383,4.90505676094355,9.34003259663944e-07,6.60764851518619e-05,"TTC9"
"LRRC17",575.659569098851,0.911247248556259,0.220709392586705,4.12871984230702,3.64788552319878e-05,0.00171011115310439,"LRRC17"
"HBEGF",296.996544688703,0.90928273733255,0.211359202647201,4.30207308668892,1.69207474702369e-05,0.000866297742193315,"HBEGF"
"MYO1D",2235.21809083607,0.909099266199329,0.182863914721164,4.97145250108832,6.64531462913192e-07,4.8105896226888e-05,"MYO1D"
"SEZ6",453.383964897847,0.907634223191267,0.267665061221034,3.39093275398299,0.000696551896962794,0.0206891864968109,"SEZ6"
"TMEM176B",124.49762372411,0.905069485665397,0.285084468338117,3.17474147554038,0.0014997005008071,0.0382018634935543,"TMEM176B"
"LITATS1",181.013402601316,0.896372177238734,0.285188177154783,3.14309024371735,0.00167174291326284,0.0418312004855673,"LITATS1"
"TPBG",3258.76470726873,0.894544675251615,0.121287479527833,7.37540823450235,1.63842221207554e-13,3.98443801699121e-11,"TPBG"
"AQP10",203.15032538408,0.891108171350046,0.266532663950353,3.34333570280914,0.000827776947217177,0.0235530537595761,"AQP10"
"FBLN2",242.858592646177,0.888943908706388,0.287767062551472,3.0891092984187,0.00200757567243871,0.0483682782752879,"FBLN2"
"TIMP3",1036.09065589511,0.880828109930133,0.175739973251963,5.01211018546855,5.38363598009014e-07,4.00913446861833e-05,"TIMP3"
"MB21D2",900.575936406,0.879686583518852,0.171876431317782,5.11813386381291,3.08573566711118e-07,2.45032601647543e-05,"MB21D2"
"SRPX",1188.50103516162,0.879420718171459,0.15103859374252,5.82249010918782,5.79772319773584e-09,6.83604271587581e-07,"SRPX"
"COL16A1",1088.69688190746,0.873686234611296,0.161438891014017,5.41186965001784,6.23700851042415e-08,5.71016473272009e-06,"COL16A1"
"BAIAP2L1",433.614000519422,0.870284984124134,0.172339606941841,5.04982574561533,4.42213261604002e-07,3.37382706059053e-05,"BAIAP2L1"
"IFITM3",299.03335817486,0.869112279710113,0.249160333107621,3.48816470451062,0.000486348386195252,0.0153540086871053,"IFITM3"
"CGN",259.370150823998,0.864926898219026,0.244332222169816,3.53996247624632,0.00040018392684646,0.0128664642360123,"CGN"
"FHIT",91.6011507026089,0.86315291453625,0.255519444973122,3.37803220661756,0.000730065296109759,0.0215203338421445,"FHIT"
"CRTAC1",199.916166851128,0.856884875282504,0.212169522316919,4.03868032470079,5.3752762211791e-05,0.0023767272473418,"CRTAC1"
"FAM162A",1054.46216530923,0.853035321394472,0.255998588300672,3.33218759938072,0.000861661505569622,0.024251174814983,"FAM162A"
"SFXN3",2543.22914273555,0.851952548924337,0.144281131195003,5.90480918653794,3.53055146101913e-09,4.50405761797556e-07,"SFXN3"
"ABCC3",918.199644127614,0.851887616234768,0.188210873088872,4.52624018078123,6.00423376174599e-06,0.000348693635327666,"ABCC3"
"OCLN",148.070779675695,0.85085064985573,0.230040981590766,3.69869161560682,0.000216713713259793,0.00775386720270213,"OCLN"
"SGK1",1685.85819868101,0.850134900265636,0.193629568436252,4.39052210430104,1.13078818962384e-05,0.00060272559531868,"SGK1"
"GOLGA7B",424.200738867975,0.848596146928477,0.180132798769879,4.71094743835389,2.46567828042102e-06,0.000157277937526528,"GOLGA7B"
"KCNAB1",218.91713482102,0.847616721549588,0.20133215963917,4.21004137177438,2.55323929085224e-05,0.00124964202273032,"KCNAB1"
"PDZD7",99.5037185234945,0.84628101707913,0.257801246891356,3.28268783523679,0.00102822458326631,0.0278802916619459,"PDZD7"
"COL1A1",2289.69907830489,0.844547854527756,0.189128740824432,4.46546543294415,7.98948717565068e-06,0.000445693112551352,"COL1A1"
"KISS1R",599.055898668414,0.837869466582949,0.230414064072865,3.63636425560371,0.000276513251237313,0.00941718214936004,"KISS1R"
"JPH3",1249.98427187271,0.827845757714743,0.189020398301358,4.37966359797261,1.18862658155562e-05,0.000624992706599043,"JPH3"
"FAM131B-AS2",583.900125884167,0.82680257132466,0.247170241344723,3.34507328562881,0.000822608313815631,0.0235285678832884,"FAM131B-AS2"
"ZNF330",1461.12126327843,0.822617221199673,0.134539882304551,6.11430013992101,9.69816274089152e-10,1.32405442894066e-07,"ZNF330"
"SYBU",1553.8802375866,0.821023473633388,0.123943883279591,6.62415483450147,3.49240549420372e-11,6.24779300135479e-09,"SYBU"
"MYT1L",176.412098899774,0.818760820442826,0.264744885831407,3.09264074307453,0.00198384137355525,0.0479448868602701,"MYT1L"
"STON1",271.373165792431,0.816962769519047,0.211052364201855,3.87090081937053,0.000108433906085433,0.00434023060465709,"STON1"
"ZNF703",131.927585176326,0.816099428125168,0.209671767680737,3.89227141618716,9.93100531420843e-05,0.00402516059141511,"ZNF703"
"GPC4",284.692084625144,0.814846392090957,0.246120254360474,3.3107652769508,0.000930412167396045,0.0256754166194185,"GPC4"
"GSN",1488.79251451124,0.81383903823914,0.193659637158995,4.20241951383486,2.64077155087097e-05,0.00127642759061354,"GSN"
"CAVIN1",1333.40682557612,0.813756424917641,0.168256987677206,4.83639007301617,1.32218337906339e-06,9.09907329166343e-05,"CAVIN1"
"CTSC",2490.24365619165,0.81158543161832,0.124157145692066,6.53675974181312,6.28659144411151e-11,1.063527274306e-08,"CTSC"
"DMTN",1006.69440829498,0.805998749087546,0.163264197097075,4.93677587259569,7.94246585367122e-07,5.696614679564e-05,"DMTN"
"PFKP",3689.99422128451,0.801422075191101,0.137292952340613,5.83731401742195,5.30490577351099e-09,6.35328085406741e-07,"PFKP"
"ARRDC3",1434.19135781436,0.801061581280179,0.219278194106118,3.65317483822633,0.000259017734756116,0.00895856005276488,"ARRDC3"
"ADAMTS2",1258.04991428267,0.799640337913697,0.259097160674722,3.08625666074971,0.00202693777719698,0.0485106587257587,"ADAMTS2"
"FGFR4",390.893188830054,0.797684752139767,0.162817975548879,4.89924254033176,9.62068246887465e-07,6.77539827807987e-05,"FGFR4"
"STK26",1700.48694733232,0.797461747883572,0.249700218577755,3.19367661120108,0.00140473382381526,0.0361974788640078,"STK26"
"MARCHF4",535.774521762222,0.796333834069794,0.216604803600615,3.67643662943925,0.000236514573711236,0.00830950976352523,"MARCHF4"
"PANX2",339.998194454112,0.79579097783641,0.212522642202867,3.74449973700578,0.000180753566351499,0.00665070568958567,"PANX2"
"BHLHE40",309.94413016564,0.795522680949753,0.209016111779359,3.80603521028809,0.00014121228801586,0.0053736627155962,"BHLHE40"
"TNFRSF19",820.684642939321,0.791227963224068,0.256260481031436,3.08759259344014,0.00201784898137727,0.0484657431267837,"TNFRSF19"
"GPR85",388.070227972476,0.783176872372996,0.232195256599438,3.37292364987482,0.000743745728688228,0.0218408651345351,"GPR85"
"ABCB4",529.184626928322,0.779304820845683,0.191002953142002,4.08006686821383,4.50227474684989e-05,0.00203111316405715,"ABCB4"
"CPLX2",1185.73972504034,0.778474068846081,0.196417680503759,3.96336046148953,7.39020667949069e-05,0.00311710506123558,"CPLX2"
"LDOC1",650.759458237608,0.776648061382273,0.224401342939551,3.46097777851306,0.000538217237078338,0.0166206608688239,"LDOC1"
"NELL2",875.414344186916,0.77034679867037,0.172630658743857,4.46239853497508,8.1047308577656e-06,0.000450507253822371,"NELL2"
"FGL1",197.405157029572,0.767641927362176,0.23557266988269,3.25862048320141,0.00111955326338049,0.0300426327435413,"FGL1"
"DYNC1I1",981.436174243002,0.762047249555188,0.168549662021478,4.5212030710455,6.14891653287775e-06,0.000354450877472997,"DYNC1I1"
"GSAP",387.573901984884,0.758025947012454,0.180251913659914,4.20536976069304,2.6065565576625e-05,0.0012677639457331,"GSAP"
"ABCB1",5205.84672581937,0.753695958242183,0.170759666023442,4.41378210553958,1.01580200325789e-05,0.000556688111926262,"ABCB1"
"ELAVL4",4563.17397025129,0.747784330176235,0.233576569507588,3.20145266176599,0.0013673654048779,0.0354694586025326,"ELAVL4"
"JPH4",2598.25088668712,0.746307551139943,0.192315693933125,3.88063779859515,0.000104182897045322,0.00420078396272898,"JPH4"
"IFITM2",1033.87767370922,0.745614488023765,0.208252204305992,3.58034379760134,0.000343142424621962,0.0114361214064587,"IFITM2"
"ZNF385A",1392.81670568587,0.73826797812016,0.135345036235886,5.45471041016585,4.9052720423227e-08,4.54438417063753e-06,"ZNF385A"
"LDHA",18894.0649942284,0.738085409527513,0.197246772731376,3.74193909135683,0.000182605779319529,0.00670301025785176,"LDHA"
"HHIPL1",207.82420682568,0.731238853728804,0.206814793326043,3.53571832057491,0.000406668059925203,0.0130230699605858,"HHIPL1"
"SOD2",4297.73663539927,0.713390778363734,0.182698046394224,3.90475318397432,9.4321599264865e-05,0.00387340731123578,"SOD2"
"RTN1",7571.88068467114,0.712144912381446,0.145741775967613,4.88634715511976,1.02724005225444e-06,7.13748400593219e-05,"RTN1"
"ADAM23",1216.56672747869,0.705674156687707,0.204739158447416,3.44669853114078,0.000567481439941248,0.0172843074975452,"ADAM23"
"NSG2",3477.54342704013,0.699282512536243,0.151682730668019,4.61016563623667,4.02348274081521e-06,0.000245574452462933,"NSG2"
"CXCL16",219.384100053973,0.699241713323814,0.206347047218308,3.3886683756809,0.000702328942931031,0.0208210431767211,"CXCL16"
"SLC17A5",657.050712027092,0.690593615691189,0.177060143744259,3.90033353123594,9.60602585767893e-05,0.00392409938186128,"SLC17A5"
"GABARAPL1",533.045224088391,0.686807420094917,0.19280464112718,3.56219339990824,0.000367769292306859,0.0119748143628953,"GABARAPL1"
"ETS2",1465.30533370578,0.686219222979327,0.134707483080551,5.09414330434032,3.50321717735315e-07,2.72620360741622e-05,"ETS2"
"SOCS3",665.273690175482,0.681656185001028,0.155292155070476,4.38950818018897,1.13607305149331e-05,0.000603403303529983,"SOCS3"
"AK4",704.463548038404,0.680277127884252,0.162957766860409,4.17456093680384,2.98561299022553e-05,0.00143758278806218,"AK4"
"MAPK10",519.348440168444,0.667014324256754,0.149529767390377,4.46074608352315,8.16748141980156e-06,0.000452379647038404,"MAPK10"
"BTN3A3",409.459246590417,0.659398768773212,0.182268656724289,3.61772989730572,0.000297198309894418,0.0100775479198186,"BTN3A3"
"ARHGAP36",10618.5145497012,0.646995498518112,0.136111854790661,4.75341034411136,2.00013820866508e-06,0.000132468727998567,"ARHGAP36"
"PHOX2B",5450.55071601403,0.644485938932796,0.116451527461343,5.5343708492509,3.12347481400902e-08,3.03836012532727e-06,"PHOX2B"
"TMEM192",1150.86833359403,0.644257873587219,0.196862562404997,3.27262769374003,0.00106552729523169,0.028791435456573,"TMEM192"
"SLAIN1",625.756123224277,0.642922972383212,0.190846572510867,3.36879496406258,0.000754975677424166,0.0220872959462965,"SLAIN1"
"SLC16A3",351.320215337102,0.636477698659321,0.187995419159622,3.38560216788529,0.000710222658193668,0.0210150293766659,"SLC16A3"
"TNFRSF12A",1392.89245851366,0.632065449563903,0.191079454880981,3.30786713808453,0.000940093981480064,0.0258509235472716,"TNFRSF12A"
"ALPL",223.036223554792,0.631311086852702,0.200016449795036,3.15629583216595,0.00159786708157193,0.0403066503364433,"ALPL"
"TEAD4",495.791939899528,0.627706574212404,0.192794771799582,3.25582778180796,0.00113062307681338,0.0302874656928115,"TEAD4"
"DCN",1697.9600165776,0.624874817863001,0.145717094852458,4.28827392212081,1.80066947702825e-05,0.000915869926159073,"DCN"
"IMPDH1",2706.40482742289,0.619063444084921,0.18582128645009,3.33149907586715,0.000863795868701132,0.0242673626362174,"IMPDH1"
"NEIL2",2101.99323820069,0.613327016170487,0.13199881894967,4.64645836266416,3.37682251779082e-06,0.000206916793964158,"NEIL2"
"ANKRD37",301.151349542474,0.609156235634221,0.196112085589752,3.10616367064964,0.00189531778402088,0.046019853339315,"ANKRD37"
"SMAD1",1361.97344809132,0.605150988614212,0.18093155054635,3.34464048302724,0.000823892925751232,0.0235285678832884,"SMAD1"
"RNF182",743.475248740654,0.603862612234323,0.181684788248104,3.32368283584481,0.000888371673296324,0.0247538305867053,"RNF182"
"MLLT3",594.186128212835,0.59627900254759,0.172013912426965,3.46645799827826,0.000527364122615225,0.0163569096270191,"MLLT3"
"MYC",1065.26631491995,0.591609050637146,0.133102400037904,4.44476621359697,8.79874951929679e-06,0.00048561609049055,"MYC"
"LHFPL6",566.036050832072,0.585256528063905,0.151857874914264,3.8539754911909,0.000116215234005639,0.00459079670574561,"LHFPL6"
"ENO2",5859.78012740898,0.583823005946497,0.145752714766908,4.00557208749191,6.18675617326208e-05,0.00264534816155635,"ENO2"
"KCNMB4",788.010896546528,0.583277236919982,0.162685937174333,3.58529598225167,0.000336696128879879,0.0112938330816518,"KCNMB4"
"C1RL",493.360330847435,0.582148999837541,0.162997818924928,3.57151404648955,0.00035492350888716,0.0116619454046303,"C1RL"
"DRAM1",849.627382254903,0.580574930399682,0.14751357691395,3.93573895058047,8.29410922746721e-05,0.00346084493341286,"DRAM1"
"ST6GALNAC3",752.91883246751,0.578691305706315,0.187551602579268,3.08550445716257,0.00203207178422362,0.0485106587257587,"ST6GALNAC3"
"OLFM2",2442.34904306896,0.576299393552565,0.141115574805578,4.08388226704644,4.42894761931298e-05,0.00200968340370225,"OLFM2"
"GNAI1",3065.25779190697,0.575283557852763,0.180541905794015,3.18642674853072,0.00144041958237629,0.0369945385810306,"GNAI1"
"BTN3A2",1128.39718761492,0.567778333581118,0.132903520671978,4.27210905106466,1.93632836119651e-05,0.000975307916299759,"BTN3A2"
"RAB29",1247.78012370882,0.562425412361064,0.170019383367655,3.30800760019732,0.000939622595660746,0.0258509235472716,"RAB29"
"OGDHL",1977.96547505998,0.559356046008586,0.12735737484369,4.39201928192303,1.12302736635268e-05,0.000600645976972959,"OGDHL"
"DYRK3",1428.01359947786,0.555618201226496,0.1425905552712,3.89659890284977,9.75529802400266e-05,0.00396426784453205,"DYRK3"
"MAPKAPK3",1304.26330221735,0.549003005656767,0.136549737038743,4.02053506335937,5.8066105536092e-05,0.00251039129601038,"MAPKAPK3"
"MPI",1298.50133347662,0.529198354234491,0.153211795067808,3.45403142101611,0.000552273026117281,0.0169873070721134,"MPI"
"SLC35F2",1314.64068510664,0.521366865700336,0.155217892942045,3.35893533804768,0.000782433732500009,0.0225933183907795,"SLC35F2"
"PLS3",3351.71908029246,0.518211932207803,0.131364404350125,3.9448428573285,7.98523267036417e-05,0.00334091831402011,"PLS3"
"LRFN1",601.353665844522,0.491701877805829,0.148151201445611,3.31891927306672,0.00090366549496526,0.0250667386024816,"LRFN1"
"CMBL",1317.98557313227,0.491413378515014,0.145982334100852,3.36625237253379,0.000761969608131673,0.0221669065064698,"CMBL"
"NFIL3",587.01113567523,0.482002023256512,0.140837875830694,3.42238918624378,0.000620733943256878,0.0187959204141051,"NFIL3"
"GPI",9841.53530803033,0.44037114965821,0.114008638721974,3.86261211952646,0.000112181050985379,0.00447688686547804,"GPI"
"RFTN1",3759.91318386967,0.423876693112067,0.137176413382718,3.0900114871021,0.00200148754283653,0.0482963598708646,"RFTN1"
"HK1",6840.82202391289,0.406461628951444,0.127086064641022,3.19831784940048,0.00138231828909989,0.0357382090557321,"HK1"
"MANSC1",1234.68589903002,0.396371671667395,0.121963403040917,3.24992302432244,0.00115436249855604,0.030669630301595,"MANSC1"
"TPM1",7592.96365305731,0.395648980162681,0.107941587817128,3.6653989269917,0.000246953330516307,0.00857942329499062,"TPM1"
"IGFBPL1",6302.86701249882,-0.403070507501626,0.111281953831118,-3.62206533606811,0.000292260278014692,0.00993174446947745,"IGFBPL1"
"SSBP3",4335.53089775868,-0.41725479368408,0.114739655103811,-3.63653519183551,0.000276329905945007,0.00941718214936004,"SSBP3"
"CYB561",20610.0337053253,-0.428903474231812,0.119193911139858,-3.59836731700625,0.000320221146722487,0.010811110471993,"CYB561"
"NPAS2",389.146061615926,-0.49526185520277,0.153262649456192,-3.23145826435901,0.00123160308350054,0.0323795107966257,"NPAS2"
"NDRG4",4123.84438144286,-0.500391277181041,0.148068789995569,-3.37945138334698,0.000726306518963958,0.021450160647353,"NDRG4"
"VSIG10",812.795301990601,-0.507737316588547,0.135470339605801,-3.74795928072514,0.000178279187570075,0.00659082488204431,"VSIG10"
"ITPK1",3470.62916082466,-0.511712445129027,0.153406077698112,-3.33567256791498,0.00085093322649909,0.0241237244758321,"ITPK1"
"SREBF1",4232.74459172555,-0.5134626084549,0.158746811473473,-3.23447509709952,0.00121866547767137,0.032147982194029,"SREBF1"
"SPSB4",898.049170684722,-0.530396268835723,0.118384012795968,-4.48030317868889,7.45370865572782e-06,0.000421852805519083,"SPSB4"
"IL4R",463.2635772794,-0.538555431519424,0.147987864119083,-3.63918646116858,0.000273500716283614,0.0094160738353486,"IL4R"
"HAND1",3159.88960718401,-0.540499802990456,0.166897094351439,-3.23852134808478,0.00120151028706309,0.031803241680017,"HAND1"
"PLAT",6235.64510730681,-0.554398334750865,0.149349368834085,-3.71209024235486,0.000205554668067162,0.00740567790230859,"PLAT"
"SERPINE2",1124.28887595087,-0.555961637480128,0.145613348656137,-3.818067798118,0.000134500966743105,0.00516882233676466,"SERPINE2"
"RADIL",1515.77470123085,-0.567430033931303,0.181408589217364,-3.12791161862466,0.00176053112150546,0.0433558645175806,"RADIL"
"TFAP2B",10838.9969877766,-0.575383429969274,0.185116554584239,-3.10822244537531,0.00188216343908529,0.0457718621342554,"TFAP2B"
"FXYD6",1662.25499343863,-0.57936041291541,0.136141101511502,-4.25558781648657,2.08500507736623e-05,0.00104009676359385,"FXYD6"
"FZD7",4100.38151400701,-0.582594819289968,0.18050940497146,-3.22750395959747,0.00124875312755047,0.0327198546754134,"FZD7"
"ALDH1A3",1991.97145958997,-0.58925635298162,0.115774398650058,-5.08969478444643,3.58640296468007e-07,2.77705351951645e-05,"ALDH1A3"
"GALNT16",456.772954043386,-0.590085912061167,0.177545312421705,-3.32357922612791,0.000888701752763011,0.0247538305867053,"GALNT16"
"SEMA6C",1623.88570332772,-0.590858341718129,0.167854678430047,-3.52005882257472,0.000431451101670309,0.0137323209537765,"SEMA6C"
"BEGAIN",5252.57270522668,-0.594157113463691,0.172262281567573,-3.44914225016011,0.000562370362699119,0.017195937770234,"BEGAIN"
"TCF7",1436.97930310432,-0.600084422182457,0.139522236415885,-4.30099486359821,1.70033001955003e-05,0.000867670046697597,"TCF7"
"TMEM198",954.733316131973,-0.612354414016318,0.157978494589115,-3.8761884369704,0.00010610552309133,0.00426725157982805,"TMEM198"
"TDRKH",1932.62395263654,-0.616384022770006,0.161757352781797,-3.81054716938574,0.000138659551478185,0.00530245026832057,"TDRKH"
"AQP1",517.409715929459,-0.616801509342498,0.180957536875575,-3.40854279955526,0.000653108390920641,0.0196032395970079,"AQP1"
"SH3TC1",1636.63928360787,-0.629461770449526,0.164130856206757,-3.83512146952179,0.000125502254292383,0.00489553154337507,"SH3TC1"
"PRRT2",635.77792647815,-0.637050705240444,0.203605057692281,-3.12885501205599,0.00175488876782658,0.0433541091784966,"PRRT2"
"DOC2B",6175.60698218322,-0.645798304796819,0.19281556350445,-3.34930590176095,0.000810142964656758,0.0232224027285741,"DOC2B"
"ALS2CL",578.307095414455,-0.648636088525827,0.194891166304362,-3.32819645356758,0.000874102033414311,0.0245126559424511,"ALS2CL"
"RGS16",1564.44781800825,-0.653491482458582,0.15696795201436,-4.16321595632973,3.13796320405893e-05,0.00149355533051906,"RGS16"
"BMP7",354.025906189341,-0.654208380261567,0.211878785559125,-3.08765400242967,0.00201743209598457,0.0484657431267837,"BMP7"
"MAPK8IP2",3494.68759848734,-0.659370323771322,0.12723666426351,-5.1822352274636,2.19242469190617e-07,1.80544433358877e-05,"MAPK8IP2"
"DOK4",13961.7640314725,-0.661861023748949,0.1347966189683,-4.91007140100895,9.10432370632518e-07,6.47030566964589e-05,"DOK4"
"DDC",7608.26140845171,-0.662488567544884,0.212145997489648,-3.12279550585068,0.00179142169186428,0.0440468992293454,"DDC"
"GPRC5C",1104.53697967456,-0.672144313751439,0.211617489458187,-3.17622288910221,0.00149206263703472,0.0380696112832925,"GPRC5C"
"FEV",2150.62034720484,-0.675200992158544,0.213860981180134,-3.15719580277164,0.0015929434372394,0.0402476812616785,"FEV"
"SSTR2",874.828196313754,-0.682765227314305,0.179362571592573,-3.80662041836256,0.000140878713635322,0.0053736627155962,"SSTR2"
"ADAMTSL2",692.876499847246,-0.68360179006142,0.182972950770394,-3.73608113758437,0.000186910380637456,0.00683434768521364,"ADAMTSL2"
"TNFRSF25",1409.01072868105,-0.684995274512761,0.218550524929593,-3.13426506174458,0.00172285153310828,0.0428346026538295,"TNFRSF25"
"MAPK11",2901.20409234289,-0.688787249263294,0.198866132129179,-3.4635724137073,0.000533053097435321,0.016493913336945,"MAPK11"
"FBLN7",1063.63797546287,-0.694169578058311,0.207258693025674,-3.34929053119293,0.000810187913236683,0.0232224027285741,"FBLN7"
"SCUBE1",1520.95230898151,-0.695004969896546,0.213858898286024,-3.24982956270081,0.00115474192731526,0.030669630301595,"SCUBE1"
"RHBDL3",507.200566561061,-0.695058795671094,0.203142473789456,-3.42153358037511,0.000622690348942634,0.018818548720278,"RHBDL3"
"TMEM255B",558.083473696515,-0.696585666675472,0.208597876780045,-3.33937083841934,0.000839683886907428,0.0238482482040643,"TMEM255B"
"STOX1",329.922250343147,-0.700861695061765,0.208370803431798,-3.36353118344224,0.000769521421556996,0.0223032242180877,"STOX1"
"RYBP",3888.64177434236,-0.710959812611906,0.221276530977297,-3.21299240128115,0.00131359764890763,0.0342459527765465,"RYBP"
"OLFM3",323.224717874275,-0.714653693226705,0.219072757717666,-3.26217509046802,0.00110560832341825,0.0297196682999683,"OLFM3"
"TACC2",900.520236959653,-0.717703445016553,0.132924832565824,-5.39931802931667,6.68946972573923e-08,6.05319225647706e-06,"TACC2"
"MMP15",3270.65826505763,-0.724778468791688,0.166139816045957,-4.36246100447832,1.28607514570321e-05,0.000669447276512534,"MMP15"
"ATCAY",2295.86649060084,-0.731111938975727,0.198827801063369,-3.67711122421312,0.00023589020374655,0.00830632382604369,"ATCAY"
"ACVRL1",202.115249745566,-0.742307109091156,0.233223712649171,-3.18281147598305,0.00145852546162884,0.0373537626546852,"ACVRL1"
"KLLN",127.396499617036,-0.747054501377237,0.235368366598895,-3.17398005591098,0.0015036402235673,0.0382396347052313,"KLLN"
"FAM163B",1036.0660033615,-0.747221858076002,0.176507786453306,-4.23336484520289,2.30220561257268e-05,0.0011411314698752,"FAM163B"
"PPM1E",813.302100425787,-0.753925107461068,0.215663435666447,-3.49584112453404,0.000472569980950042,0.0150097375538221,"PPM1E"
"SHD",7014.86652637165,-0.762323124012678,0.230571804892523,-3.30622872283982,0.000945608649698302,0.0259567072732,"SHD"
"GBP2",715.151827054108,-0.763153680195946,0.135858889281296,-5.61725246123451,1.94017838890055e-08,2.01892475913575e-06,"GBP2"
"SOX18",486.541395164266,-0.770274758450626,0.244287308993942,-3.15315094190885,0.00161518266351232,0.0406117980208494,"SOX18"
"ERFE",351.88047421851,-0.784443046254898,0.225102429540263,-3.48482709785497,0.000492455145556566,0.0154839836069543,"ERFE"
"WNT10A",172.229774598547,-0.786804173019118,0.243455902036972,-3.23181391962981,0.00123007129699815,0.0323795107966257,"WNT10A"
"NAT8L",1412.39080849667,-0.789614653432229,0.220620075860252,-3.57906981199842,0.000344819354348237,0.0114516697563855,"NAT8L"
"MYO7A",255.503920899528,-0.803225770119507,0.256782175944685,-3.12804331984684,0.00175974242759657,0.0433558645175806,"MYO7A"
"CADM1",6260.1603790326,-0.815365768266101,0.234719052200032,-3.47379456683913,0.000513153756362352,0.0160054610501476,"CADM1"
"PTPRU",1850.79797082338,-0.823142416201625,0.249410806814263,-3.30034783462539,0.00096565063404419,0.0263211671948578,"PTPRU"
"OPRD1",1078.72953818601,-0.832771906895422,0.166820744499288,-4.99201648688828,5.97521532372085e-07,4.34571267749492e-05,"OPRD1"
"EFNB2",2495.56148119393,-0.834463977170982,0.142443593131671,-5.85820645790385,4.67892751288633e-09,5.76987071778547e-07,"EFNB2"
"NT5E",1299.63161360623,-0.837130406746387,0.127163800451455,-6.58308735484798,4.60778228525323e-11,8.14949130541833e-09,"NT5E"
"ASB9",393.236746634912,-0.842860011046736,0.165426796890329,-5.09506335666716,3.48624646768512e-07,2.72620360741622e-05,"ASB9"
"AASS",122.794329840518,-0.844934547364224,0.234504073454587,-3.6030698099061,0.000314481023734113,0.0106403970726038,"AASS"
"PDLIM3",275.662610439572,-0.853501968932228,0.161417857435273,-5.28753127128128,1.23978171672233e-07,1.06607528392631e-05,"PDLIM3"
"PLD5",234.225663426717,-0.859883241142516,0.250627203591889,-3.43092540960843,0.000601525976996966,0.0182498056646799,"PLD5"
"SLC43A2",1554.65639976085,-0.866161235688087,0.185064196789787,-4.68032850606944,2.86415608978813e-06,0.000179027009564107,"SLC43A2"
"DBH",33082.9295177313,-0.867051773884717,0.149634099177028,-5.79447985889187,6.85332474853487e-09,7.90112195453309e-07,"DBH"
"CAMK4",4000.63315330241,-0.874718929369492,0.263406261307537,-3.32079778600336,0.000897605460154219,0.0249470203247147,"CAMK4"
"RGS11",300.793955966522,-0.876246569771274,0.27810181794193,-3.1508120883778,0.00162817205639449,0.0408065537612301,"RGS11"
"LINC02600",111.271504859414,-0.877996117407557,0.218112456728148,-4.02542858201757,5.68716394320231e-05,0.00247941231406165,"LINC02600"
"CBLB",1562.33105677026,-0.879836105837122,0.246398493700382,-3.57078524557457,0.000355912623181662,0.0116619454046303,"CBLB"
"LFNG",950.822155753207,-0.89233043099704,0.173067227853733,-5.15597575614482,2.52313542490331e-07,2.04531665381225e-05,"LFNG"
"INAVA",512.079006662806,-0.901521448850451,0.24424098060181,-3.69111459767767,0.000223273508686682,0.00791578334669594,"INAVA"
"PTX3",584.232962423286,-0.906427329712863,0.194026469698195,-4.67166841267995,2.98762990552826e-06,0.000185256859958732,"PTX3"
"BMP2",102.435025355462,-0.91682456762073,0.245896919134586,-3.72849147865462,0.00019262942127291,0.00702127473698262,"BMP2"
"COL7A1",1449.08784941299,-0.92004034967835,0.217952572777795,-4.22128694308344,2.42911483588616e-05,0.00119731405842216,"COL7A1"
"IL20RA",212.220227045336,-0.920455935592886,0.277712755606199,-3.31441720630977,0.00091834371605093,0.0253873918234754,"IL20RA"
"EFHD1",449.462066337007,-0.920538374534698,0.157784583686046,-5.83414648649295,5.40666066676609e-09,6.42360813874407e-07,"EFHD1"
"SERPINA6",108.649841594372,-0.934959738143588,0.292418380947202,-3.19733573216247,0.00138703386765808,0.0358006552507967,"SERPINA6"
"APLN",291.195916819584,-0.938989277484889,0.231602171024396,-4.05431984221762,5.02803829441934e-05,0.00224230338149979,"APLN"
"SPON2",228.760143006802,-0.948662042684417,0.285873684808435,-3.31846578785354,0.000905134097570977,0.0250667386024816,"SPON2"
"LRRC4C",540.991483549438,-0.950185384142233,0.227753711975459,-4.17198637906116,3.01955691538661e-05,0.00144604257941776,"LRRC4C"
"B3GNT4",163.408106275106,-0.951760855385109,0.24876735708346,-3.82590733182811,0.000130291299288297,0.00505037047677968,"B3GNT4"
"LINC00511",172.531382235799,-0.959138541148151,0.232972990311475,-4.11695166837075,3.83916543357764e-05,0.00177835627405364,"LINC00511"
"ASIC4",191.406171874259,-0.962696901360632,0.278433564865831,-3.45754615405124,0.000545118858582846,0.0168004552771949,"ASIC4"
"MGAT5B",1443.47812709377,-0.966753196773934,0.208019612704744,-4.64741369433329,3.36122649299981e-06,0.000206775213980431,"MGAT5B"
"FOSL2",1627.09751616125,-0.970490900987459,0.293891125483021,-3.30221233932267,0.000959254231730977,0.0262387220784902,"FOSL2"
"SHISA5",2951.97329458319,-0.972832719391853,0.184692088999867,-5.2673220854227,1.38428211327823e-07,1.18378938522321e-05,"SHISA5"
"NCAM2",878.14360317939,-0.97365813040314,0.259853476099187,-3.74695057006469,0.00017899734118239,0.00660169340796854,"NCAM2"
"BTBD19",246.791721763744,-0.97675589246216,0.229221961966295,-4.26117935682701,2.03350950403146e-05,0.00102095296518535,"BTBD19"
"GSC",95.8505731450771,-0.982300385669653,0.281033981082277,-3.49530822531412,0.000473514593865758,0.0150097375538221,"GSC"
"DACH1",340.37636303801,-0.985949535920488,0.237181128900388,-4.15694764794956,3.22527861974887e-05,0.00152578226254624,"DACH1"
"TESC",195.778442294889,-0.991767625597582,0.297615376335698,-3.33238032862559,0.000861064938268906,0.024251174814983,"TESC"
"IGDCC3",748.936082349467,-0.991780575821,0.152756006491464,-6.49257988998569,8.43787467299868e-11,1.39709661075055e-08,"IGDCC3"
"CRACDL",112.176626497369,-0.998854940801365,0.263203234970446,-3.79499492441088,0.000147646476662754,0.00555065160091571,"CRACDL"
"MATN2",181.399983350721,-1.00295227381469,0.271396349710026,-3.69552602636808,0.000219431999466089,0.00779735077554841,"MATN2"
"PCDH10",308.521167306661,-1.0225133434421,0.322532508670587,-3.17026444142543,0.00152300263110151,0.0386688628881957,"PCDH10"
"PLXDC2",443.528695429624,-1.02788324717957,0.286935453622653,-3.58228038467262,0.000340607928599885,0.0113856473341728,"PLXDC2"
"CDKN1C",1313.69996982266,-1.0313367780288,0.252174105950942,-4.08978064635009,4.31781338202948e-05,0.00197654257287961,"CDKN1C"
"ANO9",3420.61695212505,-1.04333046342484,0.186933706044275,-5.58128593019884,2.38746776114586e-08,2.42866328329897e-06,"ANO9"
"DIO3",465.439246757376,-1.04695372391742,0.254126665259364,-4.11981057890516,3.79183996357461e-05,0.00176398859986658,"DIO3"
"GNAO1-DT",56.8113196225151,-1.05534746320285,0.320165954120106,-3.29625136471241,0.000979843029857856,0.0266147939209558,"GNAO1-DT"
"FAM86GP",168.150262096916,-1.0632935166172,0.318012836181055,-3.34355534004869,0.000827121952451874,0.0235530537595761,"FAM86GP"
"ASIC1",2061.89129463044,-1.06524948222827,0.154632017789187,-6.88893217238197,5.6212731320119e-12,1.10746196236245e-09,"ASIC1"
"DISP3",149.455329163918,-1.08405481457062,0.265830947513485,-4.0779857451158,4.54275510320563e-05,0.00204345203544198,"DISP3"
"DMD",137.676435076681,-1.0951162634809,0.354868782706787,-3.08597520223624,0.00202885741776477,0.0485106587257587,"DMD"
"ST8SIA1",786.350376744389,-1.09653093848316,0.140130232772856,-7.82508468576214,5.07315293414469e-15,1.61139902585771e-12,"ST8SIA1"
"TNFRSF4",136.604510455019,-1.10185105807515,0.267167171462411,-4.12420078426503,3.7202426509733e-05,0.00173879449308554,"TNFRSF4"
"VSTM4",560.731856185089,-1.1151167004162,0.202979442176141,-5.49374206797028,3.93505097954518e-08,3.74201307390056e-06,"VSTM4"
"NKX2-5",210.649459659765,-1.11636691981382,0.253559674115757,-4.40277786168858,1.06873579448558e-05,0.000579575048967722,"NKX2-5"
"GDF6",89.1969357906045,-1.12925999967219,0.334570145959256,-3.37525632011922,0.000737469694349205,0.021697501555484,"GDF6"
"GPRIN3",414.973768029865,-1.13957037327503,0.236487336018353,-4.81873741089709,1.44469544912923e-06,9.78110381003384e-05,"GPRIN3"
"CBFA2T3",139.15533263046,-1.14140416679262,0.204681455199665,-5.5764903844327,2.45419473269756e-08,2.47072397592608e-06,"CBFA2T3"
"LRRTM1",152.362231851343,-1.14474952853907,0.243468578129282,-4.70183683387352,2.57831501971987e-06,0.000163125589296423,"LRRTM1"
"KRT80",238.372156690527,-1.14743722036856,0.21947349522245,-5.22813572183538,1.71227800558323e-07,1.43279004725255e-05,"KRT80"
"FAIM2",510.031641430333,-1.14818545884089,0.22773249551079,-5.04181652366116,4.61133321755736e-07,3.50101415600306e-05,"FAIM2"
"SEMA5B",1582.24691100992,-1.14846855917077,0.242696901450151,-4.7321105144256,2.22197374973542e-06,0.000145305880003706,"SEMA5B"
"ASCL1",905.554198575172,-1.14975793250936,0.195033870234125,-5.89517057283002,3.74294531620953e-09,4.69800007270042e-07,"ASCL1"
"TMCC3",88.0169490853416,-1.15034668757234,0.301349488300166,-3.81731754071043,0.000134910489282654,0.00517179028373208,"TMCC3"
"B3GNT8",94.4054448397342,-1.15527262058871,0.325155494905647,-3.5529850754143,0.000380886073636038,0.0123502309376485,"B3GNT8"
"VSTM2A",92.4545974506907,-1.15857767783856,0.356010921803135,-3.2543318389519,0.00113659428459899,0.0303429733198947,"VSTM2A"
"CHST1",65.4650615110303,-1.16205318029939,0.288563134130141,-4.02703271089131,5.6485176839413e-05,0.00246948115822647,"CHST1"
"RIMS3",6684.90331129148,-1.16971701505944,0.297642951095462,-3.92993353531251,8.49693454832295e-05,0.00352656771493596,"RIMS3"
"MAP3K5",557.017353939362,-1.17172136980525,0.28105523888205,-4.16900739678789,3.05929061764423e-05,0.00146057666174892,"MAP3K5"
"TRIM56",380.175987739462,-1.1726133866702,0.273861818265237,-4.28177025223181,1.85412362194435e-05,0.00093693441727084,"TRIM56"
"MYCN",625.528166861302,-1.1738228471028,0.160255683758956,-7.32468777125167,2.39455564920174e-13,5.61969474134392e-11,"MYCN"
"MAOA",2351.82142952366,-1.18830667146215,0.161674019423182,-7.35001625927142,1.98182746036968e-13,4.74540962972212e-11,"MAOA"
"DRGX",235.990408487894,-1.20102996325448,0.189504112841543,-6.33775143581574,2.33142547939525e-10,3.48906790012574e-08,"DRGX"
"IGF2",7706.58037599534,-1.20229745307882,0.206822683078722,-5.81317984653159,6.12971441144298e-09,7.17314850373673e-07,"IGF2"
"PTGDS",58.678883415683,-1.2130941696678,0.326944363595904,-3.71039939739459,0.000206932518699099,0.00743810097236207,"PTGDS"
"RAMP2-AS1",109.616796917083,-1.21869617435973,0.344290745126685,-3.53972969535183,0.000400537046316231,0.0128664642360123,"RAMP2-AS1"
"IGF2-AS",83.4953838211207,-1.22800009340158,0.273168328606135,-4.49539703108175,6.94402556248531e-06,0.000397341227406329,"IGF2-AS"
"PRSS8",102.922385785211,-1.23972676337583,0.313480969872398,-3.95471139406152,7.66270940450733e-05,0.00321462019330868,"PRSS8"
"SOWAHA",155.268399750727,-1.26596069419745,0.287990218783533,-4.39584614902843,1.10342070429592e-05,0.000592194477298679,"SOWAHA"
"NT5C1A",511.280150627046,-1.26931856958948,0.215643395624266,-5.88619264649832,3.95193641962504e-09,4.92063507480353e-07,"NT5C1A"
"S100A13",173.489235690686,-1.29685436712055,0.374126694230024,-3.46635080340779,0.00052757444312282,0.0163569096270191,"S100A13"
"PTPRD",285.314447450337,-1.30739243598768,0.396114294717151,-3.30054343764907,0.000964977744992643,0.0263211671948578,"PTPRD"
"FZD5",368.701349233971,-1.31311476114267,0.239843313761892,-5.47488583503432,4.37793763882113e-08,4.08013301859952e-06,"FZD5"
"SCUBE2",53.8345308681497,-1.31822126356981,0.423464008082487,-3.11294759037239,0.00185228907667059,0.0451158484965587,"SCUBE2"
"CDK6-AS1",68.3874892691856,-1.3200447765787,0.286478888881878,-4.6078256646792,4.06901595970222e-06,0.000247383454675021,"CDK6-AS1"
"NGEF",69.2661817481008,-1.32168798993077,0.352049252009638,-3.7542701266543,0.000173847304412433,0.00644228439494074,"NGEF"
"SHISA3",99.1727803880451,-1.33623344479809,0.298168151404951,-4.48147610166221,7.41285349216412e-06,0.000421071721722782,"SHISA3"
"NR4A3",450.530728877713,-1.34030322903322,0.291620654356543,-4.59605041347494,4.30574563791938e-06,0.000258743726287943,"NR4A3"
"TFPI",477.887647458273,-1.34605646920805,0.280958858823593,-4.79093798588215,1.66003432439358e-06,0.000111365406141645,"TFPI"
"ZBTB7C",90.3646292236714,-1.34964213418041,0.377598458273955,-3.57427872017744,0.000351194673325151,0.011605082580961,"ZBTB7C"
"TMEM200B",249.209487065283,-1.35739211782443,0.243433027516133,-5.57603925677043,2.46056422686034e-08,2.47072397592608e-06,"TMEM200B"
"FLRT1",208.632315073872,-1.36378240888956,0.427599454423039,-3.18939230343433,0.00142572251644666,0.0366775954478938,"FLRT1"
"FAM20C",587.605742979721,-1.39153969937211,0.19621790565083,-7.09180793035449,1.32371148425595e-12,2.86142299179995e-10,"FAM20C"
"PCDHGA1",58.7680378250747,-1.39847268144166,0.391426608048963,-3.57275834775831,0.000353240706784781,0.0116479626279626,"PCDHGA1"
"LCNL1",120.767127618106,-1.40670166924084,0.314728374715213,-4.46957370943664,7.83756466779134e-06,0.000440374933175106,"LCNL1"
"DTX4",153.493241177697,-1.41557196663135,0.25834280118454,-5.47943259940181,4.26691949152811e-08,4.00062258832189e-06,"DTX4"
"C1QL1",933.533999244359,-1.41828557590008,0.219139934374915,-6.47205439732225,9.6679300956591e-11,1.58391225272461e-08,"C1QL1"
"TNF",139.702545410776,-1.41902357276876,0.276473360575854,-5.13258698709032,2.85786572960973e-07,2.29738337349494e-05,"TNF"
"PRSS36",39.2995696007987,-1.42077278951928,0.390269206038202,-3.64049422177624,0.00027211521479732,0.00939069002905874,"PRSS36"
"OR2I1P",596.382678852739,-1.42312963472716,0.166896775458029,-8.52700497550985,1.50185411913302e-17,7.30464297193323e-15,"OR2I1P"
"CPS1",640.243810099678,-1.43590631047775,0.250496499602983,-5.7322410203478,9.91122975091548e-09,1.10184557030892e-06,"CPS1"
"DIO3OS",150.403799057454,-1.43813813436444,0.25357635760558,-5.67142042714153,1.41618377195998e-08,1.53458724495865e-06,"DIO3OS"
"TNN",157.332420145368,-1.43916723483345,0.292086041276405,-4.92720305477229,8.34150556000621e-07,5.95537580440076e-05,"TNN"
"KIAA2012-AS1",27.7741978860994,-1.44500258896085,0.463013757728154,-3.12086318136846,0.0018032179188673,0.0441972971484262,"KIAA2012-AS1"
"CCDC3",760.8001488573,-1.45315303931743,0.151672046565006,-9.58088897873885,9.62131893111613e-22,6.80664581108598e-19,"CCDC3"
"NPR1",52.6872521999982,-1.46017254767803,0.359191678527453,-4.0651625161924,4.79990037227956e-05,0.00215290055890948,"NPR1"
"S100A16",274.352712632166,-1.46442474120688,0.303908489399836,-4.8186371631107,1.44542140600603e-06,9.78110381003384e-05,"S100A16"
"MTSS1",573.079923031119,-1.46457234395675,0.186128565998093,-7.86860596117072,3.58614743929421e-15,1.16280830719115e-12,"MTSS1"
"PPP4R4",152.887593928337,-1.47395724656519,0.321183695035474,-4.5891409475266,4.45073842217761e-06,0.000265407252117902,"PPP4R4"
"ADAMTS17",241.892271757541,-1.47469482261593,0.412955951596011,-3.57107051470371,0.00035552515487699,0.0116619454046303,"ADAMTS17"
"NGFR",1478.08319902444,-1.47502156372633,0.179230748160247,-8.22973501403647,1.87628038242973e-16,7.48780201849648e-14,"NGFR"
"IFFO2",66.564334176358,-1.50257057539064,0.425338337093553,-3.5326478813504,0.000411420052243995,0.0131216018301753,"IFFO2"
"VLDLR",687.113582417885,-1.51608790790753,0.272263131546213,-5.5684656945562,2.56992211799417e-08,2.54766037225868e-06,"VLDLR"
"CRABP2",9295.34391602246,-1.51803996725103,0.29270342887433,-5.18627326331318,2.14543941777022e-07,1.77614995203063e-05,"CRABP2"
"SLC35D3",575.781052277174,-1.55685270328932,0.183780597525689,-8.47125716343207,2.42758628397103e-17,1.07951294067786e-14,"SLC35D3"
"IFITM10",103.558143513312,-1.55881303647802,0.381637400157385,-4.08453950224789,4.41643131939955e-05,0.00200968340370225,"IFITM10"
"ZNF229",195.110739867073,-1.59369198186366,0.335987475226941,-4.74330771046514,2.10256519898139e-06,0.000138077319649563,"ZNF229"
"SPOCK3",402.871701100193,-1.5946003546565,0.277284574641102,-5.75077195231807,8.88368781326761e-09,1.0019254864181e-06,"SPOCK3"
"MMP23B",86.5651512785017,-1.60107748435394,0.449144591309845,-3.5647261824632,0.000364236238019897,0.0118846390116178,"MMP23B"
"CHGB",24651.5952446458,-1.60479148862787,0.18249096634073,-8.79381330926565,1.44567713059118e-18,7.75879960707626e-16,"CHGB"
"INSM2",6380.39771092006,-1.63108997405597,0.161468831855652,-10.1015778420575,5.43604151019124e-24,4.97685588615391e-21,"INSM2"
"IER3",596.461345987396,-1.6332000924622,0.220128105938339,-7.41931651799011,1.17726265550437e-13,3.0037567164377e-11,"IER3"
"PRKD1",154.721616891544,-1.63434262485507,0.387182423300458,-4.22111781553369,2.43093833501286e-05,0.00119731405842216,"PRKD1"
"DLK1",11980.0338460279,-1.63890722823557,0.20159221967341,-8.12981389306931,4.29950020736593e-16,1.63213222505959e-13,"DLK1"
"FOXD1",270.262612112527,-1.64121175966434,0.202215281922328,-8.1161608759853,4.81162754370359e-16,1.78305169262387e-13,"FOXD1"
"NELL1",598.79383316245,-1.67724350188142,0.18074736446118,-9.27949077919553,1.7029045990747e-20,1.01938489153841e-17,"NELL1"
"PCDHB2",22.8408491832423,-1.69245125673232,0.465326108218845,-3.63712937408695,0.000275693475158127,0.00941718214936004,"PCDHB2"
"ELFN1",26.0815448679385,-1.73197214580452,0.48256943019346,-3.58906312219193,0.000331868485425635,0.0111559419161222,"ELFN1"
"OSTF1",75.7388289467398,-1.73237448133549,0.415036966033328,-4.17402454025355,2.99265499442396e-05,0.00143758278806218,"OSTF1"
"TRPA1",101.110433283993,-1.73321521790543,0.330027092811085,-5.25173616245367,1.50672185225769e-07,1.27449015807276e-05,"TRPA1"
"LRRN2",165.282319409191,-1.74470726154261,0.256459379251306,-6.80305499699803,1.02423523934168e-11,1.96804904507579e-09,"LRRN2"
"RERG",776.896543393873,-1.76705825786928,0.167746410815293,-10.5341047196235,6.01529119215687e-26,7.80183267622746e-23,"RERG"
"CHGA",21162.723935636,-1.77195637574879,0.264439023358868,-6.70081273649267,2.07263512100385e-11,3.84029678848855e-09,"CHGA"
"CA10",74.2751096362441,-1.8058349088239,0.328728968074487,-5.49338538493118,3.94301043510467e-08,3.74201307390056e-06,"CA10"
"ZNF208",35.4772926008437,-1.82037309231946,0.439974842362072,-4.13744813804922,3.51189792944117e-05,0.00165133472428467,"ZNF208"
"TF",53.2229842824426,-1.82631992247778,0.364852921769304,-5.0056332661975,5.56786753127825e-07,4.12658525032451e-05,"TF"
"FAM30A",405.102150653189,-1.82786279648457,0.32064723689639,-5.70054123708294,1.19427637616483e-08,1.30899419145278e-06,"FAM30A"
"LTB",318.464764478326,-1.82840733823864,0.330603579041607,-5.53051283818233,3.19295927604798e-08,3.08665951381434e-06,"LTB"
"PABPC5",62.4561384484742,-1.86693321605938,0.410938559444874,-4.54309573329253,5.54340608648076e-06,0.000325575744641459,"PABPC5"
"NTN1",44.4243603352526,-1.92968583215658,0.59356910416047,-3.2509876586078,0.00115004849763781,0.0306495801664981,"NTN1"
"KIF17",378.29893163495,-1.9462415505071,0.192091620430679,-10.1318399321299,3.99068487501472e-24,3.88193871217057e-21,"KIF17"
"THEM5",36.8295868672971,-2.01045877348442,0.507431581766403,-3.96202925818271,7.43154306830104e-05,0.00312606854905506,"THEM5"
"ZNF217",3105.34681062755,-2.06515837187303,0.317770357310182,-6.4989018779281,8.09084087977294e-11,1.35404137046007e-08,"ZNF217"
"APCDD1L",35.0967383524377,-2.07825865204911,0.477447956556301,-4.35284856393357,1.34379977359519e-05,0.000697163322541185,"APCDD1L"
"RASD2",97.8950606026388,-2.10104567858346,0.432031926629922,-4.86317225435799,1.15519231919573e-06,7.99085033598324e-05,"RASD2"
"KCNG4",15.6917123835886,-2.17502537279088,0.609536996391348,-3.56832380260381,0.000359272333957726,0.0117472995918446,"KCNG4"
"RORC",181.446707700592,-2.17550821413967,0.256175013516582,-8.49227324818256,2.02633897543171e-17,9.55695145867248e-15,"RORC"
"PDZD2",171.521053206806,-2.20225093965522,0.341221705526316,-6.4540177368212,1.08923053907503e-10,1.72987592960854e-08,"PDZD2"
"DPP6",186.953942115208,-2.2458185224987,0.255831749242361,-8.7784980916154,1.656720960842e-18,8.59506834484831e-16,"DPP6"
"HMCN1",77.0966468662229,-2.2473494176038,0.627977887054341,-3.57870788754275,0.000345297146971263,0.0114516697563855,"HMCN1"
"TNR",16.8337075907674,-2.26414695134243,0.720504321504426,-3.14244742712278,0.00167541797625541,0.0418558673875428,"TNR"
"NR2F2",283.449876695112,-2.30119347339833,0.237828248387392,-9.67586268242607,3.8185737627709e-22,3.12801484440875e-19,"NR2F2"
"PCSK2",213.890041968803,-2.3241720605053,0.202384046702863,-11.483968713787,1.58819279243631e-30,4.11977210357978e-27,"PCSK2"
"DSCAML1",42.7958141327278,-2.32552235562102,0.429354106264868,-5.41632727319581,6.08357037484209e-08,5.60264433810901e-06,"DSCAML1"
"SPINK4",23.8845210736244,-2.33061020697917,0.640781278766857,-3.63713841868833,0.000275683798075419,0.00941718214936004,"SPINK4"
"COL6A3",30.0584792363036,-2.35031847069582,0.610653034264443,-3.8488607094647,0.000118668457909624,0.00466402999723584,"COL6A3"
"CBLN4",30.9346400566241,-2.35235087464682,0.501110678755175,-4.69427408829198,2.67555103399208e-06,0.000168592211712764,"CBLN4"
"SLC24A2",18.9877365912187,-2.37116584225677,0.681793678000723,-3.47783489164923,0.000505481179427506,0.0158295957275849,"SLC24A2"
"AJAP1",178.99302712295,-2.4110564555434,0.358195575258191,-6.73111736180851,1.68365090412516e-11,3.15714971949446e-09,"AJAP1"
"ADAMTS16",43.5449810100817,-2.4352842075704,0.555287311338318,-4.38562912900177,1.15651025190389e-05,0.00061016696815702,"ADAMTS16"
"MYO7B",13.0295593588762,-2.46066366241154,0.784922443250242,-3.13491311603005,0.0017190501731349,0.0428084750314746,"MYO7B"
"RAB34",59.0948837309522,-2.49032914853357,0.395883949856396,-6.29055345496304,3.16336093422477e-10,4.60135977385741e-08,"RAB34"
"CPA1",14.2366620215903,-2.50666638399164,0.708205062437867,-3.53946408595682,0.000400940320898611,0.0128664642360123,"CPA1"
"NRIP1",156.162607449835,-2.50903948766407,0.394566255898291,-6.35898141353182,2.03095977456122e-10,3.09900567953635e-08,"NRIP1"
"SPOCK1",919.692428320458,-2.59678787669722,0.269464671205053,-9.63683983167185,5.58818274873512e-22,4.34872381506567e-19,"SPOCK1"
"SERPINA5",96.7076858961107,-2.60179827429067,0.2893635550558,-8.99145116526146,2.43987296049377e-19,1.35622081275446e-16,"SERPINA5"
"UTRN",209.930779174902,-2.62005056748499,0.417048067323672,-6.2823707211945,3.33448529421803e-10,4.8053638073342e-08,"UTRN"
"DPP10",57.4382437375644,-2.67129781818008,0.50022941276329,-5.34014544131604,9.28720439157078e-08,8.21284370172771e-06,"DPP10"
"KCNIP3",176.687904400435,-2.72998887620663,0.247509973027192,-11.029813638688,2.74433134784142e-28,6.10182472825769e-25,"KCNIP3"
"CD177",35.6755110524783,-2.76417021944678,0.434440078342883,-6.36260409028182,1.98361520505741e-10,3.05673139123896e-08,"CD177"
"CARD11",28.7693528112327,-2.84500210124592,0.847265883102097,-3.35786222245785,0.000785477540672035,0.022639208227814,"CARD11"
"UMODL1",11.9999741763829,-2.98240031889576,0.700034545864496,-4.26036163002883,2.04096405717344e-05,0.00102140079054172,"UMODL1"
"ACSS1",50.9409646557823,-3.02070805112305,0.425762682342869,-7.09481637634568,1.2952334411889e-12,2.83929764488227e-10,"ACSS1"
"DPP10-AS1",10.473358511139,-3.05180194438312,0.863265787013437,-3.53518231614526,0.000407493900719949,0.0130230699605858,"DPP10-AS1"
"COL24A1",44.5364356955784,-3.09356015554609,0.692537356385492,-4.46699391306784,7.93263860018247e-06,0.000444113622925324,"COL24A1"
"H19",72.7621739027846,-3.11711652298721,0.838973467610909,-3.71539344606883,0.000202887750545694,0.00734359290579811,"H19"
"HOXC-AS2",28.0623869488037,-3.15765265709253,0.497275020147035,-6.34991207915264,2.15438020754792e-10,3.25541490779378e-08,"HOXC-AS2"
"RN7SL5P",8.51363944507225,-3.15789713635245,0.927399720748246,-3.40510900068483,0.000661376492859154,0.0197955071824228,"RN7SL5P"
"OR7E12P",23.3586176571609,-3.32924799144519,0.937494132154891,-3.55122008475157,0.000383449627348208,0.0123817634855757,"OR7E12P"
"TWIST2",48.0517564190897,-4.11077368128923,1.31004533519159,-3.13788658366396,0.00170170708587719,0.042444501738129,"TWIST2"
"CNTNAP4",26.598215704405,-4.64820901139593,0.801717176151912,-5.79781642412408,6.7183935687531e-09,7.80336399284129e-07,"CNTNAP4"
"NNAT",919.043206431638,-4.91920701181345,0.455723563723275,-10.7942783814455,3.66328897554342e-27,6.33504773503976e-24,"NNAT"
"GBP4",403.473660721255,-5.12944778127774,0.361263817542451,-14.198620321768,9.34338274286873e-46,7.27102045050045e-42,"GBP4"
"BARX2",23.8265840006325,-5.44921054424129,0.872372709693509,-6.24642481784621,4.19954014362392e-10,5.94196752685116e-08,"BARX2"
"TAFA3",27.3722910003147,-5.88978614943323,0.860325297247227,-6.84599902883097,7.59439938329404e-12,1.47749040001986e-09,"TAFA3"
"COL12A1",469.159359984862,-5.95314090139094,0.483504974501095,-12.3124708438288,7.76102244880249e-35,3.01981383482905e-31,"COL12A1"
"VEGFC",132.186971841578,-7.61433658802332,1.30275706626473,-5.84478625002217,5.072191355764e-09,6.16746767664929e-07,"VEGFC"
