"","baseMean","log2FoldChange","lfcSE","stat","pvalue","padj","GeneSymbol"
"PRUNE2",6.09273277922939,6.55761622428909,1.56110509724156,4.20062443962052,2.66179817086677e-05,0.00205580565242653,"PRUNE2"
"TMC4",8.86549631390937,5.7064400929972,1.65790605655403,3.44195623777266,0.000577523671856619,0.0262792825672364,"TMC4"
"EFCC1",4.59152886829684,5.58776280349617,1.56606629792917,3.56802442584005,0.000359682980797743,0.0182631978008083,"EFCC1"
"SRPX2",4.69685135519044,5.4805311008119,1.59873165543375,3.42804940540506,0.000607934812575534,0.0270452690558575,"SRPX2"
"PON1",3.90437988344228,5.31515373881399,1.63799662114506,3.24491129603086,0.00117487215116599,0.0444335325013208,"PON1"
"SLFN5",4.74681891186599,5.25066431087905,1.54975639273316,3.38805784928491,0.00070389416552805,0.0302539415537621,"SLFN5"
"CCNO",8.04465914121412,4.79936045058739,1.46920652209482,3.26663432159584,0.00108834163288528,0.0417087274442994,"CCNO"
"CEP295NL",78.8682932493538,4.46520541150435,0.457994330173962,9.74947748765431,1.85420153848483e-22,2.66978532948408e-19,"CEP295NL"
"TRPM3",23.5423076746231,4.21737943289215,0.823060927983831,5.12401851369987,2.99091595927729e-07,4.01939226047411e-05,"TRPM3"
"C3",1408.77946540314,4.02086662079795,0.214325968179004,18.7605200385226,1.58837872859374e-78,3.20185384109925e-74,"C3"
"ERP27",14.8172785511552,3.86395189168464,0.813679248734154,4.74874085543636,2.04687018745628e-06,0.000221832307735181,"ERP27"
"PTPRC",8.96831581788666,3.71493931651053,1.1229068297315,3.30832373456916,0.000938562460937059,0.0370245442026795,"PTPRC"
"C6orf58",15.3071770210662,3.59319684618282,0.822889709611141,4.36655946017456,1.26218939195321e-05,0.00106904259508373,"C6orf58"
"SPINK5",48.1717020983593,3.5601726817637,0.589181728807097,6.04257143033254,1.51677161519881e-09,3.35989914496457e-07,"SPINK5"
"AKR1C3",167.202666400184,3.51341230260689,0.368984717876785,9.52183690106135,1.70144524129791e-21,2.1436083233802e-18,"AKR1C3"
"PRRX1",19.8916538236488,3.43868727635388,0.972573937241527,3.53565641097364,0.000406763366293384,0.0199017862566554,"PRRX1"
"SPP1",34.6508707710058,3.35233785236157,0.912985715962699,3.67184041737903,0.000240810041580015,0.0129792749148929,"SPP1"
"FDCSP",12.5288659482394,3.30708360195682,0.82010978513144,4.03248889589433,5.51892235038807e-05,0.00375218209400929,"FDCSP"
"HTR1D",24.2979313963112,3.28506182773144,0.891602866803628,3.6844451156918,0.00022920140464316,0.0124200051473033,"HTR1D"
"SPINK2",9.91888614304583,3.20254100479021,0.922443476865014,3.47180188825689,0.00051697769805184,0.0240120655237995,"SPINK2"
"CDR1",27.175372891659,3.16860329902995,0.670777691162543,4.72377561265993,2.31505845970938e-06,0.000248228449100115,"CDR1"
"GPNMB",282.077071219378,3.09790758774402,0.257713969421703,12.0207204704331,2.76549556753084e-33,1.11493719300573e-29,"GPNMB"
"GLIPR1",14.1763352398739,3.04955935025758,0.849396634210142,3.59026540421057,0.000330341430013161,0.0171183098874172,"GLIPR1"
"LOC107984536",8.91090284032189,2.98540972544708,0.886402575476706,3.36800660111071,0.000757137832796774,0.0316646979948493,"LOC107984536"
"RXRB",55.3559105715839,2.98383023908135,0.683657838902374,4.36450819297552,1.27409074661552e-05,0.00107068651067999,"RXRB"
"BHLHE41",22.2918065734172,2.93612504577419,0.788898180790054,3.72180481242049,0.000197803901998963,0.0109542061991623,"BHLHE41"
"APOL1",25.4319180861709,2.89003880563588,0.677658570035746,4.26474176440125,2.00133535118803e-05,0.00160090944481144,"APOL1"
"LOC124901968",24.6539230489407,2.87257084362339,0.579889221632528,4.9536544851384,7.28324843208462e-07,8.48645791294577e-05,"LOC124901968"
"ZDHHC15",158.830243889148,2.85830860233738,0.378323789914124,7.55519128994291,4.18244701793161e-14,1.87355037749923e-11,"ZDHHC15"
"MMP19",24.6622645850966,2.82242322479507,0.683490336441285,4.12942667118093,3.63668965522988e-05,0.0026657596389136,"MMP19"
"INKILN",28.2762387354153,2.7513069023296,0.677741856974572,4.05952041181488,4.91736094220125e-05,0.00340632858669735,"INKILN"
"CFI",260.210103345443,2.7297333539534,0.267047630396351,10.221896932401,1.58214031377056e-24,2.89934404045335e-21,"CFI"
"GNAS-AS1",26.3584945224262,2.71335165134819,0.577526523616243,4.69822863607762,2.62427565214549e-06,0.000274295041228069,"GNAS-AS1"
"PNMA3",26.4786786549425,2.68988213528114,0.615407264957416,4.37089759651646,1.23736817875357e-05,0.00105391381823966,"PNMA3"
"TUBA4A",56.8075917616791,2.6224715977069,0.50607878068376,5.18194340051897,2.19585855280004e-07,3.05269770395471e-05,"TUBA4A"
"TPPP",48.2644664098756,2.61838748820435,0.479450344612632,5.46122766961374,4.72853176788435e-08,7.62541947016102e-06,"TPPP"
"WWTR1",39.1634645194742,2.55713538671909,0.59230867974077,4.31723436475427,1.57996374406588e-05,0.00129995547562776,"WWTR1"
"LOC105378929",22.392147893831,2.54442085780145,0.642057476077438,3.96291757763843,7.40393486502746e-05,0.0048615152771734,"LOC105378929"
"YBX2",38.4575611685775,2.50026029800231,0.648617580989712,3.85475258655063,0.000115846724585842,0.00707647961879215,"YBX2"
"POU2AF2",10.3512534778883,2.48456428271003,0.766324142321609,3.24218453457951,0.0011861718939145,0.0446098004431503,"POU2AF2"
"NDP",33.8747271268033,2.46809624539504,0.635994135980055,3.88069025446555,0.000104160427529533,0.00646051045581637,"NDP"
"FGF5",28.6481369171459,2.46682820112009,0.60236929414347,4.09520907706253,4.21787573707172e-05,0.00300374999959804,"FGF5"
"VIP",139.002241887783,2.4662828503517,0.440378082255937,5.60037601716599,2.13887340072192e-08,3.74916608797847e-06,"VIP"
"TGFBI",37.5559255398925,2.45913263040852,0.647869556641088,3.79572184740091,0.0001472144824783,0.00857673276820109,"TGFBI"
"LDB2",252.452435000085,2.42338065098447,0.306905225542328,7.89618569283776,2.87568160449819e-15,1.56670242658039e-12,"LDB2"
"ODAM",459.472767577132,2.4183681401384,0.319601384518587,7.5668262319363,3.82452940914003e-14,1.79290380998709e-11,"ODAM"
"HAS2",746.184526399796,2.39405049795573,0.240483542453891,9.95515316152977,2.39453876766462e-23,4.02242603988195e-20,"HAS2"
"ASS1",106.616193293553,2.37290742375055,0.419994058178168,5.64985951002176,1.60579019235028e-08,2.97481899130436e-06,"ASS1"
"IFI44L",62.8866793344222,2.36448601458147,0.456776472946879,5.17646191216256,2.26133190431403e-07,3.11291924584258e-05,"IFI44L"
"MYOF",67.796449205067,2.35237758575513,0.494782532941079,4.75436667453105,1.99069458045574e-06,0.000216910385690956,"MYOF"
"GJA1",1200.09726957172,2.34137037367275,0.224816561302772,10.4145813818382,2.12731400003706e-25,4.76471062363856e-22,"GJA1"
"LOC130890646",426.281414216442,2.329645870092,0.209360740504574,11.1274246760753,9.22626475598762e-29,3.09971741585331e-25,"LOC130890646"
"GFRA2",357.276732509621,2.31026679085476,0.235341645028844,9.81665098232661,9.54623497640227e-23,1.48025388195628e-19,"GFRA2"
"PIM2",51.1879281058965,2.30920664565162,0.63341748789373,3.64563134076121,0.000266736138757079,0.0142245160980561,"PIM2"
"LRP1B",265.457016463511,2.29146523292389,0.43269081896311,5.29584898153167,1.18464714559422e-07,1.79549753089386e-05,"LRP1B"
"FILIP1",325.107844788804,2.28780480209099,0.271988576286619,8.41140033646163,4.05144345284922e-17,3.14111527394363e-14,"FILIP1"
"INSYN2B",118.682787010737,2.25496713394883,0.498407744495874,4.52434208507268,6.05836672677302e-06,0.000571869522612274,"INSYN2B"
"CD109",125.103202661282,2.22399709423242,0.371714270370316,5.98308236059055,2.18953981281595e-09,4.59757745278583e-07,"CD109"
"IPO4",127.313887542974,2.1853332913005,0.647271449598267,3.37622382797331,0.000734881081709495,0.0311212874897059,"IPO4"
"HTR2B",161.290526325751,2.17878905220537,0.27325182132542,7.97355729098915,1.54171093912562e-15,8.6327247530262e-13,"HTR2B"
"ABLIM3",51.8916060773972,2.16280068901774,0.576911622956676,3.74892895714836,0.00017759137923747,0.0101126752052794,"ABLIM3"
"ANO3",36.8933900960244,2.12916439195719,0.541020656358309,3.93545859466608,8.30379802137116e-05,0.00529708735806329,"ANO3"
"SLC18A3",1244.36246982304,2.10414396243311,0.190986284110737,11.0172516954835,3.15546533771831e-28,7.9509837847157e-25,"SLC18A3"
"PDZK1IP1",21.196852852591,2.09050958663501,0.576113139468235,3.62864417319937,0.000284913621759435,0.0150742487858968,"PDZK1IP1"
"CHL1",93.1172996486598,2.0789678692436,0.328016981985961,6.33798852930298,2.32784154583733e-10,5.79316418283814e-08,"CHL1"
"FSTL5",228.943623419016,2.0689739386726,0.288503997703521,7.17138741626299,7.42414780008147e-13,2.82369757271778e-10,"FSTL5"
"SCGN",399.014285167312,2.06018583402565,0.295835177898093,6.96396503168845,3.30826757657187e-12,1.14979410014717e-09,"SCGN"
"LINC01833",87.6126269922194,2.03753647044663,0.393145879048383,5.1826474065518,2.1875835136364e-07,3.05269770395471e-05,"LINC01833"
"PPP2R2C",328.574777742141,2.03201152465121,0.300775885056797,6.75589907837023,1.4195220604474e-11,4.54201995150771e-09,"PPP2R2C"
"MAOB",71.8095470663071,2.00489469669257,0.407547249188407,4.91941658466629,8.68025504074715e-07,0.000100561253512288,"MAOB"
"SLC12A3",27.8862517303178,1.98227919289879,0.554013461362574,3.57803434599486,0.000346187968326571,0.0176669799127266,"SLC12A3"
"MMP25",96.641626479268,1.94581855400262,0.301346750945778,6.45707494073078,1.06746045157795e-10,2.75870099780876e-08,"MMP25"
"IL13RA2",664.819193776552,1.94567666256294,0.239877125693866,8.11113880464799,5.01475301318065e-16,3.06325427999078e-13,"IL13RA2"
"SHANK1",260.225447422075,1.937625783379,0.492140794446363,3.93713710638181,8.24594978614595e-05,0.00528711170448796,"SHANK1"
"EDIL3",192.901943430544,1.92816056079473,0.333195109510911,5.78688133695911,7.17051939060408e-09,1.36361631958299e-06,"EDIL3"
"LINC01667",25.6079364850929,1.92115406616218,0.579366657029282,3.31595552290314,0.000913303629308631,0.0364561872467394,"LINC01667"
"LGI1",47.5302736741086,1.92029093605594,0.490617039051189,3.91403229649263,9.0767487140616e-05,0.00573570848207065,"LGI1"
"LINC02735",115.587368672495,1.92025279179529,0.301309587622173,6.37302253456066,1.8533863964146e-10,4.72918518720576e-08,"LINC02735"
"CACNG2",32.4434366166632,1.91796645459507,0.554335905031138,3.45993546004806,0.000540304872276861,0.0249232622777047,"CACNG2"
"PRLR",271.267227690332,1.91742019409143,0.383305587174447,5.00232779862607,5.66421706885177e-07,6.91995682872205e-05,"PRLR"
"SYK",375.184899056903,1.90749081662108,0.217646510628514,8.76416906989538,1.88159275745224e-18,1.64909333933575e-15,"SYK"
"PPP1R3G",36.8013725672854,1.90529809519167,0.51180142815659,3.7227291491823,0.000197080904970689,0.0109442338358103,"PPP1R3G"
"CORIN",573.910797833427,1.89563515674732,0.203815976374089,9.30071916083761,1.39498903512258e-20,1.48000994578953e-17,"CORIN"
"GBP3",45.1969199773882,1.87902945026033,0.560750417803851,3.35091939408525,0.000805437433617264,0.0334074234297465,"GBP3"
"CACNA1G",422.400733140858,1.87496348438856,0.337214869573784,5.56014474319707,2.69551004616741e-08,4.56605811013803e-06,"CACNA1G"
"LOC105371912",32.1550376786122,1.84370343711135,0.538464608453237,3.4240011472759,0.000617063604426784,0.0270702113567313,"LOC105371912"
"SLCO2B1",88.9424639898422,1.84364580161072,0.508720847159105,3.62408148183106,0.000289990179639735,0.0152815823242057,"SLCO2B1"
"BASP1",1182.67390341026,1.8294765152919,0.209650466520223,8.72631740657457,2.63099596775906e-18,2.20981736325363e-15,"BASP1"
"ARHGAP18",55.3596385662395,1.82225836772673,0.482260373165909,3.77857785777441,0.000157726540358212,0.00913635517396789,"ARHGAP18"
"SMPDL3B",66.3119351216116,1.80032991987459,0.40703324414391,4.42305375734388,9.73155149667408e-06,0.000864178921013022,"SMPDL3B"
"GABRD",55.3896457019489,1.79257958302021,0.42825938283685,4.18573335427215,2.84246876006329e-05,0.00217039716914226,"GABRD"
"LOC107987299",52.3298135520282,1.78437701588092,0.508391297206511,3.50984964865773,0.000448360140452378,0.0215705100506898,"LOC107987299"
"IL15",168.897778575402,1.78147425284308,0.267339262943474,6.6637209709812,2.66980132473122e-11,7.91439045646058e-09,"IL15"
"AKR1C1",160.493167352546,1.77932060073104,0.350918770074336,5.07046288904446,3.96849296864407e-07,5.09534275553676e-05,"AKR1C1"
"LEF1",378.708527264663,1.7656137562633,0.238071296654438,7.41632351768177,1.20416152996631e-13,4.95377308593079e-11,"LEF1"
"IP6K3",198.710816150358,1.73671015155975,0.290468138571786,5.97900396270328,2.24506097060687e-09,4.66556072633951e-07,"IP6K3"
"SERPINI1",283.800418941406,1.72948719490608,0.339639282458807,5.09212945683289,3.54064208610999e-07,4.57514507511571e-05,"SERPINI1"
"TSPAN8",812.060654322498,1.72676623513665,0.261637678976497,6.5998377676014,4.1160795168404e-11,1.18531329857813e-08,"TSPAN8"
"FGF1",233.501046001702,1.71535323523214,0.247111139763437,6.94162649597372,3.87610925805404e-12,1.28089525285005e-09,"FGF1"
"GRIN1",182.31261357131,1.70689056220023,0.245203809559259,6.96110947569812,3.37603285567766e-12,1.15345881872458e-09,"GRIN1"
"ID4",1060.07019643476,1.6974678459073,0.233576814564242,7.26727885673957,3.66801118803193e-13,1.42191864477592e-10,"ID4"
"L3MBTL3",88.6805710646366,1.68428890786236,0.36982800021818,4.55424929120757,5.25729819094295e-06,0.000499889702514283,"L3MBTL3"
"CHRM2",723.401665229641,1.64909264600572,0.365012925811645,4.51790205056106,6.24553617053221e-06,0.000580172894587964,"CHRM2"
"CLK2",97.5859360852693,1.64844170301079,0.480811487657406,3.42845740030521,0.000607021792399905,0.0270452690558575,"CLK2"
"PRDM6",66.0892973076009,1.6442326755354,0.429224574716927,3.83070488594408,0.000127776685018785,0.00764309322435805,"PRDM6"
"GPR160",35.5538651248076,1.64150342050336,0.51123243920791,3.21087492618164,0.0013233151755443,0.0489456647864622,"GPR160"
"RELN",3852.05968825212,1.63351483336548,0.426800950195601,3.82734582155182,0.000129532468613136,0.00767975147736354,"RELN"
"TNIK",363.725093543352,1.63287364673692,0.327316529347385,4.98866846105388,6.07968818402891e-07,7.38279243455752e-05,"TNIK"
"RRAGD",179.576244978456,1.62998723419383,0.241454238155428,6.75070873324069,1.47124689952158e-11,4.63396796883688e-09,"RRAGD"
"NRN1",277.178762825707,1.62062433628506,0.285748807773159,5.67149990550997,1.41552679819911e-08,2.66674665402782e-06,"NRN1"
"CA12",565.087015466723,1.61848846783109,0.2306440339105,7.01725702759401,2.26266153066068e-12,8.29286020637417e-10,"CA12"
"NUDT10",136.422288913318,1.61128868324521,0.254673046956068,6.32689129259588,2.50149448689885e-10,6.14940559352525e-08,"NUDT10"
"NPAS3",47.2823064384597,1.60392885315817,0.450630070247002,3.55930276086328,0.000371840672871315,0.0185805065529405,"NPAS3"
"TENT5C",372.528475517953,1.59686412707322,0.216685686848915,7.36949519045362,1.71275344468241e-13,6.9051367875816e-11,"TENT5C"
"NAT16",200.259040166979,1.59129130948073,0.273965069202752,5.80837299481807,6.30828555109994e-09,1.23458660329197e-06,"NAT16"
"ICAM5",190.166291458881,1.58717035782047,0.270681751135154,5.86360311016306,4.52929366142628e-09,9.16190170490922e-07,"ICAM5"
"C1S",790.686279537156,1.57950909777533,0.188521023762476,8.37842414735348,5.36410349140248e-17,3.72860683378246e-14,"C1S"
"SIX3",412.850034052501,1.57787578515998,0.210841742218312,7.48369733886092,7.22602642806198e-14,3.16657045080159e-11,"SIX3"
"HMCN2",161.333470543141,1.57757077830373,0.289768501237659,5.444245221843,5.2025508539463e-08,8.32325556459123e-06,"HMCN2"
"MARCHF11",1012.47973456365,1.55842479249807,0.276397879596825,5.63833845169616,1.71698791512174e-08,3.11434453982118e-06,"MARCHF11"
"EXPH5",46.0617796504994,1.52701986294098,0.43086530584706,3.54407709838447,0.000393990014137515,0.0194658105514315,"EXPH5"
"FNDC5",2892.76248503425,1.52596354216217,0.163952390892902,9.30735766554916,1.31051966651079e-20,1.4676364131958e-17,"FNDC5"
"HES7",255.07349964339,1.51954117306838,0.217816528466983,6.97624364763811,3.03176763651722e-12,1.07218196520902e-09,"HES7"
"LBH",666.722150422433,1.51525646565568,0.193490769109678,7.83115635246027,4.83403058343143e-15,2.49857406412335e-12,"LBH"
"UNC13D",2633.64875835751,1.51434583796232,0.198367806896923,7.63403024740407,2.27526495776324e-14,1.09201883377598e-11,"UNC13D"
"HPSE2",66.6305273494233,1.51051918269388,0.363814191830615,4.15189736027984,3.29730146947312e-05,0.0024617408526533,"HPSE2"
"CDKN2A",381.491815189509,1.50985880848035,0.291718293994802,5.17574262417446,2.27006215467239e-07,3.11291924584258e-05,"CDKN2A"
"PLD1",122.748312145722,1.50519116371052,0.347711358872836,4.32885243838408,1.49888316813541e-05,0.0012485325166642,"PLD1"
"NCR3LG1",409.754305267675,1.50387565158123,0.321921561732052,4.67155925651529,2.98921835058666e-06,0.000304326583389525,"NCR3LG1"
"ANKRD33BP6",56.0424869080893,1.49645884071361,0.426184125544252,3.51129652894175,0.000445926683358921,0.0215047609644716,"ANKRD33BP6"
"S100A3",37.4685203450363,1.49029011255131,0.464704303305472,3.20696430386114,0.00134143639913282,0.0495250456661526,"S100A3"
"PTHLH",42.4765237182014,1.48863875610865,0.450506728157416,3.30436520270679,0.000951917406268668,0.037187502084426,"PTHLH"
"KIF1A",5129.11834257095,1.48090349491003,0.279175675625985,5.30455775414337,1.12946480946714e-07,1.72482966888171e-05,"KIF1A"
"CDC42BPG",214.362524433278,1.47872666528045,0.290219324808536,5.09520400220074,3.48365921075778e-07,4.53600877599612e-05,"CDC42BPG"
"KANK4",44.0457682954986,1.4767233599044,0.42994652673292,3.434667494876,0.000593281302375896,0.0267450367392246,"KANK4"
"SERPINE1",121.525031437803,1.47335350095585,0.327439795378352,4.49961648446978,6.80761686043695e-06,0.000626611601245151,"SERPINE1"
"MLKL",43.3873123169082,1.47211581276506,0.439179045289397,3.35197188607897,0.000802381665046334,0.0333492981525856,"MLKL"
"SYT4",7829.36015702244,1.44289876100192,0.246087187096274,5.86336402974702,4.53582295960705e-09,9.16190170490922e-07,"SYT4"
"GAP43",3147.82776726262,1.44216107688354,0.267215741681178,5.39699146393935,6.77676108642483e-08,1.06723398421994e-05,"GAP43"
"LINGO1",99.8879540944052,1.43949376151507,0.306904865304989,4.69035823229639,2.72727137309636e-06,0.000280491511933043,"LINGO1"
"NRIP3",82.2939496119092,1.4343846269007,0.332206192702638,4.31775402869938,1.57624946980368e-05,0.00129995547562776,"NRIP3"
"PPP2R2B",451.960555456388,1.4331514210819,0.193106575316593,7.42155682028063,1.1575157501213e-13,4.86108385228025e-11,"PPP2R2B"
"BMAL2",272.256987376417,1.42321217972379,0.220220479677762,6.46266951105685,1.02871804996037e-10,2.69310369494821e-08,"BMAL2"
"CHST15",607.924273598181,1.41726349626022,0.310419566456679,4.5656384113854,4.97976494165719e-06,0.000475744557791117,"CHST15"
"UNC5D",103.264701384943,1.41640258253184,0.369910796210826,3.82903823581449,0.000128645020728537,0.00767226724214747,"UNC5D"
"POU3F3",1307.270305615,1.41176243744187,0.170742566757924,8.26836836442458,1.3580473843168e-16,8.55484974158064e-14,"POU3F3"
"HOXD1",38.8445708278012,1.40771874047474,0.420819794657147,3.34518185301062,0.000822286363989317,0.0338278541332585,"HOXD1"
"TMEM45A",437.096145934611,1.40292799981501,0.222985684381592,6.29156084035511,3.14289586598172e-10,7.54220176981661e-08,"TMEM45A"
"SLC12A8",68.4707770248947,1.39969312545627,0.315524468797548,4.43608424662104,9.16100075446469e-06,0.000817112624816369,"SLC12A8"
"PROM1",107.569722424798,1.39835506386831,0.278382250130555,5.02314735660233,5.08315137002614e-07,6.30818839232372e-05,"PROM1"
"SOSTDC1",77.9216233455438,1.3942807912643,0.378269024588165,3.68595021171057,0.000227850896532992,0.0123801034294126,"SOSTDC1"
"ZFP3",191.379060740581,1.38954347168704,0.423975363954972,3.2774155996352,0.00104762045176941,0.0403784571066306,"ZFP3"
"CXCR4",207.227796380319,1.38668152161768,0.220828902501163,6.27943854229126,3.39797880158433e-10,8.05840666851022e-08,"CXCR4"
"GRIK5",1205.33128936714,1.3866305752775,0.18836494095631,7.3614047722348,1.81984817692501e-13,7.19303912754007e-11,"GRIK5"
"APOE",764.891076295975,1.37780758485304,0.325662345951246,4.23078566491476,2.32876491201617e-05,0.00184091149397733,"APOE"
"SYT12",74.7228724355761,1.35990034004704,0.30383917664334,4.4757241481185,7.61527566513643e-06,0.000691480751611802,"SYT12"
"TPBG",53.8328258482961,1.35337756845984,0.400451631112373,3.37962805820128,0.000725839845104661,0.0308681004169193,"TPBG"
"DLG3",51.2242786402571,1.34047080483493,0.390890585221429,3.42927370347277,0.000605198880305227,0.0270452690558575,"DLG3"
"LUM",3659.72226180284,1.33555573260875,0.228554674218685,5.84348465930243,5.11200080751975e-09,1.01027168899984e-06,"LUM"
"PAQR5",76.5624290083407,1.33376119807499,0.304506772838926,4.38007071448788,1.1864080173585e-05,0.00101768565165586,"PAQR5"
"PDE1A",79.2613645258411,1.33350708374966,0.374395900487586,3.56175663786115,0.000368381774294333,0.0185183037561725,"PDE1A"
"LYPD1",495.611801209042,1.32936439204112,0.204241881553264,6.5087747034608,7.57662548724319e-11,2.06391373745741e-08,"LYPD1"
"PLPPR4",571.221818891844,1.32802590291068,0.328333559853643,4.04474615236608,5.23798482169277e-05,0.00360366204899942,"PLPPR4"
"EVA1A",804.330199175831,1.32110789561925,0.220191081796178,5.99982471970479,1.97530637555911e-09,4.19139220194953e-07,"EVA1A"
"C1QTNF1-AS1",102.412281756301,1.3188831859115,0.349336701482309,3.77539256629837,0.000159755868327271,0.00920633214013329,"C1QTNF1-AS1"
"PRPH",470.292089276431,1.31108139676427,0.339800447764858,3.85838631287367,0.000114138138367536,0.0070146237597951,"PRPH"
"SEMA3C",7249.6979703056,1.30959193264542,0.275418145518786,4.75492248406014,1.98522573607743e-06,0.000216910385690956,"SEMA3C"
"GMPR",159.80307948001,1.30879944693514,0.347332324212431,3.76814755120421,0.000164463485275736,0.00944517075837118,"GMPR"
"VIPR2",1133.6646338382,1.30661679632958,0.175195989253907,7.45802915862378,8.78262368632198e-14,3.76681123976337e-11,"VIPR2"
"IFI44",181.584476670631,1.30305802567402,0.342980630598321,3.79921753424056,0.000145153644655306,0.00848118019988887,"IFI44"
"CYSLTR2",206.498782310204,1.29807082282369,0.361904220940445,3.58678000342333,0.000334786543417982,0.0172158855668869,"CYSLTR2"
"CCDC40",57.54848061904,1.29585458259286,0.39857885642371,3.25118746694204,0.00114924051760199,0.0437101704789072,"CCDC40"
"DEPP1",158.491568825499,1.29379136301793,0.245200473695327,5.27646355457506,1.31700690814964e-07,1.96653520403559e-05,"DEPP1"
"BATF3",97.1109113447597,1.28628728521469,0.375829754817876,3.42252647302504,0.000620420559917147,0.0270702113567313,"BATF3"
"VGF",56724.102258468,1.26704484922995,0.251844345192886,5.03106332707026,4.87766989015128e-07,6.1070850711596e-05,"VGF"
"LOC101927293",55.6432959141939,1.26384206435794,0.391532727810079,3.22793466443243,0.00124687449196791,0.0463279528230354,"LOC101927293"
"ECM1",119.015293656414,1.25609664484855,0.285030135951405,4.40689066317782,1.04865087886943e-05,0.000923087529093886,"ECM1"
"SLC5A4-AS1",99.5466605575764,1.25263703158536,0.386483183842553,3.24111651930415,0.00119062506903525,0.0446938922562617,"SLC5A4-AS1"
"PALM2AKAP2",329.899702001807,1.24035695641893,0.342755152016537,3.61878428120341,0.000295990234007793,0.015537945669607,"PALM2AKAP2"
"PRSS35",130.008197888542,1.23316236403652,0.311280703433151,3.96157664267599,7.44564738139509e-05,0.00486937912739047,"PRSS35"
"AKAP6",834.505029171258,1.2319253788777,0.343780191703277,3.58346818289343,0.000339062081701899,0.0173913828064806,"AKAP6"
"GREM2",755.128321188167,1.22866512877149,0.200014390431223,6.14288365013406,8.103664360291e-10,1.81504073527496e-07,"GREM2"
"SCRT2",161.283757698716,1.21889790574798,0.313024690126288,3.89393534821876,9.86309470510787e-05,0.00615542610110106,"SCRT2"
"NEFH",860.189089238654,1.21510579480907,0.174756196248448,6.95314856293606,3.57222146679291e-12,1.20014733879353e-09,"NEFH"
"RPH3A",594.22380963368,1.21141089713908,0.315375385348197,3.84117135775069,0.000122448594759398,0.00743469509987935,"RPH3A"
"MT2A",890.52229899527,1.21020131639956,0.368954499998387,3.28008281889732,0.0010377661796123,0.0402294050935091,"MT2A"
"CYP2J2",147.850118256678,1.20944360662633,0.323660105756413,3.73677072062925,0.000186398745395321,0.0105141327278408,"CYP2J2"
"ARHGEF16",253.88203564332,1.20060476241946,0.237328065358036,5.05884022021675,4.21814117641297e-07,5.34775407761841e-05,"ARHGEF16"
"SVEP1",209.692546660117,1.19614849877248,0.356644582728019,3.3538950448174,0.000796825805731095,0.0331868070081145,"SVEP1"
"NUDT11",332.68682614878,1.19378587427686,0.233621809081459,5.10990767073723,3.22316287170249e-07,4.30281570647542e-05,"NUDT11"
"MIR100HG",233.021428288177,1.19003036152172,0.317054956113473,3.75338829617857,0.00017446029360747,0.00996252294203789,"MIR100HG"
"GAD1",155.610223959918,1.18733618931749,0.300809923160279,3.94713105486499,7.90932671323108e-05,0.00511013486811898,"GAD1"
"PTPRN",3682.79549204848,1.18483085363401,0.169706284510421,6.98165572979269,2.9172129298798e-12,1.05009246858066e-09,"PTPRN"
"GRM7",405.564134780794,1.18037061906394,0.265129813097619,4.45204786769616,8.50551984843986e-06,0.000762018973799336,"GRM7"
"ADAMTS10",130.820190275586,1.17333538657448,0.292175811067869,4.01585395548687,5.92309283728414e-05,0.00395356640443621,"ADAMTS10"
"EGLN3",2462.35470430033,1.17067387429907,0.172861016894415,6.77234170740835,1.26714414696013e-11,4.11985350232616e-09,"EGLN3"
"C1QTNF1",1279.12481997044,1.16597873435772,0.208155802150969,5.60147121679594,2.12540084260417e-08,3.74916608797847e-06,"C1QTNF1"
"LMO4",1113.19713393172,1.16408989345832,0.18631614913916,6.24792804508243,4.15933195135861e-10,9.74928063668453e-08,"LMO4"
"DNAJC22",344.813182132742,1.16062763834594,0.220059079401133,5.27416383593196,1.33362728901258e-07,1.97671021264085e-05,"DNAJC22"
"LOC124904397",225.35304974546,1.15920382745695,0.286668234808926,4.04371216165473,5.26115036221122e-05,0.00360728806127394,"LOC124904397"
"UGT8",115.369941903246,1.1580983608295,0.336883189956996,3.43768521361167,0.000586709321969772,0.0266371317843844,"UGT8"
"CNIH3",156.112764230267,1.1553125747439,0.275952461451027,4.18663623679593,2.83119023734386e-05,0.00217000504959611,"CNIH3"
"IGFBP3",18593.9919966045,1.15485928692722,0.178655682114586,6.46416208686002,1.01861643991526e-10,2.69310369494821e-08,"IGFBP3"
"ITGA7",1033.92378472808,1.14946828956089,0.18236261664052,6.30320133992573,2.91559742275087e-10,7.08103769250748e-08,"ITGA7"
"PDGFC",114.394398416829,1.14866341437664,0.279446898543998,4.11048904232441,3.94822017643329e-05,0.00284243651130508,"PDGFC"
"MAP2",2102.21245766514,1.1285495444388,0.270616250305762,4.17029481106062,3.04205848450324e-05,0.0022966971884126,"MAP2"
"SULF2",172.995642497647,1.12677423268471,0.285032157845663,3.95314774726167,7.71297781528942e-05,0.00500270234382426,"SULF2"
"ADAM21",69.2183197179246,1.12328918714628,0.341787052414141,3.28651767002922,0.00101434409746618,0.0394732592986934,"ADAM21"
"KCNT1",644.342118652858,1.12326482853532,0.286980273925512,3.91408375624756,9.07481343068692e-05,0.00573570848207065,"KCNT1"
"ACHE",438.498347631828,1.12227398991607,0.23901034441752,4.69550383959788,2.65950372297052e-06,0.000274924492551998,"ACHE"
"NRG1",741.01779239805,1.12140473010986,0.219717163091012,5.1038558587494,3.3280179951431e-07,4.41356491750622e-05,"NRG1"
"CEBPD",1428.22215927768,1.11307912823114,0.271905437857105,4.09362584655661,4.24679407622503e-05,0.00300374999959804,"CEBPD"
"GEM",1259.36399745158,1.11302331024963,0.168924301343037,6.58888804867333,4.43132751025512e-11,1.25812253453131e-08,"GEM"
"DRAXIN",325.261853123498,1.10424425043395,0.196807920983142,5.61077138012415,2.01426725107093e-08,3.5932388714237e-06,"DRAXIN"
"TM4SF1",99.8268224249838,1.09699462174169,0.32005467182993,3.42752260252777,0.000609115594372422,0.0270452690558575,"TM4SF1"
"SLC44A5",245.681539630633,1.09351516431537,0.326742097891546,3.34672260284727,0.000817729949655771,0.0337092031189387,"SLC44A5"
"SEL1L3",2277.5588853564,1.08947621509586,0.285273817555919,3.81905435426895,0.000133964244687062,0.0078730356979644,"SEL1L3"
"SEZ6L",482.733284811767,1.08758159488762,0.321385730188154,3.38403822176826,0.000714280589469951,0.03053805050761,"SEZ6L"
"TUBB4A",691.321370310173,1.07778037016773,0.202590325359539,5.31999920655134,1.03767704592234e-07,1.5967552589086e-05,"TUBB4A"
"MATN3",214.976197918108,1.07590098285124,0.256087952100617,4.20129480526486,2.65392727749806e-05,0.00205580565242653,"MATN3"
"GDF15",656.859670457452,1.06773608724671,0.278388046501011,3.83542361343031,0.00012534806058272,0.00754258568724319,"GDF15"
"SPRY1",713.506716011234,1.06699713135431,0.226255561781796,4.71589349208279,2.40652307310066e-06,0.000256670328611445,"SPRY1"
"ISOC1",8193.12655235975,1.0666834336689,0.280461492558479,3.8033151144501,0.000142772557650989,0.00836630586374604,"ISOC1"
"LAMB3",146.961679029913,1.05797163145246,0.285110727344817,3.71073947762386,0.000206654696101793,0.0114130009973149,"LAMB3"
"ATP1A3",4733.14277554979,1.05338160415484,0.222104966727532,4.74271971345457,2.10867929277354e-06,0.000227308861945075,"ATP1A3"
"KCNK1",587.421032068888,1.05262458352762,0.208018512252549,5.06024474518718,4.18718661403895e-07,5.34210808644285e-05,"KCNK1"
"ELF3",270.549082016409,1.04165774859483,0.240894008571143,4.32413306903479,1.53132847998517e-05,0.00127030944442555,"ELF3"
"PYGL",647.93672701873,1.03920456139372,0.225292637817471,4.61268762024824,3.97495465593446e-06,0.000395100779707699,"PYGL"
"IQGAP2",471.772875491009,1.03653533146093,0.297624425813029,3.48269577884743,0.000496392110844102,0.0233246437538354,"IQGAP2"
"CXCL12",533.499464461925,1.03248988104583,0.221879604774495,4.65337894438378,3.26539342549069e-06,0.000330772867693675,"CXCL12"
"PAPLN",82.120252604206,1.02981246809681,0.30839868050373,3.33922462448525,0.000840126006367388,0.034373396124126,"PAPLN"
"SLC27A6",784.448959570631,1.01995168174141,0.180793565912081,5.64152643704925,1.68549153520873e-08,3.0887398515216e-06,"SLC27A6"
"LDHA",188.03001207129,1.0130734620289,0.258001268817726,3.92662201496621,8.61472002434404e-05,0.00547809231074849,"LDHA"
"PLEKHB1",234.694433139157,1.005387570251,0.241319874304223,4.16620294184119,3.0971501297187e-05,0.00232956538488319,"PLEKHB1"
"B4GALT6",2023.62785997364,1.00462603785603,0.24915768440421,4.03208931828975,5.52831670761365e-05,0.00375218209400929,"B4GALT6"
"FAM89A",798.162091802433,1.00416403303302,0.191167547966122,5.25279548603605,1.49807852185564e-07,2.2042530542749e-05,"FAM89A"
"EMILIN2",136.648660582155,0.999950367130937,0.266999969394946,3.74513289045293,0.000180298313793532,0.0102378969280282,"EMILIN2"
"HTRA1",969.448290324316,0.999476171318675,0.193228585422669,5.17250679619901,2.30974095791037e-07,3.14592961010522e-05,"HTRA1"
"RBM24",217.319453638768,0.996748707851842,0.232293702285724,4.29089853940952,1.77951610806655e-05,0.00143485942825622,"RBM24"
"AKAP12",3076.6397439059,0.995616494493657,0.282961738532185,3.51855519286193,0.00043390354813962,0.0210255474120155,"AKAP12"
"C17orf58",588.078070299278,0.989774420973335,0.258052337149019,3.83555689480837,0.00012528009960321,0.00754258568724319,"C17orf58"
"SVOP",205.453339582297,0.984081609595217,0.297685696978276,3.30577390712538,0.000947144798796738,0.037187502084426,"SVOP"
"LAYN",658.828405253112,0.971884618728188,0.195512470264248,4.97095974192654,6.66222834101496e-07,7.89983522930468e-05,"LAYN"
"OSGIN1",325.352010477284,0.965518289380308,0.255056855826926,3.78550220204816,0.000153398475755575,0.00891125785095357,"OSGIN1"
"CD274",283.223774782375,0.965050653921296,0.277443932903517,3.47836279504046,0.000504486628238607,0.0235949917680599,"CD274"
"BAG3",565.14655942866,0.963075158313241,0.199674965569828,4.82321434519765,1.41263022521279e-06,0.000158198889332442,"BAG3"
"ADGRE5",599.155580617831,0.959765544320136,0.182986707813365,5.24500143091834,1.56281114306651e-07,2.25022478728105e-05,"ADGRE5"
"BRINP1",342.500428046041,0.953515902143738,0.203450913689474,4.68671231233241,2.77628792578666e-06,0.000284083309685317,"BRINP1"
"NCAN",459.792982711132,0.952209523656877,0.288099640507299,3.30513957594735,0.000949291125475753,0.037187502084426,"NCAN"
"TGM2",2490.76173028073,0.948759576362039,0.198144016643815,4.78823227888599,1.68256834675792e-06,0.000186358311724979,"TGM2"
"CPLX1",747.319155939022,0.94705481940485,0.211373558650732,4.48047913584943,7.44756603150167e-06,0.000679312380375614,"CPLX1"
"ITM2A",1692.74343597483,0.946379169452274,0.16913081887373,5.59554536396363,2.19929330782789e-08,3.82184090510298e-06,"ITM2A"
"CMAHP",332.190523657616,0.943836719070871,0.215951667472747,4.37059241133197,1.23909899257267e-05,0.00105391381823966,"CMAHP"
"GLRX",482.032037485334,0.939168676202759,0.259169509037314,3.62376222299955,0.000290348547979501,0.0152815823242057,"GLRX"
"HSPB8",145.280702503654,0.935775203623794,0.244800574105356,3.82260216114141,0.000132050740142291,0.00780453780030938,"HSPB8"
"ANPEP",470.51151478169,0.925166672466068,0.185524443291601,4.98676431014495,6.13988904933704e-07,7.41125050637941e-05,"ANPEP"
"OLFML3",1655.8448569727,0.922531656237155,0.169795732405322,5.43318517590868,5.53569081145581e-08,8.78649254939577e-06,"OLFML3"
"SNAI2",209.132695534287,0.915229785746703,0.260916732842974,3.50774661239343,0.000451919269947536,0.0216899729609582,"SNAI2"
"LRRC17",581.267672056899,0.913312168881744,0.23421183520097,3.89951331066622,9.63862386556019e-05,0.0060340180087566,"LRRC17"
"BAIAP2L1",420.494575392908,0.912578321507492,0.201734692869873,4.52365583988146,6.07805288946522e-06,0.000571869522612274,"BAIAP2L1"
"LHFPL2",2484.81480190509,0.912201896110753,0.255789648654502,3.56621896511096,0.000362168801169045,0.0182972398345003,"LHFPL2"
"MYO1D",2248.20594585827,0.910539500678481,0.197394115084657,4.612799628236,3.97281245825855e-06,0.000395100779707699,"MYO1D"
"TTC9",720.206713617956,0.910356751947477,0.201276614306316,4.52291367819828,6.09941201317784e-06,0.000571869522612274,"TTC9"
"HIF3A",286.585673258284,0.908238820850841,0.270432458478833,3.35846823254735,0.000783757292455618,0.0327101024872057,"HIF3A"
"SEZ6",452.453873511033,0.905748072074013,0.273382636744855,3.31311484466857,0.000922630862118817,0.0367230666068404,"SEZ6"
"HBEGF",296.590889261903,0.905202036117441,0.229940918148902,3.93667226957519,8.26193167434123e-05,0.00528711170448796,"HBEGF"
"ANKRD34A",300.683826041914,0.894751051912995,0.239699438098984,3.73280412757375,0.000189359847161481,0.010603099441892,"ANKRD34A"
"COL16A1",1052.60955441624,0.889438969615572,0.181395510783686,4.90331301900974,9.42336403106005e-07,0.000108546384078919,"COL16A1"
"TIMP3",1035.00863206237,0.878862574953066,0.191784048398983,4.58256347329108,4.59310224034325e-06,0.000445574259390373,"TIMP3"
"MB21D2",900.030258298496,0.878058051329999,0.190946700745941,4.59844578565553,4.25654445863875e-06,0.000420605015672744,"MB21D2"
"SRPX",1182.89770649551,0.877681676292197,0.17218831338999,5.09721977649165,3.44678088131246e-07,4.53600877599612e-05,"SRPX"
"CGN",257.971779715201,0.866217709388358,0.255227233817841,3.39390783824656,0.00068902876578307,0.0297418455260281,"CGN"
"ABCC3",872.98659158339,0.863390899641287,0.201800028677178,4.27844785405093,1.88201066544776e-05,0.00151145701171697,"ABCC3"
"SFXN3",2527.20269729045,0.857698554822019,0.164110015244949,5.22636326333788,1.72876557419962e-07,2.47152173366779e-05,"SFXN3"
"CRTAC1",199.506255071517,0.857190642083375,0.238682308823521,3.59134552664802,0.000328975142848689,0.0170914456947007,"CRTAC1"
"IFITM3",294.252358334281,0.854455622245673,0.263527927524083,3.24237218526901,0.00118539106063332,0.0446098004431503,"IFITM3"
"FAM162A",1045.6801800192,0.851202558763334,0.263585970965592,3.2293166273043,0.00124086429359488,0.0463210045005288,"FAM162A"
"GOLGA7B",423.784917044209,0.846353757184542,0.202761978795597,4.17412456818516,2.9913405959704e-05,0.00226689638096133,"GOLGA7B"
"COL1A1",2363.06994885898,0.842719706375818,0.203445624466443,4.14223559039884,3.43936776075554e-05,0.00253958883960843,"COL1A1"
"SGK1",1662.3310967256,0.84270288635787,0.204740189570364,4.11596222571755,3.85567454429771e-05,0.00279578012460263,"SGK1"
"KISS1R",598.276321753261,0.833479739723919,0.239835566165941,3.47521325985171,0.000510447375771072,0.0237635062373978,"KISS1R"
"ZNF330",1447.52269300037,0.826345241584135,0.162188247278699,5.09497608765799,3.48785276455699e-07,4.53600877599612e-05,"ZNF330"
"CAVIN1",1307.20011806996,0.825705293573961,0.18538301647804,4.45405037236391,8.4265316977714e-06,0.000758312615909267,"CAVIN1"
"SYBU",1548.05308533097,0.824554655317919,0.150274328574565,5.48699610332167,4.08826148076162e-08,6.7000955226986e-06,"SYBU"
"CTSC",2445.03468556188,0.8189879828069,0.152596803337077,5.36700615541602,8.00543257106617e-08,1.25095744005854e-05,"CTSC"
"GSN",1516.59349158187,0.813185705987236,0.198245905025545,4.101904177453,4.09763974904758e-05,0.00293114113877118,"GSN"
"PFKP",4267.66425230986,0.813164541468809,0.146360000113641,5.55592061244486,2.76152369304001e-08,4.63889955035837e-06,"PFKP"
"STON1",261.154972715264,0.811056712602037,0.245262819317506,3.30688815719793,0.000943385495709934,0.037142118793986,"STON1"
"ZNF703",131.490512415957,0.808981219394769,0.242488690309657,3.33616061995181,0.000849440713881794,0.0344619229081219,"ZNF703"
"FGFR4",386.61641579303,0.804060933258979,0.190537001616433,4.21997263753326,2.44331971970647e-05,0.00191643731166704,"FGFR4"
"DMTN",1005.24069688339,0.803233305509324,0.181821817718739,4.4176948376561,9.97591315361418e-06,0.00088199323399366,"DMTN"
"PANX2",346.156082881864,0.80198776511196,0.225248462201099,3.56045833687404,0.000370208048530803,0.0185638155280695,"PANX2"
"BHLHE40",324.904154928536,0.801435896765132,0.233616014145025,3.43056917437009,0.000602316379084078,0.0269810968212819,"BHLHE40"
"ARRDC3",1434.49325816999,0.796306659461438,0.227346948063886,3.50260545058063,0.000460731371363293,0.0219560827043528,"ARRDC3"
"JPH3",1385.42623655108,0.794023424023485,0.204315297132572,3.8862651752809,0.000101798304757872,0.00633348835589255,"JPH3"
"CPLX2",1182.34846215655,0.776279214787262,0.207896337876819,3.73397253032526,0.000188483060783192,0.0105834026163443,"CPLX2"
"LDOC1",650.113046615854,0.773686358197492,0.233621418265319,3.31170987635574,0.00092727656031758,0.0367230666068404,"LDOC1"
"FGL1",248.749658826475,0.768331627622349,0.232174020242834,3.30929199924583,0.000935322342894175,0.0369690740942368,"FGL1"
"NELL2",873.539775411843,0.765564919916529,0.192366892269766,3.97971246966417,6.89986695823429e-05,0.00454534373019891,"NELL2"
"IFITM2",1249.72857567177,0.761052067604822,0.223885537673833,3.39929088547719,0.000675608208601579,0.0292251293325979,"IFITM2"
"HHIPL1",214.324863637077,0.757911076272817,0.234637319454827,3.23013865839331,0.00123730195654228,0.0462737158441174,"HHIPL1"
"ABCB1",5201.38208253149,0.753044973558288,0.184439819093199,4.08287634015608,4.44816953173142e-05,0.00312425788922098,"ABCB1"
"DYNC1I1",955.518625342675,0.751441665933219,0.188566143888835,3.98502960518838,6.74717129677935e-05,0.00447399601975257,"DYNC1I1"
"GSAP",367.55282659551,0.75121008422908,0.214649854891509,3.4996999397403,0.000465782147957197,0.0220404613580309,"GSAP"
"JPH4",2591.25290492396,0.743164513679191,0.201432806918541,3.68939163906764,0.000224790948199585,0.0122800431810494,"JPH4"
"MARCHF4",572.620224107382,0.74138353506303,0.222157702435911,3.33719482572029,0.000846286027701616,0.0344619229081219,"MARCHF4"
"ABCB4",538.153193314761,0.737809136009586,0.20649813236808,3.57295791273528,0.000352971509040395,0.0179676759576674,"ABCB4"
"ZNF385A",1388.51752374392,0.730532433796636,0.158921481296007,4.59681364557601,4.29000992410502e-06,0.000421844000244434,"ZNF385A"
"KCNAB1",260.071366337144,0.716770919814915,0.208717971482339,3.43416005207566,0.000594393117331711,0.0267450367392246,"KCNAB1"
"RTN1",7543.50607674148,0.710703942180138,0.165060044985721,4.30572972545609,1.66436166507137e-05,0.00135830779127566,"RTN1"
"ADAM23",1215.24394794109,0.704015843111128,0.214554362562981,3.28129353652489,0.00103332144426679,0.0401342845347398,"ADAM23"
"SOD2",4335.35768580029,0.70289876264277,0.194328149928163,3.61707124213662,0.000297955315635613,0.0156004759807342,"SOD2"
"NSG2",3472.62615233358,0.69709992867595,0.169952167429084,4.10174191492338,4.10051493765984e-05,0.00293114113877118,"NSG2"
"GABARAPL1",530.799692200772,0.696285420704162,0.213328965810958,3.26390473069268,0.00109888109102933,0.0420083407444771,"GABARAPL1"
"BTN3A3",386.387931379888,0.687401062750235,0.200753533513972,3.42410442654746,0.000616829133434298,0.0270702113567313,"BTN3A3"
"SOCS3",665.517787662049,0.681963721281773,0.177917940890496,3.83302390904751,0.000126577645742636,0.00759390530619063,"SOCS3"
"ETS2",1572.48556821216,0.681531218491103,0.165700874273189,4.11302125882252,3.90514408334998e-05,0.00282150159255085,"ETS2"
"SLC17A5",657.460154413032,0.681378131441747,0.196546772863063,3.46674799853607,0.000526795522385828,0.0244118256097782,"SLC17A5"
"AK4",714.680221081382,0.678664503047095,0.183840350068486,3.69159709929987,0.000222850287758484,0.012225025699269,"AK4"
"JAKMIP1",661.536179750733,0.644325336508941,0.185162432733073,3.47978435473351,0.000501817523704179,0.0235247387042531,"JAKMIP1"
"ARHGAP36",10610.3109360803,0.644129302668988,0.15542481911329,4.14431431443057,3.40831997118124e-05,0.00252591595511292,"ARHGAP36"
"PHOX2B",5435.57738282369,0.642956888359823,0.142586416380005,4.50924361999734,6.5059164890326e-06,0.00060158836966018,"PHOX2B"
"MAPK10",504.803352088205,0.622476746565176,0.177705073287446,3.5028642404502,0.00046028399300451,0.0219560827043528,"MAPK10"
"DRAM1",909.289279077126,0.620431790336446,0.170337619192791,3.64236504699663,0.000270144610095263,0.0143682719005285,"DRAM1"
"DCN",1667.85181790484,0.611056545345946,0.163494273618634,3.73747980171644,0.000185874016637392,0.0105141327278408,"DCN"
"OLFM2",2439.34874204832,0.573150903522135,0.161417716312142,3.55073108836333,0.000384162715706401,0.0191208691931102,"OLFM2"
"BTN3A2",1119.11726321214,0.571329919213852,0.159237185129507,3.58791772630992,0.000333329429917571,0.0171847944968757,"BTN3A2"
"OGDHL",1926.29067254361,0.55923701712949,0.14888054781797,3.75627995279307,0.000172457769577864,0.00987614692940504,"OGDHL"
"DYRK3",1431.60241235369,0.553050566350892,0.164057368952905,3.37108031099569,0.000748740268369586,0.0314556874755701,"DYRK3"
"MAPKAPK3",1301.31206532843,0.546227769228179,0.15955434210624,3.42345913008416,0.000618295485670473,0.0270702113567313,"MAPKAPK3"
"MYC",1307.78288756486,0.535442548544395,0.160500186764845,3.33608676311942,0.000849666419552366,0.0344619229081219,"MYC"
"PLS3",3350.07398790556,0.516669683681473,0.154946772110371,3.33449788365673,0.000854535507196149,0.0345898127591566,"PLS3"
"SPSB4",899.126200816904,-0.53016759728511,0.149470843400722,-3.54696330884922,0.000389698860675295,0.0193088397623671,"SPSB4"
"PLAT",6220.96807497751,-0.557288762947548,0.166369715643282,-3.34970076009775,0.000808989062369562,0.0334858347417775,"PLAT"
"BEGAIN",2401.2564350469,-0.562809651310411,0.174369224937952,-3.22768912639648,0.00124794515244112,0.0463279528230354,"BEGAIN"
"SERPINE2",1116.00272895553,-0.566680503960095,0.168014231533834,-3.37281252181295,0.000744045952314001,0.0314433507478944,"SERPINE2"
"SEMA6C",1602.72187542844,-0.580001236771941,0.181041879570597,-3.20368545746218,0.00135680622054575,0.0498187610086725,"SEMA6C"
"TCF7",1451.94719214746,-0.592556393791204,0.16239553343185,-3.64884662323471,0.000263420307512779,0.0140849510844631,"TCF7"
"SH3TC1",1565.78508334285,-0.625920918290006,0.175664067336333,-3.56316990595234,0.000366403356492917,0.0184648971504605,"SH3TC1"
"FBLN7",1603.67804282138,-0.628756497048413,0.181636560800172,-3.46161859858238,0.000536937486786185,0.0248247382078805,"FBLN7"
"ALS2CL",522.277468059034,-0.628842716333955,0.188244510797627,-3.34056336447439,0.000836085994608962,0.0343255019945569,"ALS2CL"
"ALDH1A3",2236.73482147466,-0.649701207465656,0.166513056033962,-3.90180339572378,9.54786933600424e-05,0.00599582398988079,"ALDH1A3"
"TDRKH",2314.05696281096,-0.651186279559075,0.159053893665221,-4.09412347320274,4.23768451797121e-05,0.00300374999959804,"TDRKH"
"RGS16",1563.44317774693,-0.655766260760765,0.175839489688524,-3.72934579099591,0.000191977551965978,0.0106902858909674,"RGS16"
"MAPK8IP2",3491.42038914183,-0.66132946337907,0.15065299167295,-4.38975327363388,1.13479339783054e-05,0.000985998504890862,"MAPK8IP2"
"DOK4",13904.3039477474,-0.661520443973995,0.155951801991508,-4.24182622788814,2.21708328841699e-05,0.00175952617826416,"DOK4"
"VSIG10",626.689266510378,-0.669705101447202,0.201422649405896,-3.32487485107818,0.000884582321573488,0.0355207379248573,"VSIG10"
"NREP",16569.2549046256,-0.669992111906783,0.204318821925861,-3.27915022997684,0.00104120191583092,0.0402851213422642,"NREP"
"ADAMTSL2",688.156358080812,-0.686357682569646,0.198652866339964,-3.45506055470174,0.000550169241788789,0.0253203460638777,"ADAMTSL2"
"MAPK11",2897.82103275231,-0.690091855370657,0.20797210486079,-3.31819431184092,0.000906014325233488,0.0362369777143981,"MAPK11"
"SSTR2",911.608676800955,-0.694556988748008,0.187656251196432,-3.70121956673306,0.000214565705562632,0.0118175286686654,"SSTR2"
"TACC2",885.374168507509,-0.698881178724318,0.159368393315808,-4.38531859538421,1.15816141603514e-05,0.0010019835976153,"TACC2"
"TMEM198",542.629420117763,-0.699027214328746,0.207343979703103,-3.37134078032884,0.000748032640169048,0.0314556874755701,"TMEM198"
"GBP2",523.587445479738,-0.707592340546009,0.192518338905578,-3.67545421682167,0.000237426617910985,0.0128312218869964,"GBP2"
"LOC101593348",294.876064661792,-0.710134881078072,0.196698227840167,-3.61027594847024,0.000305871418047488,0.0159734612564799,"LOC101593348"
"RHBDL3",517.34047013224,-0.712564806321005,0.217467502618155,-3.27664960392807,0.00105046645067275,0.0404108830394301,"RHBDL3"
"MMP15",3267.44598944447,-0.727039720972259,0.179986073765637,-4.03942208283819,5.35830642445316e-05,0.00366144884420769,"MMP15"
"ATCAY",2293.37565815347,-0.733201774957927,0.20790367200916,-3.52664177535846,0.000420865769692647,0.0204922999648898,"ATCAY"
"AQP1",748.760094424659,-0.735807436329323,0.176207214014205,-4.17580767306158,2.96930618809486e-05,0.0022586895901742,"AQP1"
"SARDH",1725.21574044671,-0.750940671442718,0.179117352575793,-4.19245070700204,2.75957056060062e-05,0.00212318409773234,"SARDH"
"FAM163B",1023.27040954262,-0.760050294468544,0.192272497105167,-3.95298498699385,7.71822814232238e-05,0.00500270234382426,"FAM163B"
"LOC124903301",602.645101262458,-0.765646170283676,0.200329746774518,-3.82192950678189,0.000132411545178381,0.00780453780030938,"LOC124903301"
"SHD",6936.38247889085,-0.767574729505705,0.235197550215624,-3.2635319917321,0.00110032760755452,0.0420083407444771,"SHD"
"ERFE",351.427729701512,-0.787288283518025,0.238251991738573,-3.30443526525433,0.000951679513063652,0.037187502084426,"ERFE"
"PDLIM3",359.207417888288,-0.789138411910752,0.195985987052754,-4.02650426072725,5.66122140941872e-05,0.00381668565789507,"PDLIM3"
"NAT8L",1411.58088871076,-0.791949016761076,0.226638531802779,-3.49432645217729,0.00047525949036688,0.022383833660784,"NAT8L"
"OPRD1",1238.58701007104,-0.805446852035604,0.173256098208863,-4.64888024353765,3.3374190541021e-06,0.00033637846646295,"OPRD1"
"CADM1",6251.99475552391,-0.816822555229108,0.238009585883776,-3.43188931738226,0.000599392130032984,0.0269099032454452,"CADM1"
"PTPRU",1847.24814346484,-0.825893299256274,0.250559349748514,-3.29619828629513,0.0009800281833686,0.0382116211225227,"PTPRU"
"NT5E",1293.58089525403,-0.841007389976191,0.15399503806931,-5.46126291158598,4.727593038637e-08,7.62541947016102e-06,"NT5E"
"ASB9",391.770966193492,-0.85179086543834,0.18851022847938,-4.51853924484268,6.22677329995171e-06,0.000580172894587964,"ASB9"
"IFITM10",225.162618135339,-0.857441673868123,0.266114871973751,-3.22207348844712,0.00127266488344776,0.0471587844127572,"IFITM10"
"DBH",33023.577330562,-0.868991345442755,0.165590842016167,-5.24782249345597,1.53907479716342e-07,2.23199063030361e-05,"DBH"
"CAMK4",3997.21816005355,-0.875861109905672,0.262875860340084,-3.33184305615801,0.000862728947613008,0.0348514832184028,"CAMK4"
"PLD5",230.928746848151,-0.877531201884224,0.262061060424179,-3.34857532997779,0.000812281956768747,0.0335532370584926,"PLD5"
"CBLB",1553.77821397631,-0.878163285493425,0.250519677536435,-3.5053665010634,0.000455979113397546,0.0218328431540801,"CBLB"
"AASS",117.75397030103,-0.89264588029831,0.261071131020735,-3.41916732351158,0.000628130882516167,0.0272298114618514,"AASS"
"LFNG",948.952981877934,-0.893811701234152,0.190293235126775,-4.69702299526668,2.63980742128413e-06,0.000274295041228069,"LFNG"
"RGS11",333.147405491685,-0.898853319920011,0.276662926447948,-3.24891134298445,0.00115847578345652,0.0438957797799183,"RGS11"
"INAVA",508.545419360711,-0.916768098324952,0.25182817505542,-3.6404508674345,0.000272161040751101,0.0144374269985808,"INAVA"
"PTX3",618.486360020586,-0.918471716938911,0.204789173948987,-4.48496226254471,7.29268403897421e-06,0.000668208749352919,"PTX3"
"COL7A1",1431.42584700325,-0.918723500878285,0.225545925158936,-4.07333229465744,4.63452267189684e-05,0.00324384402847557,"COL7A1"
"BMP2",102.380039327563,-0.918756345024532,0.277398061167359,-3.31205034800236,0.000926148763952809,0.0367230666068404,"BMP2"
"EFHD1",448.878314100258,-0.922621402767747,0.182639856645256,-5.05158851805151,4.38150800674047e-07,5.52015239999215e-05,"EFHD1"
"ASIC4",233.631070552932,-0.923431193389883,0.269805480611369,-3.4225813030092,0.000620295441131655,0.0270702113567313,"ASIC4"
"B3GNT4",166.757895364777,-0.927193419448693,0.261758034799876,-3.54217749288028,0.0003968383541767,0.0195586003508409,"B3GNT4"
"NCAM2",963.063451098026,-0.940198655959887,0.266704035626272,-3.52525095374774,0.000423081784884268,0.0205505605293905,"NCAM2"
"APLN",290.98548729374,-0.941498591378028,0.244976427700976,-3.84322116300612,0.000121429947963912,0.00739512051678715,"APLN"
"EFNB2",5050.61765684684,-0.944754443411693,0.263293187963877,-3.58822212879018,0.000332940580625855,0.0171847944968757,"EFNB2"
"MGAT5B",1456.76169865245,-0.948988258702751,0.212479170358542,-4.46626489128985,7.95970461413489e-06,0.000719514464626597,"MGAT5B"
"IL20RA",210.792777400901,-0.953042208105565,0.29069966177445,-3.27844278279559,0.00104381522828666,0.0403088646969396,"IL20RA"
"LOC102723996",145.882214331481,-0.954417930328144,0.295363511470318,-3.23133323265645,0.0012321420061302,0.0461663913746701,"LOC102723996"
"LOC105376583",291.874862200462,-0.971218987318184,0.211993883856152,-4.58135380913725,4.61975494655164e-06,0.000445574259390373,"LOC105376583"
"FOSL2",1625.39733125772,-0.974499556938326,0.289085140272671,-3.37097768504863,0.000749019247359543,0.0314556874755701,"FOSL2"
"SHISA5",2946.13012877563,-0.975156310727956,0.196253184591904,-4.96886872310241,6.73446417942474e-07,7.93879116542946e-05,"SHISA5"
"DACH1",341.709399677848,-0.983162097843627,0.248211720356113,-3.96098176360517,7.4642233870605e-05,0.00486937912739047,"DACH1"
"BTBD19",241.371886101748,-0.984292804170569,0.247102136788224,-3.98334396037274,6.79522945387743e-05,0.00449108968299217,"BTBD19"
"LRRC4C",497.153121585825,-0.985630516419639,0.224122104869839,-4.39773897800957,1.0938441586134e-05,0.000958683067362124,"LRRC4C"
"CRACDL",111.881603473689,-0.995363175560377,0.288819787199383,-3.4463122669405,0.000568293265796485,0.0259177729681574,"CRACDL"
"MATN2",180.397305682827,-1.00823699924934,0.288040995646229,-3.50032465686814,0.000464691835036797,0.0220404613580309,"MATN2"
"ANO9",2707.2374274377,-1.01324332275469,0.201741672847773,-5.02247903693772,5.10087661448937e-07,6.30818839232372e-05,"ANO9"
"TDRKH-AS1",150.606914953457,-1.01577412656007,0.292152545400763,-3.47686214804897,0.000507318582595898,0.0236725184906669,"TDRKH-AS1"
"IGDCC3",744.654797318028,-1.018102528221,0.173647936814097,-5.86302692044624,4.54504499697848e-09,9.16190170490922e-07,"IGDCC3"
"CNKSR2",171.736976992858,-1.01929422247677,0.317997784293774,-3.20535007732985,0.00134898301235197,0.0496218970127575,"CNKSR2"
"PLXDC2",445.942112200341,-1.02395673018192,0.290337245456631,-3.52678392526416,0.000420639891847163,0.0204922999648898,"PLXDC2"
"LINC02816",172.194651232275,-1.04392685050687,0.302908314765552,-3.44634597209672,0.000568222383368816,0.0259177729681574,"LINC02816"
"TESC",187.786373402633,-1.04861413678597,0.30665481157449,-3.41952611603242,0.000627303106774988,0.0272298114618514,"TESC"
"DIO3",465.198098670594,-1.04968694637616,0.260441615236334,-4.03041175053241,5.56792309670593e-05,0.00376638234172477,"DIO3"
"LINC00673",174.695892684074,-1.05676947459927,0.251027617180424,-4.20977375505151,2.55626538841203e-05,0.00199725572479108,"LINC00673"
"ASIC1",2051.2330318693,-1.06031621829108,0.169965002247697,-6.23843852716123,4.41960235612185e-10,1.01239027607619e-07,"ASIC1"
"B3GNT8",136.779613081678,-1.07307392818249,0.332428668103219,-3.22798251518217,0.00124666593913909,0.0463279528230354,"B3GNT8"
"DISP3",171.659637295701,-1.07828370866043,0.306910844783699,-3.51334508697588,0.000442502361936479,0.0213907976304929,"DISP3"
"SERPINA3",74.2609538728245,-1.09701262622746,0.335138241653622,-3.27331378482692,0.00106294403952204,0.0408130018070195,"SERPINA3"
"TNFRSF4",136.402469885289,-1.10220303212186,0.287339351393428,-3.83589308870092,0.000125108826574995,0.00754258568724319,"TNFRSF4"
"NKX2-5",212.988930765841,-1.10510249289433,0.275142250402456,-4.01647689977776,5.9074651557202e-05,0.00395356640443621,"NKX2-5"
"VSTM4",589.295254642934,-1.10950867630879,0.213110202544165,-5.20626728830052,1.92677057858829e-07,2.73520009318188e-05,"VSTM4"
"GPRIN3",413.077035034558,-1.12951702671398,0.244882557133829,-4.61248461276356,3.97884007742151e-06,0.000395100779707699,"GPRIN3"
"GDF6",89.1587135446458,-1.13103002525271,0.352809747782912,-3.20577884358411,0.00134697469170889,0.0496218970127575,"GDF6"
"CBFA2T3",153.521488657366,-1.13382698455165,0.227476047122287,-4.98437966939932,6.21609155922495e-07,7.41443631070157e-05,"CBFA2T3"
"MYCN",580.630942477776,-1.14511189375226,0.170540912954783,-6.71458756677276,1.88598892423302e-11,5.81006424311523e-09,"MYCN"
"ASCL1",897.897063893868,-1.1480506165261,0.208667823762493,-5.50180950673457,3.75912991552459e-08,6.2111918718971e-06,"ASCL1"
"ST8SIA1",758.911388300349,-1.1480758195415,0.162704731122753,-7.05619198421056,1.71127357012727e-12,6.38812085678251e-10,"ST8SIA1"
"FAIM2",510.842842254806,-1.1481549737615,0.236805835753418,-4.84850793523962,1.24393556001854e-06,0.000140085212395831,"FAIM2"
"KRT80",238.235143121148,-1.14860829048344,0.238569359930836,-4.81456751536088,1.47519023757027e-06,0.00016429218126487,"KRT80"
"LRRTM1",152.383158270135,-1.15043946150146,0.267419149617605,-4.30200852536749,1.69256797527879e-05,0.00137575746958346,"LRRTM1"
"TMCC3",87.9552457646061,-1.15249315987952,0.32493357273429,-3.54685774751246,0.000389855034392471,0.0193088397623671,"TMCC3"
"SEMA5B",1567.49034445895,-1.1569517836641,0.24552315179501,-4.71219017516545,2.45068508720252e-06,0.000260004789409623,"SEMA5B"
"COX17",227.607246712576,-1.16273490892413,0.34822356822594,-3.33904713815838,0.000840662976941864,0.034373396124126,"COX17"
"CHST1",64.7253895446774,-1.16995614686327,0.32698011121058,-3.57806516895397,0.000346147155201156,0.0176669799127266,"CHST1"
"RIMS3",6679.74617366846,-1.17060460400891,0.291355921117347,-4.01778209799084,5.87484842405261e-05,0.00394750648440175,"RIMS3"
"SPON2",126.655026968754,-1.17185755901478,0.319827479771427,-3.66403024484413,0.000248277448730584,0.013346071497363,"SPON2"
"TRIM56",379.637059363561,-1.1727128665958,0.276232265641278,-4.24538698936321,2.18216471096827e-05,0.00173865914006713,"TRIM56"
"MAP3K5",582.273056067191,-1.17602975929523,0.273073092173163,-4.3066482674517,1.65746846630787e-05,0.00135818086763553,"MAP3K5"
"CDKN1C",157.690046704665,-1.18912405618375,0.339649501934526,-3.50103282769712,0.000463458750969867,0.0220339658067231,"CDKN1C"
"MAOA",2347.87833024218,-1.18931270848041,0.178164733000227,-6.67535425475533,2.46635664039222e-11,7.42042047119796e-09,"MAOA"
"DRGX",236.066706103257,-1.20309346922066,0.215561520285165,-5.58120701519035,2.38855142684198e-08,4.08037454765091e-06,"DRGX"
"DIO3OS",119.673730291773,-1.24714717246305,0.31083540603478,-4.0122429692694,6.01445493615702e-05,0.00400129975587634,"DIO3OS"
"IGF2-AS",82.5772775447438,-1.25726475795225,0.303197478705415,-4.14668605860606,3.37322079599847e-05,0.00250912859061761,"IGF2-AS"
"SOWAHA",155.213025119104,-1.26824083893236,0.301712068687375,-4.2034806378477,2.62841645054175e-05,0.00204569956795447,"SOWAHA"
"NT5C1A",510.854316313533,-1.27180587636414,0.227723257377481,-5.58487477744075,2.33868663335428e-08,4.02933719274833e-06,"NT5C1A"
"NGEF",68.2488819966872,-1.28295787115993,0.37484475484021,-3.42263791768096,0.000620166274430728,0.0270702113567313,"NGEF"
"S100A13",639.10672447907,-1.28740776910242,0.348775291179859,-3.69122412527359,0.000223177371630668,0.012225025699269,"S100A13"
"CDK6-AS1",67.1681163820434,-1.30980720792808,0.322342520125868,-4.06340189751146,4.83626536082858e-05,0.00336170472908905,"CDK6-AS1"
"PTPRD",285.37293318482,-1.31466070220358,0.387466335680794,-3.3929675461835,0.000691398291656333,0.0297803563316418,"PTPRD"
"FZD5",368.586568528382,-1.3154296297064,0.250589413937226,-5.24934237659348,1.52643144554031e-07,2.229696020232e-05,"FZD5"
"PRSS8",136.906014639426,-1.32459644433162,0.318730102809281,-4.15585610727274,3.24071746572657e-05,0.0024284900622348,"PRSS8"
"FLRT1",281.699290893653,-1.33117495147816,0.395085309443261,-3.36933548188365,0.000753496573950748,0.0315779291844058,"FLRT1"
"SCUBE2",57.2071467419954,-1.3329564285583,0.402377331703253,-3.31270258917402,0.000923991794343461,0.0367230666068404,"SCUBE2"
"SHISA3",99.1496294412146,-1.33748330853038,0.323456142473343,-4.13497575993816,3.54992103655805e-05,0.00261165358594661,"SHISA3"
"NR4A3",450.314583166061,-1.34150848755561,0.292810341335432,-4.58149285792755,4.61668374477631e-06,0.000445574259390373,"NR4A3"
"ZBTB7C",91.5054652508925,-1.34549907508962,0.391518678769961,-3.43661528312465,0.000589031619959322,0.0266824705508764,"ZBTB7C"
"TMEM200B",250.1679176786,-1.34730141600967,0.251403511218645,-5.35911932764506,8.3628607184933e-08,1.29675804894914e-05,"TMEM200B"
"DTX4",140.670676101951,-1.34806179879266,0.270441071229484,-4.98467852040401,6.20649188564087e-07,7.41443631070157e-05,"DTX4"
"TFPI",513.310318651569,-1.35345145358926,0.277892292970127,-4.87041738050198,1.11362759168335e-06,0.000126827711825723,"TFPI"
"FNBP4",173.014503992049,-1.38968939540178,0.386806418848009,-3.592725786559,0.000327236896751499,0.017045068125883,"FNBP4"
"PCDHGA1",58.7156960286762,-1.39906931108011,0.414078404265548,-3.37875459494597,0.000728149753875042,0.0309011426076065,"PCDHGA1"
"C1QL1",933.314646523623,-1.42134834530663,0.227689243372551,-6.24249228577296,4.30653023946981e-10,9.97828006519912e-08,"C1QL1"
"PRSS36",39.2813034203876,-1.42462793445278,0.428252302842384,-3.32660892888908,0.000879096530114674,0.0353709138803425,"PRSS36"
"TNN",156.973197003803,-1.43534916028751,0.304976197920751,-4.70643010855717,2.52092358161194e-06,0.000266056427005934,"TNN"
"CPS1",639.485331590678,-1.43750734160484,0.25444578905474,-5.64956231716447,1.60856865786375e-08,2.97481899130436e-06,"CPS1"
"NPR1",52.3430792922082,-1.45085427712966,0.388310306994385,-3.73632698127336,0.000186727826002926,0.0105141327278408,"NPR1"
"VLDLR",681.784847258362,-1.45774047152198,0.235057942591813,-6.20162184459091,5.58842288341923e-10,1.26574638746028e-07,"VLDLR"
"S100A16",274.573896407769,-1.4683678118353,0.308105838518533,-4.76579028458423,1.88114845766853e-06,0.000207214156337062,"S100A16"
"FOXD1",379.033442098833,-1.48476572030388,0.255887900527352,-5.80240690256932,6.53696904043945e-09,1.26704059535748e-06,"FOXD1"
"CCDC3",848.747325275477,-1.49227478753941,0.166235673052028,-8.9768625478622,2.78597601937806e-19,2.55271384539195e-16,"CCDC3"
"NGFR",1532.16108446854,-1.49271730021741,0.194276647134475,-7.68346233185801,1.54845509998746e-14,7.61311168427983e-12,"NGFR"
"IFFO2",66.6496074759827,-1.50855557477873,0.437049973440518,-3.45167753450063,0.000557113110834154,0.0255233774731702,"IFFO2"
"CRABP2",9301.02706787887,-1.52027328394088,0.287378206494167,-5.29014813783987,1.22217330166543e-07,1.83854995634117e-05,"CRABP2"
"SLC35D3",575.497151800452,-1.55870010067619,0.202540970797815,-7.69572741029345,1.40691462613763e-14,7.09014625842059e-12,"SLC35D3"
"ADAMTS17",287.153928044716,-1.57110640734807,0.398249258792365,-3.94503284729826,7.97890404654748e-05,0.00513861813962633,"ADAMTS17"
"LOC101930053",30.7526869036002,-1.58669730540785,0.477425482553514,-3.32344494248901,0.000889129722257156,0.0356323597241744,"LOC101930053"
"SPOCK3",402.699129505855,-1.59549496357793,0.283039640738983,-5.6370017973888,1.73036307401514e-08,3.11434453982118e-06,"SPOCK3"
"CHGB",24625.2758445503,-1.60765706753545,0.193583848127242,-8.30470663274932,1.00066380203433e-16,6.72379364046937e-14,"CHGB"
"INSM2",6376.17365400224,-1.63276958941532,0.17643879343812,-9.2540283097547,2.16187764985519e-20,2.17895648328904e-17,"INSM2"
"TSSC2",501.895535054499,-1.63677699734292,0.205107436004269,-7.98009584259466,1.46219708745851e-15,8.42141968256818e-13,"TSSC2"
"DLK1",11970.628100555,-1.64148952357641,0.209170581086516,-7.8476118154372,4.24034304587514e-15,2.24939039786187e-12,"DLK1"
"MMP23B",83.7195567598592,-1.66321250678768,0.467336436458246,-3.55891896508754,0.000372384395643812,0.0185805065529405,"MMP23B"
"NELL1",598.600031123816,-1.67770870891363,0.197971480732304,-8.47449694626578,2.36097528624599e-17,1.90370159280587e-14,"NELL1"
"ZNF229",231.185746415994,-1.70537200347605,0.363056066754643,-4.69726898856247,2.63663124506187e-06,0.000274295041228069,"ZNF229"
"ACTN4",365.328504000675,-1.7250524562409,0.504489708969744,-3.41940068463191,0.000627592376037882,0.0272298114618514,"ACTN4"
"TF",60.112445351883,-1.72877450934912,0.394596907497745,-4.38111520009569,1.1807342000758e-05,0.00101714700876616,"TF"
"OSTF1",75.7270738147949,-1.73542142629527,0.424882844968487,-4.08447045308216,4.41774470361649e-05,0.00311373768305948,"OSTF1"
"HERC2P3",110.521681216394,-1.73724090470222,0.496988936704821,-3.49553234770301,0.000473117101892128,0.0223351160185984,"HERC2P3"
"LOC124909486",58.5098043656064,-1.7449349678701,0.489236239505936,-3.56665109198014,0.000361572375969417,0.0182972398345003,"LOC124909486"
"RERG",719.772373604027,-1.75012381530299,0.210939625697125,-8.29679966255311,1.06953515259389e-16,6.95473858257663e-14,"RERG"
"ELFN1",26.1833608062146,-1.75628451620371,0.527211599730123,-3.33127062663786,0.000864505123917965,0.0348533885758767,"ELFN1"
"CA10",74.4618230767987,-1.7754028837194,0.35767190577976,-4.9637750548197,6.91360130613828e-07,8.10257994936834e-05,"CA10"
"TRPA1",99.5962509216225,-1.77541445358357,0.345815612673033,-5.13399160859234,2.83660748615227e-07,3.83760628898372e-05,"TRPA1"
"PRKD1",144.186446231075,-1.78625269644558,0.422812476364699,-4.2246924967863,2.39267259008107e-05,0.00188404273714274,"PRKD1"
"PCDH20",253.082308180787,-1.79428772778481,0.29781274118091,-6.02488570727352,1.69229167809939e-09,3.6680877039922e-07,"PCDH20"
"LOC105374122",30.8246462006275,-1.81178817795799,0.558663241487063,-3.2430774810516,0.00118246049944252,0.0446098004431503,"LOC105374122"
"NMRK1",43.2005567761185,-1.84566208378901,0.456191745547086,-4.04580333117516,5.21439972966327e-05,0.00359972156679973,"NMRK1"
"THEM5",29.09181487589,-1.8463594659365,0.537523015334373,-3.4349402969991,0.000592684389141627,0.0267450367392246,"THEM5"
"PABPC5",62.4377529982024,-1.86797640382946,0.428003560547206,-4.36439454251558,1.27475326204582e-05,0.00107068651067999,"PABPC5"
"HBP1",153.433401765041,-1.91531370219306,0.554537964789061,-3.45389102966399,0.000552560598259255,0.0253724750335081,"HBP1"
"NTN1",44.3931972622727,-1.93073556438923,0.593045883725181,-3.25562594290585,0.00113142704130729,0.043114000564598,"NTN1"
"GNL1",120.381619551839,-1.95550534427527,0.601600730094297,-3.25050360887819,0.0011520080632097,0.0437329162677611,"GNL1"
"HSF1",188.533398059075,-1.9560552482695,0.428312784705912,-4.56688503849486,4.95025317621827e-06,0.000475177159648609,"HSF1"
"KIF17",390.382048411355,-1.99429648816777,0.211910789936281,-9.41101908386746,4.913495787687e-21,5.82624988754086e-18,"KIF17"
"APCDD1L",35.0760916165135,-2.07909749141014,0.504936470263301,-4.11754272834756,3.82933547898191e-05,0.00279578012460263,"APCDD1L"
"ZNF217",3353.04897845388,-2.08913062520273,0.319350296679219,-6.54181520082075,6.07765763951285e-11,1.67826606434658e-08,"ZNF217"
"RASD2",98.9716412381674,-2.11815506279984,0.43566953187656,-4.86183886597787,1.16300278089198e-06,0.000131706798074273,"RASD2"
"RORC",174.578641239245,-2.14775197118058,0.269064152647119,-7.9823044060328,1.436262892949e-15,8.42141968256818e-13,"RORC"
"DPP6",176.922517185051,-2.23349983741307,0.265976267130289,-8.39736515408338,4.56608427961631e-17,3.40900470031502e-14,"DPP6"
"ZNF185",31.5730320855169,-2.24022521574117,0.60762009866745,-3.68688465153494,0.000227016194448863,0.012368087696487,"ZNF185"
"HMCN1",77.0691470222336,-2.24834480791313,0.595548771499236,-3.77524883856806,0.00015984801314846,0.00920633214013329,"HMCN1"
"PDZD2",152.812911766808,-2.25334496695717,0.355511089805305,-6.33832539004961,2.32275877125055e-10,5.79316418283814e-08,"PDZD2"
"NR2F2",281.086902612029,-2.29761712685994,0.253010488510444,-9.08111414821878,1.07469044058598e-19,1.03160047149201e-16,"NR2F2"
"PCSK2",213.845880085351,-2.32665088645641,0.227197250864554,-10.2406647862278,1.30337688056574e-24,2.62734711584441e-21,"PCSK2"
"DSCAML1",42.975644136321,-2.33016023539936,0.464511334751633,-5.01636894747736,5.26571652141236e-07,6.47233619747747e-05,"DSCAML1"
"COL6A3",29.7888219347951,-2.33266496679501,0.625288348222724,-3.73054283423833,0.000191067654207181,0.0106690907853417,"COL6A3"
"SPINK4",24.0790600670947,-2.33377674377371,0.659282947561039,-3.53987123799777,0.000400322297012109,0.0196821874711466,"SPINK4"
"CBLN4",30.9218729334983,-2.35517605285974,0.536266199220127,-4.39180402621831,1.1241400352327e-05,0.000980970338970595,"CBLN4"
"SLC24A2",18.3880603596558,-2.38316039772769,0.714103971706793,-3.33727369143691,0.000846045906381232,0.0344619229081219,"SLC24A2"
"HOXC-AS2",13.4040054780503,-2.38827820105604,0.705809580520936,-3.38374296264627,0.000715049104057542,0.03053805050761,"HOXC-AS2"
"AJAP1",178.836494994001,-2.41124491907678,0.359172589022547,-6.71333223294891,1.90229308485765e-11,5.81006424311523e-09,"AJAP1"
"OSGEP",60.4538109367224,-2.43983423685212,0.560901231429629,-4.34984646161937,1.36232884772887e-05,0.00113949480964807,"OSGEP"
"LOC107984933",18.7239149343347,-2.4457224560752,0.634101026701152,-3.85699179324599,0.000114791014824354,0.00703330479279434,"LOC107984933"
"RAB34",57.8867920890121,-2.45477763937166,0.42408128016582,-5.78846026500348,7.10345472088522e-09,1.36361631958299e-06,"RAB34"
"SERPINA5",83.9540983675553,-2.46342728303119,0.325741193044184,-7.56252919690464,3.95306347859479e-14,1.81104212730713e-11,"SERPINA5"
"NRIP1",192.987043860005,-2.46864678376432,0.294301237018843,-8.38816312418782,4.93796730712632e-17,3.55498374918044e-14,"NRIP1"
"DCP1B",49.2347664273739,-2.57791592136433,0.600200658387996,-4.29509012583896,1.74622381312787e-05,0.0014136698644591,"DCP1B"
"SPOCK1",919.152301422262,-2.59716957668718,0.271061586864252,-9.58147410974853,9.56695817013971e-22,1.28567161862451e-18,"SPOCK1"
"UTRN",209.249431003146,-2.62106969615105,0.404819615843149,-6.47466079599908,9.50251692434547e-11,2.55402314881275e-08,"UTRN"
"CD177",44.0291876293637,-2.66601902208545,0.443167128658958,-6.01583206352179,1.78965032987385e-09,3.83784801591457e-07,"CD177"
"C2CD4D-AS1",36.6170089805297,-2.6891028118244,0.550682730921498,-4.8832161620985,1.04369346356962e-06,0.000119538482037707,"C2CD4D-AS1"
"DPP10",56.9165755227117,-2.70491001175315,0.491372744457722,-5.50480270275937,3.69581930083041e-08,6.15705169141649e-06,"DPP10"
"TNNT2",38.4837021628586,-2.73235328244162,0.527140251586526,-5.18335163026937,2.17933606714575e-07,3.05269770395471e-05,"TNNT2"
"CARD11",28.417941336706,-2.82435059482688,0.834291101950846,-3.38532987853116,0.000710927616854743,0.0304912317033147,"CARD11"
"OR7E12P",29.8628965239866,-2.94114109787252,0.831127274555732,-3.53873731245876,0.000402045720492951,0.0197188263593599,"OR7E12P"
"ADAMTS16",30.5610112849691,-2.94608454017373,0.762116796947495,-3.86566016124258,0.000110789116371902,0.00685057364363436,"ADAMTS16"
"UMODL1",11.8976809916777,-2.9873201602912,0.780507762657723,-3.82740608513491,0.000129500769504028,0.00767975147736354,"UMODL1"
"ACSS1",50.43933136199,-3.00836368319318,0.45680712152154,-6.58563218798533,4.52953889296366e-11,1.26814506950502e-08,"ACSS1"
"COL24A1",44.5286449260839,-3.09508535290921,0.673474259987063,-4.59569954903498,4.31299802411975e-06,0.000422045699855368,"COL24A1"
"ECH1",525.258992247287,-3.37441673219752,0.997657345284512,-3.38234038785652,0.000718710296789097,0.0306295183143226,"ECH1"
"FAM30A",13.8104599349377,-3.3956743467626,0.878923033062237,-3.86344903823013,0.000111797225246902,0.00689176901078607,"FAM30A"
"KCNIP3",10.9432032746158,-3.50001704692007,0.861118844891403,-4.06449942151883,4.81356583240687e-05,0.00335750380794663,"KCNIP3"
"ZNF217-AS1",11.984831576414,-3.79273987429158,1.10714009111072,-3.42570909024402,0.00061319676053686,0.0270702113567313,"ZNF217-AS1"
"CRYM",77.8092371208686,-4.07001793762135,1.18905437364608,-3.42290313027584,0.000619561523506948,0.0270702113567313,"CRYM"
"LOC107985076",7.37729783038223,-4.79484951874213,1.31156221718699,-3.65583077638971,0.000256350425692211,0.0137433826625095,"LOC107985076"
"NNAT",918.710043011498,-4.92163930647801,0.445438447268314,-11.0489773315715,2.2172624849152e-28,6.38508245298867e-25,"NNAT"
"CNTNAP4",112.454681635989,-5.10425747467087,0.393218974843782,-12.9806998166828,1.57435474375791e-38,7.93396073116798e-35,"CNTNAP4"
"GBP4",404.021522538964,-5.13258357275812,0.353969376553918,-14.5000780088,1.21012291417678e-47,1.21968288519878e-43,"GBP4"
"BARX2",23.8403662415657,-5.45123393712545,0.902640798525683,-6.03920623356396,1.54874195935494e-09,3.39342830616052e-07,"BARX2"
"TAFA3",27.363657242111,-5.89052220000278,0.89004099930365,-6.6182593887376,3.63452880275395e-11,1.0618091537089e-08,"TAFA3"
"COL12A1",468.657822790374,-5.93218200336494,0.441362867529553,-13.4406005574715,3.49587879766423e-41,2.34899749344385e-37,"COL12A1"
"INSM1",5.32643239713146,-6.14577846288729,1.57081677686939,-3.91247314988302,9.13556982092856e-05,0.00575483801407119,"INSM1"
"CDH22",6.28924185743572,-6.16013095766225,1.49639556872638,-4.11664608369918,3.84425701920457e-05,0.00279578012460263,"CDH22"
"VEGFC",131.729941049178,-7.61080287223113,1.3004494379216,-5.85244043351263,4.84411763990332e-09,9.66809142427438e-07,"VEGFC"
