"","baseMean","log2FoldChange","lfcSE","stat","pvalue","padj","ranking_metric","GeneSymbol"
"PRUNE2",6.03387753386506,6.55119030794979,1.55268507807084,4.21926532332585,2.4509969742683e-05,0.00201651874658246,2.69539773621551,"PRUNE2"
"EFCC1",5.758001110183,5.86197874197074,1.50364637715076,3.89850887219807,9.67868551930133e-05,0.00623494676840153,2.20516725001032,"EFCC1"
"PON1",3.89242124041372,5.31369024015033,1.63615044817761,3.24767825970335,0.00116350755812461,0.0479526651582052,1.31918725019642,"PON1"
"SLFN5",4.74164976922544,5.25023726735191,1.54997440231708,3.38730579002032,0.000705826695418866,0.0322347089776845,1.49167624634496,"SLFN5"
"CCNO",8.01895932634952,4.79654879866081,1.45430242739043,3.29817836257595,0.000973142974384893,0.04175201507483,1.37932255934779,"CCNO"
"PTPRC",12.7758336348707,4.24553299545863,1.07529142336228,3.94826267858015,7.87204014606619e-05,0.00520858752676615,2.28328003341817,"PTPRC"
"C3",1411.38967703152,4.03817435966723,0.217285359898056,18.5846591853304,4.27708287887337e-77,9.39546796002114e-73,72.0270815841219,"C3"
"ERP27",14.7683143850632,3.86289516710583,0.815245010831989,4.73832420411085,2.15492856306244e-06,0.00023204566541565,3.63442653973643,"ERP27"
"SPINK5",47.9913975623755,3.55643964074439,0.580796248608373,6.12338603988209,9.16073823502346e-10,2.18732540009522e-07,6.66008660381492,"SPINK5"
"AKR1C3",166.742709090993,3.49897544985434,0.359080959941301,9.74425224446967,1.95210692909187e-22,3.57349440928009e-19,18.4469068930145,"AKR1C3"
"PRRX1",24.0139718608058,3.48368539712844,0.771192002784659,4.5172737587389,6.26408986164257e-06,0.000600887606946299,3.22120675303509,"PRRX1"
"FDCSP",12.4861091669639,3.30510199872916,0.820253134230597,4.02936832643666,5.59269315624986e-05,0.00397587995350617,2.40056673703049,"FDCSP"
"CFI",39.2662841728074,3.30355647234456,0.619589858229158,5.33184400691518,9.7220437826052e-08,1.52545811266063e-05,4.81659971308883,"CFI"
"HTR1D",24.253341293417,3.2794528052341,0.871074276703235,3.76483715906052,0.000166657656216333,0.0099213244826672,2.00343034628163,"HTR1D"
"SPP1",31.7418644944432,3.24009807243568,0.907412178563031,3.57070154994686,0.000356026378118985,0.0186210272574756,1.72999636417384,"SPP1"
"SPINK2",9.88220694316367,3.20258365864596,0.922038907986927,3.47337149322485,0.000513963421432512,0.0248683578823965,1.60435289129457,"SPINK2"
"GLIPR1",13.8168972373537,3.19232680376506,0.853661795660099,3.73956855044283,0.000184336374799223,0.0106842141034684,1.97125741763464,"GLIPR1"
"NDN",92.8941210038041,3.18390268152843,0.421881888219696,7.54690535534533,4.45722247930874e-14,2.51055913340962e-11,10.6002295448489,"NDN"
"CEP295NL",33.5060433268702,3.13116468902054,0.555945987339867,5.63213830178499,1.77988855543159e-08,3.17876519489152e-06,5.49774155082983,"CEP295NL"
"GPNMB",305.950112971676,3.08490369045551,0.253750406469711,12.1572364488951,5.25049844438054e-34,2.88344248319268e-30,29.5400887071562,"GPNMB"
"LOC107984536",8.86865249220463,2.98437879384983,0.887706451356652,3.36189828212796,0.000774086329118663,0.0347027640647952,1.45963593240565,"LOC107984536"
"BHLHE41",22.0949677343769,2.93416259958667,0.782492268577843,3.74976561100012,0.000176999932161232,0.0104240147715437,1.98196498186998,"BHLHE41"
"APOL1",25.3290056457529,2.88650879511188,0.671201457810511,4.30051031850825,1.70405236166776e-05,0.0014413174885869,2.84124034371482,"APOL1"
"ZDHHC15",148.657776403043,2.88575864592998,0.385631211477239,7.48320820525779,7.25298356791744e-14,3.86421853649539e-11,10.4129383205303,"ZDHHC15"
"MMP19",25.610738783681,2.72904154491389,0.648839742844574,4.20603326940104,2.5989199116694e-05,0.00212232244236587,2.67318863348746,"MMP19"
"PNMA3",26.3649206823575,2.69021929586795,0.610201297275965,4.40874070225271,1.03973419642186e-05,0.000943795086479296,3.02512228798108,"PNMA3"
"TRPM3",29.0390338696828,2.67896863529698,0.566628578572522,4.72790949239795,2.26843252850989e-06,0.000243076377335496,3.61425724474091,"TRPM3"
"ZNF311",18.3004299280648,2.63910768026451,0.666337927424993,3.96061453452473,7.47571254471243e-05,0.00502198707858404,2.2991244090478,"ZNF311"
"WWTR1",37.6238104069009,2.62968655564474,0.601115918014705,4.37467462902956,1.21613734936658e-05,0.00106398517981956,2.97306442125846,"WWTR1"
"FILIP1",88.0481371527379,2.52352166420271,0.344358295648823,7.328186066922,2.33288681710524e-13,1.09118963280015e-10,9.96209976882311,"FILIP1"
"NDP",34.1078220758417,2.48961445209636,0.620271575870722,4.01374905597037,5.97618817213727e-05,0.00418085750246304,2.37873463439855,"NDP"
"TGFBI",37.9554165281989,2.47787379389765,0.639677694148092,3.87362857352345,0.000107226795037273,0.00676853737524071,2.16950516861011,"TGFBI"
"FGF5",28.5831951261347,2.46680546316162,0.597977864139605,4.12524544986454,3.70339584170404e-05,0.00280525849843836,2.55202711327672,"FGF5"
"VIP",138.510342355127,2.46656219824087,0.430773111045467,5.72589638256351,1.02889008761172e-08,1.915392250387e-06,5.71774227405342,"VIP"
"ODAM",457.89779429967,2.41984524484034,0.312646074959773,7.73988685177543,9.95053274617568e-15,5.90765818473625e-12,11.2285846407767,"ODAM"
"LDB2",219.793776726461,2.41001673978185,0.302926235156357,7.95578744950206,1.77995749871636e-15,1.22188519919695e-12,11.9129695958098,"LDB2"
"ASS1",109.304850245993,2.39544212822886,0.413138062104241,5.79816373255015,6.70449774818858e-09,1.32682614445458e-06,5.87718597950974,"ASS1"
"LINC00689",31.2998662289818,2.39487421285715,0.495880553378259,4.82953847764692,1.36849869105516e-06,0.00015990324865111,3.79614271288342,"LINC00689"
"HAS2",744.539733356525,2.39305447590073,0.240493966749092,9.95058008418735,2.50717467780504e-23,5.50751061473433e-20,19.259044657152,"HAS2"
"IFI44L",64.4289362047193,2.36320766922453,0.429389339805315,5.50364773912647,3.72012503350374e-08,6.00882254492475e-06,5.22121062156472,"IFI44L"
"MYOF",67.3127240791306,2.34144107248741,0.488700427891892,4.79115822056406,1.65821295848149e-06,0.00018776270133486,3.72639067518628,"MYOF"
"GJA1",1197.11433848158,2.33992333699075,0.225556752455761,10.3739893020923,3.25639869095885e-25,1.02190442920419e-21,20.9905897184969,"GJA1"
"NPW",412.453045774255,2.32377348629287,0.375964605293974,6.18083046534625,6.37652657022641e-10,1.53926548536443e-07,6.81268646861223,"NPW"
"TUBA4A",58.1022468305901,2.31465712305851,0.509218463022339,4.54550903225394,5.48026469152345e-06,0.000532676878224317,3.27353615412098,"TUBA4A"
"GFRA2",355.610495606925,2.31457248926781,0.234867039954139,9.85482036866377,6.53334145195683e-23,1.30470828795578e-19,18.8844865788183,"GFRA2"
"LRP1B",257.463908468307,2.30378121359646,0.430522054633806,5.35113402159155,8.74047572841921e-08,1.38130957069198e-05,4.85970897907765,"LRP1B"
"PHLDA2",39.022290572581,2.23693050048407,0.564966204940964,3.95940585635174,7.51364556481136e-05,0.00503208085738449,2.29825238909821,"PHLDA2"
"ABLIM3",49.1191445091948,2.22885529305016,0.592582705003033,3.76125606473572,0.000169062246401642,0.010010216621846,1.9995565242535,"ABLIM3"
"CD109",124.719831864031,2.22409037277433,0.368923493660283,6.02859511794157,1.65391047839035e-09,3.66984358371724e-07,6.43535244587765,"CD109"
"EPHA1-AS1",18.7943934977975,2.21615025239417,0.584186008443001,3.7935695486798,0.000148497012837133,0.00893707912600906,2.04880439694535,"EPHA1-AS1"
"LINC00632",89.5526500540595,2.14010497883769,0.369226673462688,5.79618194635647,6.78416605981772e-09,1.330605141393e-06,5.87595080279415,"LINC00632"
"ANO3",36.7824429865953,2.11636340412914,0.539874347074757,3.92010366040986,8.85108889358715e-05,0.00575242218122571,2.24014924775586,"ANO3"
"SLC18A3",1242.29992998119,2.1033332725948,0.192644056344607,10.9182360074078,9.43096494975926e-28,3.45283345085603e-24,23.4618243695563,"SLC18A3"
"INSYN2B",103.975110901649,2.09505605017412,0.523669317529883,4.00072331916709,6.3149159553179e-05,0.00438986578450849,2.35754875764817,"INSYN2B"
"PDZK1IP1",21.162800352614,2.09057862596868,0.57875648319181,3.61219042323164,0.000303621471379335,0.0165090417371036,1.78227813451226,"PDZK1IP1"
"SCGN",181.595199821769,2.08419443679377,0.399040034724103,5.22302088870554,1.76027524211381e-07,2.51090689892948e-05,4.60016939004725,"SCGN"
"LINC01833",75.7773154826546,2.06286519623308,0.391754188071448,5.26571319221445,1.39646155780975e-07,2.04507140269379e-05,4.68929152420698,"LINC01833"
"MMP25",93.0761848946514,2.0606607011488,0.338072905899213,6.09531454662958,1.0922247020733e-09,2.5524361734515e-07,6.59304510912916,"MMP25"
"SLC12A3",28.4936749429891,2.05628611555529,0.549548052808128,3.74177672916481,0.000182723821641764,0.0106187676984249,1.97392587994256,"SLC12A3"
"CHL1",91.4971975781951,2.0446082512079,0.339513212283003,6.02217580122803,1.72087827223092e-09,3.78025330060967e-07,6.42247909874177,"CHL1"
"PPP2R2C",329.533964972355,2.03881261645256,0.300586545128486,6.7827806982547,1.17884515625807e-11,4.24519533565918e-09,8.37210232161623,"PPP2R2C"
"SLC5A4-AS1",25.7119587875975,2.01632587726699,0.501354068976483,4.02176027290121,5.77648322579631e-05,0.0040670515070855,2.39072032744755,"SLC5A4-AS1"
"MAOB",71.953990859139,2.00216755880208,0.405404983222644,4.93868512144685,7.86510920631381e-07,9.59849188528308e-05,4.0177969979345,"MAOB"
"HTR2B",81.5241770112686,1.99209232042538,0.336206900840896,5.92519759541789,3.11922094694553e-09,6.58845447514927e-07,6.18121645060098,"HTR2B"
"SHANK1",263.124517309922,1.97432936125197,0.472159516372269,4.18148802002611,2.89607512820117e-05,0.00233890008607335,2.63098833013348,"SHANK1"
"LUCAT1",25.1465092587588,1.94721878804379,0.567409182772543,3.43177172165078,0.000599652079255277,0.027907960222459,1.55427190469744,"LUCAT1"
"IL13RA2",663.443773594684,1.94592848779855,0.236315880601637,8.23443808704012,1.80402380887146e-16,1.46774040775849e-13,12.8333507492206,"IL13RA2"
"FSTL5",177.357346741554,1.94519260046707,0.327494856403868,5.93961267614003,2.85696259410429e-09,6.09309682569795e-07,6.21516192042596,"FSTL5"
"LINC02735",116.746226459356,1.92688725067964,0.302380363154385,6.37239545114189,1.86098279731681e-10,5.04693939613067e-08,7.29697191026216,"LINC02735"
"EDIL3",191.970297957943,1.92222339687781,0.335622668093467,5.72733483050225,1.02020685663361e-08,1.915392250387e-06,5.71774227405342,"EDIL3"
"PRLR",270.42412847191,1.91517844428721,0.378489220868578,5.06006073275258,4.19122958382662e-07,5.35283373650694e-05,4.27141624595693,"PRLR"
"PPP1R3G",36.7732210608405,1.90415318101521,0.510684675636887,3.72862800051812,0.000192525111000681,0.0110422953351226,1.95694064148326,"PPP1R3G"
"SYK",373.076609566761,1.89991338975149,0.220233094402633,8.62682965475683,6.30760132297521e-18,6.02430775051289e-15,14.2200928503971,"SYK"
"C6orf58",24.8075698421332,1.89829502727802,0.531290769813729,3.57298702543537,0.000352932254296415,0.0185032525778743,1.7327519228153,"C6orf58"
"CORIN",591.78077763119,1.88768271347681,0.205467063749756,9.18727643753099,4.02913326650952e-20,5.53174815408841e-17,16.2571376003956,"CORIN"
"CACNA1G",428.843310751914,1.84420416739349,0.31659121990928,5.82519050250968,5.70474881796051e-09,1.14483076151416e-06,5.9412587096323,"CACNA1G"
"L3MBTL3",79.2018297994064,1.83865653770685,0.367802518060575,4.99903194627948,5.76188569507955e-07,7.15092333693856e-05,4.1456378778846,"L3MBTL3"
"ARHGAP18",55.532158552529,1.83556197590325,0.47530254153917,3.86188125558757,0.000112517254545637,0.00706190437315431,2.15107816761299,"ARHGAP18"
"BASP1",1180.40241583305,1.8319801510992,0.207564942408674,8.82605766580862,1.08430135136651e-18,1.13423084692706e-15,14.9452985456693,"BASP1"
"GBP3",45.3662598949909,1.81229132727495,0.503401215734682,3.60009326681905,0.000318103059181808,0.0170433412220653,1.76844526097423,"GBP3"
"AKR1C1",227.206139821238,1.81086185251634,0.321942373238427,5.62480121613327,1.85721716558889e-08,3.29012011907187e-06,5.48278824609325,"AKR1C1"
"IP6K3",191.448745279986,1.79351901031815,0.296307831300631,6.05289101690486,1.42269123216207e-09,3.23579431275554e-07,6.49001909264517,"IP6K3"
"IL15",171.323095339603,1.78819777159268,0.265147538937214,6.74416130264788,1.53913476050532e-11,5.28283957562818e-09,8.27713257736479,"IL15"
"PAPLN",46.3421619465655,1.78306859347668,0.473015491902321,3.76957758044188,0.000163524074635284,0.00976123192259045,2.01049536845824,"PAPLN"
"LEF1",441.104209610494,1.78047457116551,0.196117245497058,9.07862318101047,1.09956909191434e-19,1.27127548642538e-16,15.8957603272822,"LEF1"
"SMPDL3B",41.8437567272672,1.77040100868744,0.484366530215662,3.65508535013594,0.000257096431655524,0.0142617103893356,1.84582838695917,"SMPDL3B"
"SERPINI1",283.638443636552,1.73449699799725,0.332028131728123,5.22394590172114,1.75149970150993e-07,2.51090689892948e-05,4.60016939004725,"SERPINI1"
"HMCN2",214.665333400862,1.72932199829887,0.256722461674454,6.73615384886656,1.62634084674244e-11,5.42133128945183e-09,8.26589405282184,"HMCN2"
"SLCO2B1",96.1114241808903,1.72409603416919,0.488947943398319,3.52613413646096,0.000421673338615199,0.0213264231256619,1.67108197844884,"SLCO2B1"
"GABRD",56.2222987083577,1.72037912317273,0.412399637119753,4.17163103049281,3.0242706672997e-05,0.00238115246410654,2.62321279602717,"GABRD"
"TSPAN8",812.946268100826,1.70793629590913,0.251759598026107,6.7839967544436,1.16895955650349e-11,4.24519533565918e-09,8.37210232161623,"TSPAN8"
"LGI1",50.266143479522,1.70562403978911,0.475744645355791,3.58516707742142,0.000336862479171464,0.0178740533332356,1.74777695053607,"LGI1"
"TPPP",66.500523183452,1.70041425166296,0.380011733495086,4.47463618037191,7.65415305700694e-06,0.000721625666108462,3.14168802861045,"TPPP"
"ID4",1057.79742383529,1.69777342236632,0.229665407345846,7.39237764183484,1.4422620198715e-13,7.36794646291096e-11,10.1326535384772,"ID4"
"GRIN1",223.429895725116,1.69579412776644,0.243666756985627,6.95948084484284,3.41528948553854e-12,1.41554083261934e-09,8.84907759848151,"GRIN1"
"FGF1",236.044127716395,1.69328201198726,0.247304488516138,6.84695220109914,7.54399098978213e-12,2.95926517986686e-09,8.52881611595031,"FGF1"
"NAT16",212.163870416604,1.66322234154603,0.266502298310223,6.2409305739268,4.34975291287607e-10,1.08580707087669e-07,6.96424733450505,"NAT16"
"RELN",3946.6297465699,1.63203392157963,0.413659345729595,3.9453573052994,7.96810721297302e-05,0.00525631865307443,2.27931831447624,"RELN"
"NRN1",282.798565471229,1.62957968628616,0.292880983670742,5.56396549158733,2.63712117246534e-08,4.45612621504201e-06,5.3510425167302,"NRN1"
"RRAGD",179.294535801436,1.62908235858892,0.244897758348074,6.65209175281016,2.88956460829403e-11,9.33456849270513e-09,8.02990575329803,"RRAGD"
"TNIK",377.070292030066,1.62521402387664,0.338083434888753,4.80713887804475,1.53105636914176e-06,0.000176087514455167,3.75427143673834,"TNIK"
"CA12",564.64014240371,1.61655096761312,0.232394245738258,6.95607140563116,3.49892566921339e-12,1.42335000325205e-09,8.84668829331666,"CA12"
"CHRM2",757.295774976048,1.61465183260963,0.35100030628876,4.60014365708641,4.22199675697066e-06,0.000417768480902588,3.37906432904323,"CHRM2"
"NUDT10",135.794586874566,1.61030760457968,0.256336513465288,6.2820063470893,3.34231198058411e-10,8.53727526482454e-08,7.0686807155249,"NUDT10"
"LINC02762",35.8303898758361,1.59776533321457,0.446428685445698,3.57899343233156,0.000344920135038561,0.018213607226904,1.73960403313996,"LINC02762"
"TENT5C",371.434776038914,1.59586571298178,0.219426921880275,7.27288018856922,3.51902420993856e-13,1.61046676707751e-10,9.79304823267215,"TENT5C"
"NPAS3",47.4809850062648,1.59325133274664,0.439136046920856,3.62814973609712,0.000285459694269003,0.015676732760018,1.80474444497737,"NPAS3"
"PRDM6",65.0373048647182,1.58997200845694,0.426365064238543,3.72913294689496,0.000192139765048078,0.0110422953351226,1.95694064148326,"PRDM6"
"HES7",205.454278434396,1.58919786705086,0.232980458904975,6.8211637770833,9.03059154164421e-12,3.48026323500523e-09,8.45838790628714,"HES7"
"ICAM5",191.376223928653,1.58388498241216,0.274840046773065,5.76293375368243,8.26642482064757e-09,1.59288205294004e-06,5.79781638091809,"ICAM5"
"PDE1A",65.5178177840206,1.57133850491537,0.426003695268494,3.6885560439212,0.000225530352241328,0.0126383297134828,1.89831031878701,"PDE1A"
"C1S",797.00441843686,1.57126570112422,0.194651193580004,8.07221200253476,6.90358685721551e-16,4.891970725563e-13,12.3105161505247,"C1S"
"SIX3",405.791386879497,1.56625250495299,0.212438255979294,7.37274224801415,1.67153474951398e-13,8.34513723694852e-11,10.0785665168925,"SIX3"
"MARCHF11",1011.95462003284,1.56013147614101,0.270925607987857,5.75852348446492,8.48528633870849e-09,1.62083726089052e-06,5.79026058801715,"MARCHF11"
"CDKN2A",291.456170752275,1.54882870728445,0.324580590742983,4.77178473222658,1.82600609493466e-06,0.000200559379437149,3.69775702282447,"CDKN2A"
"EXPH5",45.9773912323858,1.52707462840463,0.430380963394574,3.54819278334252,0.000387884203625974,0.0198551501067447,1.70212682528182,"EXPH5"
"FNDC5",2889.45409214016,1.51903350649758,0.164577726531051,9.22988510362602,2.70922352935772e-20,3.9675675512934e-17,16.4014756702683,"FNDC5"
"LBH",667.234409141166,1.51426201792498,0.195308775620565,7.75316937558811,8.96269442546288e-15,5.46898634567064e-12,11.26209316092,"LBH"
"PLD1",126.915971977418,1.50837181993609,0.313302529758963,4.81442591956263,1.47623652815325e-06,0.000170676251652329,3.76782690357102,"PLD1"
"UNC13D",2670.98535931329,1.50423453989159,0.201079881972298,7.48078089730936,7.38822681899242e-14,3.86421853649539e-11,10.4129383205303,"UNC13D"
"MLKL",43.4994742180142,1.48794199805606,0.430224339857843,3.45852584386024,0.000543140161477173,0.02605056752657,1.58418281090676,"MLKL"
"HPSE2",65.6296205095186,1.48086441666377,0.36751440649777,4.02940508040398,5.59181887538078e-05,0.00397587995350617,2.40056673703049,"HPSE2"
"CDC42BPG",214.11978753935,1.47807663649739,0.291072238644458,5.0780405695194,3.81347278132556e-07,5.00161951598783e-05,4.30088934906932,"CDC42BPG"
"KIF1A",5145.5128335897,1.47569813254308,0.27868616326672,5.29519698877459,1.18888179740752e-07,1.78877852353773e-05,4.74744342799595,"KIF1A"
"KANK4",43.9100598414495,1.47491377220785,0.430099183471577,3.42924104227071,0.000605271719103316,0.0281099447220772,1.55114000842744,"KANK4"
"SERPINE1",121.262138949897,1.47161354843363,0.326168348946305,4.51182204891343,6.42731020820918e-06,0.000611206594561606,3.21381196862369,"SERPINE1"
"BMAL2",335.017569948357,1.46040429242451,0.202268600809882,7.22012357121697,5.19403543175904e-13,2.3285178842745e-10,9.63292042210235,"BMAL2"
"LINGO1",99.2687089782827,1.45731810549957,0.310894036883947,4.68750742248416,2.7655267407215e-06,0.000287916236556537,3.54073384311748,"LINGO1"
"CHST15",581.166364470083,1.44535355515575,0.302258335060754,4.7818484637164,1.73690595653073e-06,0.000194566310471617,3.71093235647727,"CHST15"
"GAP43",3143.79422399954,1.44250676999794,0.261317671549167,5.52012713662395,3.38754477074221e-08,5.59505232924017e-06,5.25219584726003,"GAP43"
"SYT4",7808.27715535158,1.44194792185114,0.243876965909387,5.91260399059951,3.36741110210323e-09,7.0449447314192e-07,6.15212240964246,"SYT4"
"UNC5D",102.726174090427,1.4410708248194,0.363805443891281,3.9611029714279,7.46043493639814e-05,0.00502198707858404,2.2991244090478,"UNC5D"
"PPP2R2B",449.022708331494,1.43152336754657,0.195347589904046,7.32808307617069,2.33467987169879e-13,1.09118963280015e-10,9.96209976882311,"PPP2R2B"
"NRIP3",82.3589130348034,1.42585382574398,0.332093330759464,4.29353345483693,1.7585180249129e-05,0.00147440326157487,2.83138371707113,"NRIP3"
"RAB38",69.4734397171434,1.41488247371475,0.309855735895482,4.56626200456076,4.96498144023367e-06,0.000484736654656058,3.314494138699,"RAB38"
"POU3F3",1298.46901646951,1.41224924121733,0.172401584567735,8.19162564403498,2.57721182864523e-16,1.95219352551206e-13,12.7094771319071,"POU3F3"
"SOSTDC1",77.846581505438,1.40329846940494,0.370652745462261,3.78601935797024,0.000153079754742709,0.00918771303943465,2.03679257761896,"SOSTDC1"
"SLC12A8",68.6251226455109,1.39887404431356,0.319651743504124,4.37624406167367,1.20741814567508e-05,0.00106398517981956,2.97306442125846,"SLC12A8"
"APOE",736.748803687115,1.39513464603232,0.318168593745876,4.38489113462476,1.16043798422004e-05,0.00103623338208787,2.98454242109827,"APOE"
"CXCR4",206.696908264319,1.3909884719829,0.223992301935224,6.20998337873754,5.29902058818519e-10,1.30790545236701e-07,6.88342364974218,"CXCR4"
"ZFP3",191.349290072565,1.38799608739944,0.418085884697495,3.31988268009508,0.000900552847613283,0.039173157234695,1.40701142425636,"ZFP3"
"TMEM45A",440.70969416386,1.3877808954297,0.214579248634494,6.46745155582865,9.96694779812757e-11,2.88084134580879e-08,7.54048065860159,"TMEM45A"
"DLG3",50.9283945097266,1.38550922149413,0.401437040603819,3.4513736435734,0.000557740846000233,0.0264492438592636,1.57758673922212,"DLG3"
"GRIK5",1186.10255404084,1.37900149779182,0.192091965085324,7.17886090227297,7.02946178744243e-13,3.02776837421074e-10,9.51887735164547,"GRIK5"
"PROM1",98.9767463644098,1.37000368197484,0.285813352667496,4.79335086758053,1.64018396348219e-06,0.000186683529149291,3.72889399761131,"PROM1"
"ATP1A3",488.17599881614,1.35849876075299,0.294421776458492,4.6141245973513,3.94755570676374e-06,0.0003977796156444,3.40035747621405,"ATP1A3"
"C14orf180",71.5657087103389,1.35292942896973,0.32809317530976,4.12361344515135,3.72974630612582e-05,0.00281550986620845,2.55044294645035,"C14orf180"
"LYPD1",499.772994180395,1.33860553227452,0.205841982501922,6.50307345471675,7.86953443666451e-11,2.36808305438643e-08,7.62560306992666,"LYPD1"
"PAQR5",67.0433587101393,1.33658110433429,0.320267387409458,4.17332877738654,3.00181273633755e-05,0.0023719719560837,2.6248904499579,"PAQR5"
"LUM",3645.88753404829,1.33514916768109,0.224224824524051,5.95451092676797,2.60850701750427e-09,5.61775231897218e-07,6.25043741231758,"LUM"
"SCRT2",144.218961004551,1.33460045721541,0.294531469066705,4.53126608658973,5.86312330512126e-06,0.00056737986627136,3.24612607940091,"SCRT2"
"EVA1A",811.228002829766,1.33059160148702,0.219879679298956,6.05145325720575,1.43544937730537e-09,3.23579431275554e-07,6.49001909264517,"EVA1A"
"CRB1",149.411886315723,1.33054398469323,0.399639005100066,3.32936467089861,0.000870443532702129,0.0381657346963427,1.41832637296544,"CRB1"
"PLPPR4",571.618130824095,1.32773144737895,0.325188443769849,4.08296011994402,4.44656559673025e-05,0.00326681292519644,2.48587573478723,"PLPPR4"
"PRPH",468.835789143783,1.31402682997135,0.332304083561902,3.95429034722221,7.6762147349927e-05,0.00512533158308768,2.29027803270207,"PRPH"
"GMPR",159.542364390101,1.31195281862977,0.34141353578869,3.84270885921107,0.000121683784839189,0.00755092571062846,2.12199980249357,"GMPR"
"SEMA3C",7242.83085258564,1.30700578006116,0.273379042189771,4.780928960728,1.74487017630575e-06,0.000194566310471617,3.71093235647727,"SEMA3C"
"IFI44",170.77574292479,1.30325847968136,0.334760886512995,3.89310260603211,9.89702669840125e-05,0.00635695863987662,2.19675061419984,"IFI44"
"CYSLTR2",206.316612580783,1.29854529770839,0.35832238891048,3.62395802745335,0.000290128708131287,0.0158934098042892,1.79878291837962,"CYSLTR2"
"SYT12",75.6009924566828,1.29795015549782,0.304687151247904,4.25994384791685,2.04478267416048e-05,0.0017014295834577,2.76918602020824,"SYT12"
"DEPP1",158.517973984151,1.29479507399584,0.24416405454463,5.3029717106011,1.13932582886725e-07,1.72603934363634e-05,4.7629493091252,"DEPP1"
"BATF3",99.3870592897674,1.28789503023513,0.358253247337292,3.59492911734193,0.00032447990906139,0.017342701124943,1.7608832602451,"BATF3"
"VGF",56612.4338699858,1.26675291646733,0.247683337246551,5.11440507282235,3.14731315191129e-07,4.24153546061566e-05,4.37247689780405,"VGF"
"AKAP6",861.257406650864,1.26119613492766,0.328924698009573,3.83430050269729,0.000125922123325907,0.00770510106713146,2.11322166030577,"AKAP6"
"PALM2AKAP2",330.516693792235,1.23875841060347,0.339313845757033,3.65077472108368,0.000261450490187829,0.0144667076019044,1.83963029631849,"PALM2AKAP2"
"LOC101927293",58.3934178414991,1.23563841027922,0.377840662884779,3.2702631867233,0.00107447465152975,0.0449002582581779,1.34775116100605,"LOC101927293"
"FOXO1",101.071565467093,1.23353355118298,0.367498016782461,3.35657199454538,0.000789151721342658,0.0351481148393684,1.45409796329893,"FOXO1"
"PRSS35",129.522518870248,1.23041641408844,0.309528394084777,3.97513261336353,7.03400502917815e-05,0.00479591948915047,2.31912811617185,"PRSS35"
"IL33",73.3411313941479,1.22692867911916,0.374370391639493,3.27731227286973,0.00104800393779928,0.0440080484646118,1.35646788978384,"IL33"
"NEFH",795.032525947902,1.22692265531624,0.181083341313341,6.77545845143872,1.24012378923323e-11,4.32409512350577e-09,8.36410476079661,"NEFH"
"CYP2J2",149.247110438122,1.2248717965001,0.315422389111142,3.88327474137705,0.000103059006945653,0.00654305550744263,2.18421939538652,"CYP2J2"
"GREM2",750.567536178033,1.2230995639987,0.202147000981664,6.05054518770549,1.4435646317205e-09,3.23579431275554e-07,6.49001909264517,"GREM2"
"LINC01667",101.784079295484,1.2226514364911,0.320045098108978,3.82024734549999,0.000133317909977124,0.00811245021736143,2.09084795526295,"LINC01667"
"ECM1",121.7770559845,1.21948780221325,0.283708838642794,4.29837790055125,1.72052637395981e-05,0.00144807673780748,2.83920842299848,"ECM1"
"ARHGEF16",262.571667299967,1.21317532310378,0.233699887542716,5.19116776588965,2.08979217467598e-07,2.94272209622482e-05,4.5312507497165,"ARHGEF16"
"UGT8",113.63244115376,1.20883307600477,0.335593214324914,3.60207842234379,0.00031568309310429,0.0169965943779949,1.76963808985778,"UGT8"
"SVEP1",209.85957896817,1.20370160288073,0.353659818483193,3.40355771272878,0.000665143601286,0.0305673838691414,1.51474172907942,"SVEP1"
"MT2A",854.829615526999,1.20244409864957,0.353940426850489,3.39730646015609,0.000680527074934155,0.0311440380314137,1.50662507895265,"MT2A"
"SULF2",151.090068460639,1.19687171415616,0.289007346637195,4.1413193404341,3.45313798126828e-05,0.00266158182577264,2.5748601776463,"SULF2"
"ADAMTS10",136.183963499884,1.19502094661128,0.289451940589057,4.12856429353807,3.65035373888686e-05,0.00278428196465721,2.55528678576623,"ADAMTS10"
"NUDT11",331.088941918483,1.19393771502079,0.231870228454729,5.14916349105118,2.61650742491151e-07,3.61489425176297e-05,4.44190440280861,"NUDT11"
"MIR100HG",234.882226408353,1.19361647312681,0.310000736262152,3.85036657499234,0.000117941167581931,0.00733941537754189,2.13433853251165,"MIR100HG"
"RPH3A",596.463298941131,1.1773214966211,0.31450433934304,3.74341892732029,0.000181533192546394,0.0105788752976455,1.97556050224323,"RPH3A"
"PTPRN",3503.63922329072,1.17719497441279,0.173098683538539,6.80071592890359,1.04100512342486e-11,3.87589144852099e-09,8.41162839466784,"PTPRN"
"GRM7",414.184013696057,1.17108706534788,0.268194061743543,4.36656597739183,1.26215174896843e-05,0.00109587697508259,2.96023819771449,"GRM7"
"EGLN3",2547.87416174522,1.16883545899515,0.171840431111161,6.80186526207589,1.03273166837302e-11,3.87589144852099e-09,8.41162839466784,"EGLN3"
"C1QTNF1",1271.09718935389,1.16379882590688,0.207148006579437,5.61819949476843,1.92957634105341e-08,3.39096027871362e-06,5.46967729746359,"C1QTNF1"
"LMO4",1108.81491230669,1.16312266923412,0.186092518290984,6.25023875175574,4.09825712467589e-10,1.0347863707788e-07,6.98514930003139,"LMO4"
"IGFBP3",18575.6249061445,1.15158499938443,0.179721843649152,6.40759618309124,1.47831827304006e-10,4.10687945367667e-08,7.38648804449754,"IGFBP3"
"PDGFC",114.112112908109,1.14819142288222,0.280260387265326,4.096873746896,4.18767141239692e-05,0.00311832467512282,2.50607866872594,"PDGFC"
"DNAJC22",359.100702442428,1.14781487855834,0.220427583387072,5.20721980852446,1.91690973071438e-07,2.71669393900664e-05,4.5659592861635,"DNAJC22"
"ITGA7",1046.21770541595,1.14774435102793,0.185183507884622,6.19787563233242,5.72303326234749e-10,1.39686524082208e-07,6.85484548936921,"ITGA7"
"GDAP1L1",341.551049931847,1.13875074877998,0.351434925603591,3.24028907150924,0.00119408579239902,0.0490289394422978,1.30954750098877,"GDAP1L1"
"MATN3",174.479373772494,1.13592896100348,0.326410455059557,3.480063041474,0.000501295810590018,0.0245170745103328,1.61053135306956,"MATN3"
"ACHE",442.535318433244,1.12928412341509,0.236807838892918,4.76877846905118,1.8534633919119e-06,0.000202562339950889,3.69344129476953,"ACHE"
"MAP2",2102.03500376269,1.12686645998266,0.26904295589868,4.18842580813388,2.80896108931561e-05,0.002285349935148,2.64104729088169,"MAP2"
"TSHZ2",322.118704272441,1.1235212556046,0.324402690294674,3.46335369347287,0.000533486631004701,0.0256997825071936,1.5900705520121,"TSHZ2"
"GAD1",148.981000152399,1.11985987199789,0.311839232160178,3.59114491220486,0.000329228506979452,0.0175537927495573,1.75562903348626,"GAD1"
"NRG1",739.665235855077,1.11569508942848,0.221433439310187,5.03851221795638,4.69164475861083e-07,5.92306669036805e-05,4.22745337742224,"NRG1"
"PHACTR1",244.739799596452,1.11359679020593,0.254566203963254,4.37448794407398,1.21717849388856e-05,0.00106398517981956,2.97306442125846,"PHACTR1"
"CEBPD",1423.77729265116,1.11308754917033,0.266327553002836,4.17939314434537,2.92288015950545e-05,0.00234331782714803,2.63016880350055,"CEBPD"
"GEM",1256.99116329815,1.10722656809063,0.1725116206987,6.41827236684799,1.37829503191986e-10,3.88166755976713e-08,7.41098166192576,"GEM"
"DRAXIN",322.140152942698,1.10432954137278,0.198357012464195,5.56738341465047,2.58592980064319e-08,4.40779375061384e-06,5.35577873517849,"DRAXIN"
"TM4SF1",99.4167677316761,1.09670099618532,0.317799487500867,3.4509212233463,0.000558676612678031,0.0264492438592636,1.57758673922212,"TM4SF1"
"VIPR2",574.168964642673,1.0949068943369,0.227112652902545,4.82098588671203,1.42850464713904e-06,0.000166031542770917,3.77980939659842,"VIPR2"
"SEL1L3",2273.46756945922,1.09017311098213,0.282933205441112,3.85311122914144,0.00011662637744885,0.00727821486766728,2.13797512730642,"SEL1L3"
"SEZ6L",484.032159093033,1.08029420623657,0.317005241437947,3.40781181199502,0.000654860410297074,0.0301579006981045,1.52059889313916,"SEZ6L"
"ELF3",167.425308315024,1.07987908504391,0.281517993486539,3.83591496824001,0.000125097687758602,0.00767603605305364,2.11486299412345,"ELF3"
"KCNT1",734.045411429244,1.0743929278545,0.27031954235464,3.97452924970171,7.05185958481176e-05,0.00479591948915047,2.31912811617185,"KCNT1"
"SPRY1",713.892900883401,1.07182181206762,0.226817996440401,4.72547076902364,2.29582859359829e-06,0.000244817799590163,3.61115700979949,"SPRY1"
"GDF15",656.676351092675,1.06698242096265,0.273242523670302,3.90489154700562,9.426765097583e-05,0.00609052202642958,2.21534548183649,"GDF15"
"SLC44A5",272.617796547509,1.06456213326145,0.316085595023498,3.36795523118448,0.000757278918722927,0.0342286954888612,1.4656096522143,"SLC44A5"
"LAMB3",147.034543220999,1.06069262524948,0.285357378288933,3.71706745979246,0.000201548640561207,0.0114403591400724,1.94156034179269,"LAMB3"
"KCNK1",585.925497200592,1.04936258048154,0.206670805358269,5.07745919247011,3.82515627389246e-07,5.00161951598783e-05,4.30088934906932,"KCNK1"
"CNIH3",180.215571289045,1.04629172942133,0.262926182358639,3.97941247248689,6.90857888712959e-05,0.00475739035779234,2.32263121198566,"CNIH3"
"P2RY6",241.734120310401,1.04482898520711,0.283790215012012,3.681694892697,0.000231688579711621,0.0129175203820436,1.8888208445257,"P2RY6"
"IQGAP2",470.953984533297,1.03504641006808,0.295918959211495,3.49773604511877,0.000469225279849507,0.023110923144516,1.63618270668177,"IQGAP2"
"B4GALT6",1885.49651368149,1.03216573215589,0.262578756678733,3.93088056783951,8.46353097039849e-05,0.0055332852627007,2.25701693961356,"B4GALT6"
"CXCL12",532.910582938117,1.03207890849906,0.222677981974307,4.6348493881094,3.5719745268776e-06,0.000363266501999631,3.43977464801522,"CXCL12"
"PYGL",573.903292637036,1.02739163522991,0.223303354641816,4.60087864276767,4.20712499897721e-06,0.000417768480902588,3.37906432904323,"PYGL"
"SLC27A6",782.899642077773,1.01916012076393,0.184931432105137,5.51101621375277,3.5676785344045e-08,5.8052736566862e-06,5.2361773030938,"SLC27A6"
"OSGIN1",371.083592922683,1.01520172482662,0.242844365107237,4.18046234829588,2.90916980549183e-05,0.00234086934495381,2.63062282566651,"OSGIN1"
"RBM24",204.691924195908,1.01050117308016,0.243552775972991,4.14900289698287,3.33926585712841e-05,0.00259200187574346,2.58636468851721,"RBM24"
"PLEKHB1",234.851398427983,1.00819614394458,0.241080197128265,4.18199485463411,2.88962510957319e-05,0.00233890008607335,2.63098833013348,"PLEKHB1"
"SPTSSB",150.373633658422,1.00702170204181,0.299350726460431,3.36401956978355,0.000768160961209392,0.034649264548022,1.46030597912217,"SPTSSB"
"FAM89A",796.609806952974,1.00414756737818,0.190566059668013,5.26928860851465,1.3695348864939e-07,2.01909884910144e-05,4.69484241876393,"FAM89A"
"ISOC1",9853.41095058888,1.0037676543274,0.214459479783114,4.6804536471996,2.86240825848072e-06,0.000296596802896443,3.52783353466946,"ISOC1"
"HTRA1",965.921977806396,0.999525821772622,0.193253002653809,5.17211017705717,2.3146502911072e-07,3.23859381813706e-05,4.48964351744317,"HTRA1"
"EMILIN2",161.341123614538,0.998891272492252,0.253799308439166,3.93575253863105,8.29363991086337e-05,0.00543839963946076,2.26452888155261,"EMILIN2"
"AKAP12",3073.07005216781,0.994777419983619,0.281173463083284,3.53794916872708,0.000403247679792851,0.0204576022679205,1.68914526910054,"AKAP12"
"C17orf58",595.048148915975,0.980793681161274,0.250822110320233,3.91031588048224,9.2175499274133e-05,0.00597291797213829,2.22381344950746,"C17orf58"
"LARGE2",73.0374284942162,0.979564696720105,0.30033301785307,3.2615950910843,0.00110787267547591,0.0460049887753862,1.33719507092398,"LARGE2"
"ANKRD34A",257.020572959051,0.969071308472976,0.250113948521629,3.87451925092924,0.000106835398051419,0.00676326567433867,2.16984355230066,"ANKRD34A"
"LAYN",659.732486520718,0.968428887449256,0.191355205545611,5.06089648665672,4.17289732926767e-07,5.35283373650694e-05,4.27141624595693,"LAYN"
"NCAN",467.013007699594,0.967786641164569,0.288966658312895,3.34912908919977,0.000810660162366499,0.0359051712546569,1.44484299750456,"NCAN"
"EFNA3",334.296405097182,0.967703724934436,0.283754091041411,3.41036043351075,0.00064877079240744,0.0299402268840635,1.52374491294008,"EFNA3"
"CD274",283.813516977638,0.966475705232532,0.275231749916477,3.51149787597479,0.000445589023605899,0.0221955874865097,1.65373335531207,"CD274"
"BAG3",564.840747462094,0.965623860441357,0.202285302533046,4.77357399845503,1.80985006168326e-06,0.000199783800527619,3.69943972945682,"BAG3"
"SVOP",204.399817615226,0.96532011557936,0.296492556809894,3.25579881655615,0.00113073841870694,0.046777647539991,1.32996162275966,"SVOP"
"HIF3A",280.742216125265,0.949765990591876,0.263671601500524,3.60207919695133,0.000315682152206468,0.0169965943779949,1.76963808985778,"HIF3A"
"BRINP1",343.411698453419,0.948898704338449,0.204714049481488,4.63523977343947,3.56523978690546e-06,0.000363266501999631,3.43977464801522,"BRINP1"
"ITM2A",1686.69782229842,0.94579846426504,0.168960474904699,5.5977497979839,2.1715183656424e-08,3.78585269349735e-06,5.42183628832411,"ITM2A"
"ADGRE5",529.251661199486,0.945182920572412,0.185126962396401,5.10559298514578,3.2975878422406e-07,4.41695805673776e-05,4.35487672476557,"ADGRE5"
"CPLX1",747.706656090093,0.942858789097452,0.211330840736543,4.46152954207414,8.13767251179076e-06,0.000760681923687267,3.11879690389241,"CPLX1"
"TGM2",2490.36523050195,0.94072617570518,0.199701186817367,4.71066892840004,2.46905046549518e-06,0.000260090266453267,3.58487590041748,"TGM2"
"GLRX",491.577524181931,0.937857329793246,0.249924817672228,3.75255782330201,0.00017503944051873,0.0103362671770832,1.98563627333958,"GLRX"
"BRSK2",435.090882569516,0.936948970898132,0.24419084815475,3.83695366955098,0.000124569961935826,0.00767603605305364,2.11486299412345,"BRSK2"
"ANPEP",471.328644636932,0.92612342962561,0.189072368495764,4.89824841669744,9.66947405654677e-07,0.000116070675737794,3.93527748718535,"ANPEP"
"C1R",640.765330749361,0.924327502003218,0.265735741420089,3.47837102026104,0.000504471146659555,0.0245170745103328,1.61053135306956,"C1R"
"OLFML3",1651.85154745884,0.923078091077223,0.170104620956912,5.42653154208576,5.74596748930975e-08,9.2132604261071e-06,5.03558665270325,"OLFML3"
"SNAI2",208.886630269431,0.921067620548223,0.258910608172941,3.55747347336571,0.000374438899384087,0.0194415115286972,1.71126997279178,"SNAI2"
"HSPB8",145.32113846756,0.915468086014575,0.246247985952201,3.71766730385472,0.000201070825518333,0.0114403591400724,1.94156034179269,"HSPB8"
"LHFPL2",2474.65987262761,0.910736497928622,0.25458151259688,3.57738662418406,0.000347046668032244,0.0182819524140631,1.73797742581359,"LHFPL2"
"TTC9",718.6536789763,0.909207501912597,0.204452238005099,4.44704108296393,8.70611922350597e-06,0.000810370004164219,3.0913166427552,"TTC9"
"LRRC17",573.151033845844,0.90892928374608,0.229149194044989,3.96653930001442,7.29237558967533e-05,0.00494418563513574,2.30590523152733,"LRRC17"
"MYO1D",2229.43779534301,0.90618678143371,0.197600064468591,4.58596399687791,4.51896475581019e-06,0.00044316115531644,3.3534383140988,"MYO1D"
"HBEGF",295.863086023003,0.906163574841744,0.228745297280462,3.96145225985,7.44952780601245e-05,0.00502198707858404,2.2991244090478,"HBEGF"
"SEZ6",453.398325404629,0.904997270137508,0.272874695597348,3.31653057150054,0.000911426151348773,0.0395050685340758,1.40334718044533,"SEZ6"
"TPBG",3247.03660121051,0.891769036718532,0.152282864016021,5.85600384180267,4.74137254224732e-09,9.8258236448629e-07,6.00763103490405,"TPBG"
"TIMP3",1033.07591061855,0.878385577210168,0.193975301828748,4.52833721060868,5.94496553920018e-06,0.00057277657017373,3.24201475545644,"TIMP3"
"MB21D2",897.650625969303,0.876790009570031,0.191159869466883,4.58668449615116,4.50340444148558e-06,0.00044316115531644,3.3534383140988,"MB21D2"
"SRPX",1184.30369615566,0.876699268893288,0.173723718520519,5.04651452524452,4.49942701070957e-07,5.71323197365648e-05,4.24311814197592,"SRPX"
"COL16A1",1085.15369360628,0.871048611479934,0.182133452419513,4.78247460808916,1.7315026516692e-06,0.000194566310471617,3.71093235647727,"COL16A1"
"BAIAP2L1",431.962126433551,0.86665020228879,0.195116135337642,4.44171467823039,8.92448476981298e-06,0.000823714945119671,3.08422305429782,"BAIAP2L1"
"IFITM3",297.776080600592,0.866087885928434,0.257867375174898,3.35865630671973,0.0007832241279055,0.0350409051276988,1.45542468427085,"IFITM3"
"CGN",258.821921713876,0.862584168709786,0.258919405805175,3.33147747665867,0.00086386290361115,0.0379529528072523,1.42075442957065,"CGN"
"CRTAC1",199.577043747747,0.854025226965518,0.240593358526007,3.54966251852376,0.000385725293614734,0.0197972605720441,1.70339490068565,"CRTAC1"
"FAM162A",1050.7248806186,0.850259358974332,0.253876171670848,3.34911052651566,0.000810714478185907,0.0359051712546569,1.44484299750456,"FAM162A"
"OCLN",147.525555528099,0.848821792858409,0.257191746937849,3.30034615404486,0.000965656417249462,0.0415118875102132,1.38182751917187,"OCLN"
"SFXN3",2536.14292165052,0.848797829254279,0.167458876464049,5.06869416048246,4.00554248399011e-07,5.17586774975357e-05,4.28601682899431,"SFXN3"
"ABCC3",914.98292671438,0.848398770688711,0.203126894151729,4.17669346164956,2.9577719103171e-05,0.0023626682019613,2.62659726362999,"ABCC3"
"SGK1",1683.14574629134,0.847020943695085,0.206991739515848,4.09205191316456,4.27572897745161e-05,0.0031731398124216,2.49851079193189,"SGK1"
"KCNAB1",218.230451067685,0.845650892600496,0.228458469061113,3.70155195417283,0.000214284766724788,0.0121007544232479,1.91718755268852,"KCNAB1"
"GOLGA7B",423.913548583465,0.84563037977967,0.204586769739385,4.13335808985539,3.57501066820242e-05,0.00274588319400009,2.56131794098133,"GOLGA7B"
"COL1A1",2281.20045916131,0.841387143791658,0.201853382571658,4.16830836854054,3.06868597856079e-05,0.00240749374610875,2.61843483235877,"COL1A1"
"KISS1R",597.555586136569,0.835419519492756,0.237116710931824,3.52324185085782,0.000426302159825115,0.0214783934515558,1.66799820626939,"KISS1R"
"JPH3",1247.72199539696,0.824829359814756,0.202163771071589,4.08000580639483,4.50345758570216e-05,0.00329758175950398,2.48180442784794,"JPH3"
"ZNF330",1454.91325220667,0.819638643345154,0.160744523354587,5.0990144251267,3.41426534805476e-07,4.54552526671024e-05,4.34241592382753,"ZNF330"
"SYBU",1548.89028102229,0.817882318622067,0.155451115402639,5.26134737923008,1.43003563962936e-07,2.08037039044624e-05,4.68185933609184,"SYBU"
"STON1",270.218692622362,0.814338658936276,0.23097013404307,3.52573142112141,0.000422315020697543,0.0213264231256619,1.67108197844884,"STON1"
"ZNF703",131.489274858684,0.813544400629811,0.246770437050869,3.29676605655202,0.000978049308794441,0.0417575103816063,1.37926540224147,"ZNF703"
"CAVIN1",1327.47609139147,0.810818991211544,0.185328953641984,4.37502600256337,1.21418003925157e-05,0.00106398517981956,2.97306442125846,"CAVIN1"
"GSN",1483.4278266245,0.810394147688491,0.203581443952049,3.98068768919515,6.87161830760895e-05,0.00474681884790081,2.32359734187723,"GSN"
"CTSC",2480.64098243378,0.808534747027843,0.152104283363978,5.31566060564555,1.06271067697045e-07,1.62915022439274e-05,4.78803886743075,"CTSC"
"DMTN",1004.79778775115,0.803210830220735,0.183638077928263,4.3738795313165,1.2205775268108e-05,0.00106398517981956,2.97306442125846,"DMTN"
"ARRDC3",1429.81202709678,0.798701545771375,0.226829382018852,3.52115558691156,0.000429670428843476,0.0215764475108397,1.66602005888587,"ARRDC3"
"PFKP",3679.13308211472,0.798348769106106,0.16213866421714,4.92386423041538,8.48517182802715e-07,0.000102979983174736,3.98724718346547,"PFKP"
"FGFR4",389.53768299411,0.79424626468982,0.191153802837994,4.15501158176255,3.25271065636502e-05,0.00253380063509848,2.59622755933529,"FGFR4"
"MARCHF4",535.693494620715,0.793488683627235,0.231960904375982,3.42078629914756,0.000624403754287457,0.028937293819478,1.5385420860097,"MARCHF4"
"BHLHE40",309.19599909689,0.79287975581171,0.229431960696683,3.45583829473491,0.000548584318702064,0.0261972863672353,1.58174369252649,"BHLHE40"
"PANX2",339.058243051862,0.792435248005133,0.229577068531912,3.45171777422092,0.000557030038630499,0.0264492438592636,1.57758673922212,"PANX2"
"ABCB4",527.42182783684,0.776678832290269,0.20964130979448,3.70479860601749,0.000211558753468429,0.0119776060243324,1.92162997613012,"ABCB4"
"CPLX2",1185.20959370448,0.775816098930767,0.210059867933336,3.69330946726568,0.000221354374294074,0.0124679270259434,1.90420574828827,"CPLX2"
"LDOC1",648.354976696364,0.773718944926965,0.231309720967672,3.34494781148908,0.000822980545261639,0.0363750777419767,1.43919606981702,"LDOC1"
"NELL2",874.832201923942,0.766963699336509,0.194444467169872,3.9443842784504,8.00052762746691e-05,0.00526190390396903,2.27885708752304,"NELL2"
"DYNC1I1",978.017347874431,0.759229870546687,0.188652869970155,4.02448089269354,5.71011297652381e-05,0.00404054306714902,2.39356025983601,"DYNC1I1"
"GSAP",386.243516425809,0.754566631451435,0.204380546931051,3.691968941183,0.000222524644727841,0.0125017873931879,1.90302789103155,"GSAP"
"ABCB1",5190.78267551495,0.751098092933756,0.186964838690845,4.01732271261834,5.88630890583916e-05,0.00413113571036961,2.38393053794606,"ABCB1"
"JPH4",2592.20277833704,0.743325375325098,0.204490923999182,3.63500423778257,0.000277976066294429,0.0153040106473426,1.81519474083227,"JPH4"
"IFITM2",1028.66171974485,0.742507072341801,0.215638487587578,3.44329567809756,0.000574670646804548,0.0270316704461574,1.5681271158576,"IFITM2"
"ZNF385A",1388.72414965969,0.735270655730154,0.162806451046258,4.51622556111883,6.2951609727799e-06,0.000601242613430679,3.2209502461125,"ZNF385A"
"LDHA",18830.8114579298,0.735026840555832,0.202928917806996,3.62209018063611,0.000292232203016956,0.0159688179195858,1.79672723101252,"LDHA"
"SOD2",4283.13152653858,0.710390752338158,0.193753368603335,3.6664691688149,0.000245922553477792,0.0136764069170801,1.86402798602597,"SOD2"
"RTN1",7550.17052304745,0.70935336886195,0.164579179790483,4.31010392544786,1.63177842438562e-05,0.00140020611908121,2.85380802875706,"RTN1"
"ADAM23",1213.2946052606,0.703040355984536,0.216456788045997,3.24794783444325,0.00116240579739676,0.0479526651582052,1.31918725019642,"ADAM23"
"NSG2",3475.1564146477,0.696228382851016,0.170468867314183,4.08419668541488,4.42295568574806e-05,0.00326037139425596,2.48673292591704,"NSG2"
"SLC17A5",654.955237924769,0.688021470733294,0.196391786276842,3.50331082463617,0.000459512921726082,0.0228373763609883,1.64135379085499,"SLC17A5"
"ETS2",1460.40751571522,0.683521366927636,0.163735470311538,4.17454669795803,2.98579971918958e-05,0.00236783618886056,2.62564834617832,"ETS2"
"GABARAPL1",531.273972937305,0.683234206313445,0.209434729811857,3.26227749775416,0.00110520896408454,0.0459812979432672,1.33741877378786,"GABARAPL1"
"SOCS3",662.831253780594,0.678727336888045,0.181258225740233,3.74453260874765,0.000180729904203953,0.0105788752976455,1.97556050224323,"SOCS3"
"AK4",702.535311799088,0.677787023088061,0.187683785141841,3.61132434842908,0.000304637381212844,0.0165233811187717,1.78190107983778,"AK4"
"MAPK10",517.600528984789,0.663890433146847,0.177770050714412,3.73454600749024,0.000188054112620456,0.0108424795063873,1.96487139004813,"MAPK10"
"ARHGAP36",10609.0060483005,0.644038688231084,0.160047162794167,4.0240556407699,5.72043926746186e-05,0.00404054306714902,2.39356025983601,"ARHGAP36"
"PHOX2B",5434.80189938638,0.641561462064619,0.148785850009493,4.31197900891574,1.61799797884809e-05,0.00139382594515121,2.85579145563537,"PHOX2B"
"DCN",1689.56457111035,0.621631592523197,0.167055903227988,3.72109922793228,0.000198357471961422,0.0113177106144845,1.94624141484841,"DCN"
"NEIL2",2096.82084324999,0.610593696695079,0.157933350987814,3.86614792174069,0.000110567891094213,0.00695944087010479,2.15742565073174,"NEIL2"
"MYC",1061.1970890388,0.588931577019557,0.163558085470285,3.60074878185435,0.000317302052247282,0.0170419906643424,1.76847967693761,"MYC"
"LHFPL6",563.970822636042,0.582950885025069,0.180158976879327,3.23575819047606,0.00121320110902045,0.0497208745556943,1.30346124102452,"LHFPL6"
"ENO2",5845.09567679352,0.580919182457216,0.164995370993059,3.52082109310602,0.000430212774149761,0.0215764475108397,1.66602005888587,"ENO2"
"DRAM1",846.859798125099,0.577704171333024,0.174316947661434,3.31410215176018,0.000919379124386213,0.0397559079239999,1.40059832390966,"DRAM1"
"OLFM2",2434.44969600177,0.573315830831035,0.165893600891251,3.4559249286949,0.000548408034591326,0.0261972863672353,1.58174369252649,"OLFM2"
"BTN3A2",1124.67945289437,0.564440309756774,0.162200381596598,3.47989507916554,0.000501610182404864,0.0245170745103328,1.61053135306956,"BTN3A2"
"OGDHL",1972.54420611473,0.556303575407049,0.156240235348376,3.56056539576144,0.000370057132953555,0.0193088955809756,1.71424256603443,"OGDHL"
"DYRK3",1423.01303101991,0.552583056520854,0.166985594442623,3.30916602935305,0.000935743290565807,0.0403840331313538,1.39379031047349,"DYRK3"
"MAPKAPK3",1299.96989013292,0.545686854738982,0.162594186065737,3.35612771860341,0.000790420573161924,0.0351481148393684,1.45409796329893,"MAPKAPK3"
"PLS3",3339.52102404204,0.515403674367835,0.158166056250324,3.25862379442606,0.00111954019791002,0.0464017726933761,1.33346542771569,"PLS3"
"SPSB4",895.294243107542,-0.53352804397521,0.154673912885983,-3.44937316203087,0.000561889630327697,0.026544149482599,-1.5760311855962,"SPSB4"
"PLAT",6217.93149246898,-0.557415222360089,0.170788779536682,-3.26376957474754,0.00109940539767503,0.0458266382746248,-1.33888200032294,"PLAT"
"SERPINE2",1119.91754991165,-0.559151378970472,0.168600786386417,-3.31642212918835,0.000911779931113782,0.0395050685340758,-1.40334718044533,"SERPINE2"
"FXYD6",1656.63524414954,-0.582637624869541,0.162895850498195,-3.57674933454489,0.000347893481722557,0.0182827179736828,-1.73795924004493,"FXYD6"
"ALDH1A3",1984.96186653017,-0.591959857061252,0.149819850386235,-3.95114436127912,7.77783878686542e-05,0.00517744801912341,-2.28588425267037,"ALDH1A3"
"TCF7",1432.27958702412,-0.602685364965552,0.167101128903869,-3.60671031320362,0.000310103530178509,0.0167784341069737,-1.77524857333055,"TCF7"
"TMEM198",952.453905192968,-0.615325282184393,0.179085396006666,-3.43593221951772,0.00059051869063357,0.0275998384620162,-1.55909345979204,"TMEM198"
"TDRKH",1927.81815349508,-0.619648179042793,0.18142670556713,-3.41541878912373,0.000636840163138665,0.0294515112919306,-1.53089241466616,"TDRKH"
"SH3TC1",1632.2579272131,-0.632289459205866,0.182547279929481,-3.46370244163662,0.00053279551982159,0.0256997825071936,-1.5900705520121,"SH3TC1"
"RGS16",1559.58025267631,-0.656254876835313,0.17531042332768,-3.74338766844845,0.000181555787645666,0.0105788752976455,-1.97556050224323,"RGS16"
"MAPK8IP2",3487.67114430594,-0.662147983980383,0.154296756725947,-4.29139275530238,1.77555950447261e-05,0.00148303101272813,-2.82884976703239,"MAPK8IP2"
"DOK4",13913.0061454225,-0.66480524279543,0.157043519402864,-4.23325486669721,2.30333221636924e-05,0.00190933203007484,-2.71911854185745,"DOK4"
"SSTR2",872.167447295873,-0.685389759438158,0.19567563876148,-3.50268313304765,0.000460597036589818,0.0228395826247597,-1.64131183674055,"SSTR2"
"ADAMTSL2",690.657268418099,-0.686562571321711,0.199865915637159,-3.43511583319746,0.00059230059730393,0.0276243465413491,-1.55870798649571,"ADAMTSL2"
"MAPK11",2892.80312629487,-0.691854888723832,0.20575067651844,-3.36258864578667,0.000772153302836115,0.0347027640647952,-1.45963593240565,"MAPK11"
"TACC2",897.848246647207,-0.720637217864766,0.162566468123019,-4.43287737123894,9.29837573109545e-06,0.000854633555167254,-3.06822005963737,"TACC2"
"MMP15",3261.80290699374,-0.727701041981083,0.183059544104145,-3.97521498014375,7.03157097638724e-05,0.00479591948915047,-2.31912811617185,"MMP15"
"ATCAY",2292.07114773001,-0.734158889496986,0.210035760374774,-3.49539948905368,0.000473352695593578,0.0232620551769667,-1.63335191847314,"ATCAY"
"FAM163B",1032.88864001228,-0.750271515246054,0.19291407404601,-3.88914867386563,0.000100596480528466,0.00643638912318847,-2.19135770774501,"FAM163B"
"PPM1E",811.031192752846,-0.756425672375206,0.226439472844842,-3.34052037337816,0.000836215451374405,0.0368858329725734,-1.43314040466033,"PPM1E"
"SHD",6985.4648976925,-0.765119340273231,0.230300271174811,-3.32226851653363,0.000892887234398263,0.0389167735675132,-1.40986317251233,"SHD"
"GBP2",712.375215439503,-0.765966388161997,0.165632492715681,-4.62449351333998,3.75514836011978e-06,0.000380135225929729,-3.42006188383533,"GBP2"
"ERFE",350.530299498971,-0.787214155389763,0.239724981190914,-3.28382195079968,0.00102409599216277,0.0433385616776886,-1.3631255061636,"ERFE"
"NAT8L",1408.4683289489,-0.792652640677559,0.227822212671316,-3.4792596884358,0.000502801094620661,0.0245170745103328,-1.61053135306956,"NAT8L"
"CADM1",6239.11578579155,-0.817936658529218,0.237702931702233,-3.44100366231005,0.000579560688410432,0.0272034394066495,-1.5653761834328,"CADM1"
"PTPRU",1845.94629098488,-0.826236065925535,0.250868343380507,-3.29350469171128,0.000989466902792832,0.0419606553159269,-1.37715773787913,"PTPRU"
"OPRD1",1075.33676257057,-0.835858942961097,0.18689646068881,-4.47231017580817,7.73790793132035e-06,0.000726404374048351,-3.13882154937224,"OPRD1"
"EFNB2",2486.23038483468,-0.836896804208525,0.166845349137695,-5.01600319417863,5.27574518011414e-07,6.62241682123242e-05,-4.17898348781467,"EFNB2"
"NT5E",1294.40478982358,-0.840099722644449,0.157861757931609,-5.32174311024973,1.02777641066834e-07,1.58994115585573e-05,-4.79861894873619,"NT5E"
"ASB9",391.585995470549,-0.846397682254205,0.191522109846034,-4.41932100129133,9.90114898269763e-06,0.000902483567232028,-3.04456069715131,"ASB9"
"PDLIM3",274.654716329588,-0.856652280134237,0.195436422427032,-4.38327855931805,1.16906474063238e-05,0.001039710330262,-2.98308764098176,"PDLIM3"
"PLD5",233.55343620098,-0.863451063565755,0.263501308673017,-3.27683785676081,0.00104976634931746,0.0440080484646118,-1.35646788978384,"PLD5"
"SLC43A2",1549.89718540992,-0.869263117460473,0.198211051508619,-4.38554314123435,1.15696723951919e-05,0.00103623338208787,-2.98454242109827,"SLC43A2"
"DBH",32977.221265078,-0.870025937404219,0.168389241041896,-5.16675490679214,2.38193276637142e-07,3.31164032144816e-05,-4.47995683821954,"DBH"
"CAMK4",3986.58389755874,-0.877454338717908,0.260993186935288,-3.36198177822729,0.000773852300487724,0.0347027640647952,-1.45963593240565,"CAMK4"
"CBLB",1557.40048423699,-0.882426959911121,0.2490489234196,-3.54318720914284,0.000395321960916331,0.0201019386931691,-1.69676205585596,"CBLB"
"LFNG",946.9763914271,-0.895206464342736,0.192032702063142,-4.66173966582204,3.13547654653576e-06,0.000323366259613854,-3.49030529682282,"LFNG"
"INAVA",510.790589847246,-0.903938228066303,0.252418178660129,-3.58111382018733,0.000342132556868751,0.0181099418716527,-1.74208294365949,"INAVA"
"PTX3",581.881532930092,-0.909022994944868,0.208711720703807,-4.35539983992997,1.32824241381164e-05,0.0011487205159134,-2.93978562245279,"PTX3"
"BMP2",102.089775173633,-0.918989921879883,0.27994233459084,-3.28278294607732,0.00102787775454435,0.0433385616776886,-1.3631255061636,"BMP2"
"COL7A1",1445.7005960254,-0.922950828504749,0.225250815271027,-4.09743612867386,4.17751382768605e-05,0.00311832467512282,-2.50607866872594,"COL7A1"
"EFHD1",447.630870131771,-0.923970278389186,0.186414477935041,-4.95653711355596,7.17606648979654e-07,8.80651690398663e-05,-4.05519582694364,"EFHD1"
"APLN",289.995823573399,-0.94289554542646,0.24577512710581,-3.8364156557654,0.000124843044361474,0.00767603605305364,-2.11486299412345,"APLN"
"SPON2",227.753000295607,-0.951673053994692,0.289956087689931,-3.28212820629715,0.0010302675060587,0.0433561040337003,-1.36294975028619,"SPON2"
"LRRC4C",539.136687785458,-0.953297536444251,0.238080701614615,-4.00409411589928,6.22555779321335e-05,0.00434148660455611,-2.36236153463355,"LRRC4C"
"B3GNT4",162.88205632576,-0.954259926291629,0.268283996136813,-3.55690216350064,0.000375253830207476,0.0194415115286972,-1.71126997279178,"B3GNT4"
"LINC00511",171.961567699916,-0.962777328058839,0.255026925387884,-3.775198742621,0.000159880141751729,0.00956971954730308,-2.01910078958402,"LINC00511"
"ASIC4",190.701625274195,-0.966240961495391,0.287875992478515,-3.35644856375963,0.000789504049802667,0.0351481148393684,-1.45409796329893,"ASIC4"
"MGAT5B",1439.36939557557,-0.969926794168102,0.218281561215018,-4.44346645117073,8.85209648154135e-06,0.000820481027046493,-3.0859314571999,"MGAT5B"
"FOSL2",1621.8578393818,-0.973459017809013,0.287685999486299,-3.38375527327452,0.000715017046022547,0.032473375618447,-1.48847256396822,"FOSL2"
"SHISA5",2941.13272525559,-0.975708921027716,0.195823352011256,-4.98259738180578,6.27363995242629e-07,7.74230611432294e-05,-4.11112966159713,"SHISA5"
"NCAM2",875.12549321489,-0.976006357446512,0.261159037639713,-3.73721072901555,0.000186072970063126,0.0107564866667807,-1.96832955677265,"NCAM2"
"BTBD19",245.853992898366,-0.981081321588293,0.245835071497577,-3.9908110572334,6.58477242922524e-05,0.00456301879977259,-2.34074774191753,"BTBD19"
"DACH1",339.20612423148,-0.988084114944862,0.250156058730312,-3.94987081248388,7.81933853395486e-05,0.00518934772131077,-2.28488722766951,"DACH1"
"TESC",194.821454330238,-0.993821704417543,0.30164717873159,-3.29464942651381,0.000985445359932143,0.0418709443358402,-1.37808724414293,"TESC"
"IGDCC3",746.187366672902,-0.995121176328004,0.178336267481622,-5.58002693664404,2.40481339639236e-08,4.1595697542166e-06,-5.38095158837154,"IGDCC3"
"CRACDL",111.740776602307,-1.00114358063277,0.287782962448849,-3.47881463208829,0.000503636832593648,0.0245170745103328,-1.61053135306956,"CRACDL"
"MATN2",180.892119001486,-1.00559291990434,0.286000838141112,-3.51604885650083,0.00043802037301951,0.0219179807155344,-1.65919945951689,"MATN2"
"PLXDC2",441.810711026223,-1.03052012184111,0.287161880653451,-3.58863829522258,0.000332409648825381,0.0176804909340125,-1.75250568010505,"PLXDC2"
"CDKN1C",1307.51285539442,-1.03385881991624,0.250503199386917,-4.12712820613274,3.67321629562543e-05,0.00279202568740498,-2.5540805904017,"CDKN1C"
"ANO9",3406.84089640464,-1.04652037509906,0.196908144833336,-5.31476428252797,1.06795480635751e-07,1.62915022439274e-05,-4.78803886743075,"ANO9"
"DIO3",462.981378761321,-1.05003089764579,0.256928823862482,-4.08685519148994,4.37259846724084e-05,0.00323410338484443,-2.49024610108089,"DIO3"
"FAM86GP",167.726131737217,-1.06697513849722,0.323722534188096,-3.2959557207632,0.00098087473742017,0.0417575103816063,-1.37926540224147,"FAM86GP"
"ASIC1",2055.15860739114,-1.06815742538999,0.175174692148949,-6.09766977344964,1.07625790230487e-09,2.54216745590657e-07,-6.59479584529228,"ASIC1"
"DISP3",149.153928713188,-1.08757851244518,0.285352964911491,-3.81134470701057,0.000138212873099523,0.00836397295696203,-2.07758738004628,"DISP3"
"ST8SIA1",783.422551772363,-1.09934106726708,0.169908981406609,-6.47017631537822,9.78886285866207e-11,2.8670926722164e-08,-7.54255826925032,"ST8SIA1"
"TNFRSF4",136.133404104618,-1.10550884780335,0.286605426990486,-3.85725022520264,0.000114669758685222,0.00717649740466742,-2.14408746787144,"TNFRSF4"
"VSTM4",558.903170544501,-1.11852313974408,0.217977919667151,-5.13135982512379,2.87656406543735e-07,3.9248125978548e-05,-4.40618107513798,"VSTM4"
"NKX2-5",210.677835279675,-1.11949828461952,0.274561141074502,-4.07740979017764,4.55401895827347e-05,0.0033235260616742,-2.47840091132435,"NKX2-5"
"GPRIN3",413.516421667889,-1.14212283688809,0.247585099693453,-4.61305158631197,3.96799770230501e-06,0.000398013723865453,-3.40010195281003,"GPRIN3"
"CBFA2T3",138.670721555608,-1.14373657978856,0.239934334832388,-4.76687332218434,1.87106868688478e-06,0.000203474088340584,-3.69149088868546,"CBFA2T3"
"LRRTM1",151.953131362789,-1.14941368219613,0.267288988379364,-4.30026575043473,1.70593411495696e-05,0.0014413174885869,-2.84124034371482,"LRRTM1"
"KRT80",237.524707181865,-1.14981115143487,0.240642984044199,-4.77807884572976,1.76977987321712e-06,0.000196347244823033,-3.7069751884427,"KRT80"
"SEMA5B",1577.34207173022,-1.15146859255321,0.245601125028516,-4.68836855865181,2.75391709923778e-06,0.000287916236556537,-3.54073384311748,"SEMA5B"
"FAIM2",508.726951045633,-1.15174224323367,0.23693009901755,-4.86110565103152,1.16731929032523e-06,0.000138608123516618,-3.85821131593594,"FAIM2"
"ASCL1",901.291493095216,-1.15223702752738,0.208869715847757,-5.51653466301083,3.4574932012066e-08,5.66796665305264e-06,-5.24657271354769,"ASCL1"
"TMCC3",87.7092459298536,-1.15475138179059,0.324972390166357,-3.55338304647807,0.000380310259564503,0.0196109752860409,-1.70750080761659,"TMCC3"
"B3GNT8",94.0720622576453,-1.15863749993053,0.340901353771383,-3.39874713641514,0.000676952721131967,0.0310451365868599,-1.50800642508232,"B3GNT8"
"CHST1",65.288170713468,-1.16414927082744,0.328145127128111,-3.54766587886264,0.000388660925292494,0.0198551501067447,-1.70212682528182,"CHST1"
"RIMS3",6667.77520755199,-1.17255701549306,0.289322138685915,-4.05277321956331,5.0614060333255e-05,0.00363346099130919,-2.43967949801375,"RIMS3"
"MAP3K5",555.111792475072,-1.17405037275227,0.281153789356509,-4.17582980275449,2.96901750679134e-05,0.00236305824535092,-2.62652557361827,"MAP3K5"
"TRIM56",378.978613865864,-1.17568240853452,0.27831537539177,-4.22428120214189,2.39704600537408e-05,0.00197954547368618,-2.70343451727922,"TRIM56"
"MYCN",623.058888826438,-1.17653261882181,0.18535107235318,-6.34759002947643,2.1871398947235e-10,5.85913439846233e-08,-7.23216653991002,"MYCN"
"MAOA",2342.67660352815,-1.19117343235987,0.180443696961757,-6.60135794387055,4.07408542083014e-11,1.26049907661093e-08,-7.89945746813345,"MAOA"
"DRGX",235.147300696404,-1.20345824423723,0.217358681827641,-5.53673878640622,3.08155611838915e-08,5.12822297368595e-06,-5.29003310007735,"DRGX"
"IGF2",7680.90398381376,-1.20511127315194,0.213540785446832,-5.64347120214179,1.66655413183018e-08,3.02379455845718e-06,-5.5194477188452,"IGF2"
"PTGDS",58.4667113853009,-1.21764739129986,0.359870111056577,-3.38357466732886,0.000715487494848106,0.032473375618447,-1.48847256396822,"PTGDS"
"RAMP2-AS1",109.229065421901,-1.22134584224864,0.353101177092611,-3.45891184024092,0.000542362396826262,0.02605056752657,-1.58418281090676,"RAMP2-AS1"
"IGF2-AS",83.1843733513893,-1.23075050434008,0.304631907198952,-4.04012342520736,5.34230795010989e-05,0.00382262145733107,-2.41763870672384,"IGF2-AS"
"PRSS8",102.563638978897,-1.24195747752469,0.330101494276411,-3.76235036514173,0.000168324017893718,0.00999344243532785,-2.00028488483293,"PRSS8"
"SOWAHA",154.671389180957,-1.26877484013777,0.301193660035888,-4.21248853640076,2.5257253699745e-05,0.0020702466120235,-2.68397791741187,"SOWAHA"
"NT5C1A",510.160179233535,-1.27202289489328,0.229645965536971,-5.53906049217527,3.04098599137023e-08,5.09933887575801e-06,-5.29248612610244,"NT5C1A"
"S100A13",172.589113443935,-1.29958612210123,0.365153240641953,-3.55901571574858,0.00037224725913696,0.0193771458328474,-1.71271019221458,"S100A13"
"PTPRD",284.556027906551,-1.30987411908373,0.381039685923729,-3.43763174145049,0.000586825181346987,0.0274856903169494,-1.56089335103672,"PTPRD"
"FZD5",367.626322398478,-1.3159704995364,0.251576639932982,-5.23089305862006,1.68693082391759e-07,2.43794798743406e-05,-4.61297556410375,"FZD5"
"NGEF",69.032680324007,-1.32379822564117,0.373588674170095,-3.54346455652573,0.000394906389027197,0.0201019386931691,-1.69676205585596,"NGEF"
"CDK6-AS1",68.1046556143133,-1.32392505825315,0.322429981531325,-4.10608545757873,4.02420653271215e-05,0.0030273885241126,-2.5189318396809,"CDK6-AS1"
"SHISA3",98.709988797147,-1.33787430718129,0.321990731090824,-4.15500875645987,3.25275084944585e-05,0.00253380063509848,-2.59622755933529,"SHISA3"
"NR4A3",448.952421347791,-1.34231237049433,0.291295303438445,-4.60808105949425,4.06402235751861e-06,0.000405792632398233,-3.3916958423146,"NR4A3"
"TFPI",475.48069610862,-1.3492910656071,0.278213866780448,-4.84983398283268,1.23564850929078e-06,0.000145932746255863,-3.83584724462127,"TFPI"
"ZBTB7C",90.1981782436036,-1.35396869383231,0.386869731341581,-3.49980519059228,0.000465598287609379,0.0230300976145762,-1.63770422124628,"ZBTB7C"
"TMEM200B",248.265177025416,-1.36129550674527,0.257577858247822,-5.28498651244913,1.25714019271208e-07,1.87861215056505e-05,-4.72616287304262,"TMEM200B"
"FLRT1",208.076169718597,-1.36606752972914,0.410821343635184,-3.32521070507531,0.00088351736876193,0.0385849424246388,-1.4135821434555,"FLRT1"
"FAM20C",584.928767801584,-1.39422236675432,0.210932870750186,-6.60979183469959,3.84860813517655e-11,1.20774821293462e-08,-7.91802359645225,"FAM20C"
"PCDHGA1",58.6648769259407,-1.40033800251224,0.41371043037916,-3.38482643821392,0.000712232739291983,0.0324597854440394,-1.48865435514373,"PCDHGA1"
"LCNL1",120.302808667452,-1.41031262842977,0.327297820874516,-4.30895819795413,1.64025363825692e-05,0.00140160058041631,-2.85337573133043,"LCNL1"
"DTX4",152.835847281047,-1.41902999315244,0.277418465160095,-5.11512451895924,3.13534053922851e-07,4.24153546061566e-05,-4.37247689780405,"DTX4"
"C1QL1",929.192805304584,-1.4209184982087,0.224990291382386,-6.31546583400683,2.69348890984243e-10,7.0437941526796e-08,-7.15219334430919,"C1QL1"
"TNF",139.29213338527,-1.42121998970816,0.294026925812467,-4.83363891174589,1.34059656056962e-06,0.000157480666556326,-3.80277275567301,"TNF"
"PRSS36",39.1348222483925,-1.4245096542206,0.427293949751828,-3.33379317691709,0.000856703338767887,0.0377138321497278,-1.42349933614588,"PRSS36"
"OR2I1P",594.803532170278,-1.42662087046459,0.190446129517637,-7.49094179061523,6.83811419252527e-14,3.75532136168007e-11,-10.4253528923129,"OR2I1P"
"CPS1",638.051005615558,-1.43914404408613,0.2550699349414,-5.64215474637086,1.67935055370226e-08,3.02379455845718e-06,-5.5194477188452,"CPS1"
"TNN",156.986021930491,-1.4415127004921,0.306039753043283,-4.71021390573475,2.47456938538411e-06,0.000260090266453267,-3.58487590041748,"TNN"
"DIO3OS",149.635188959264,-1.44255863066286,0.273456088156061,-5.27528438072148,1.32550376965747e-07,1.96738792622066e-05,-4.70610999818631,"DIO3OS"
"CCDC3",757.272646896654,-1.45623081231499,0.176443050030803,-8.25326252329442,1.54127972317121e-16,1.30220352611161e-13,-12.8853211330033,"CCDC3"
"NPR1",52.467951661771,-1.46141183064491,0.389948938531231,-3.74770049676098,0.000178463170526217,0.0104820868100251,-1.97955224790009,"NPR1"
"S100A16",273.050406348067,-1.46766426904548,0.3016445882614,-4.86554152191065,1.14143843328207e-06,0.00013627161991254,-3.86559458142676,"S100A16"
"MTSS1",571.002470450093,-1.46783999611291,0.204028615021151,-7.19428495831698,6.27889400008069e-13,2.75856928999545e-10,-9.55931610292076,"MTSS1"
"PPP4R4",152.334191094813,-1.476066684924,0.328692712717506,-4.49071922745243,7.09830719467655e-06,0.000672105664420085,-3.17256244440577,"PPP4R4"
"ADAMTS17",241.133763971985,-1.47724754865927,0.396644295953793,-3.7243635260328,0.000195808602415439,0.0112013738782811,-1.95072870669023,"ADAMTS17"
"NGFR",1473.62167187775,-1.47764000432342,0.194788354760675,-7.58587445403964,3.30252085454305e-14,1.90911777925651e-11,-10.7191672778382,"NGFR"
"IFFO2",66.3272879173673,-1.50570020116734,0.433073180826878,-3.47678006357371,0.000507473915461086,0.0246085640197211,-1.60891372788624,"IFFO2"
"VLDLR",685.452316319115,-1.51943481307086,0.272925554227725,-5.56721343800247,2.58845265092723e-08,4.40779375061384e-06,-5.35577873517849,"VLDLR"
"CRABP2",9251.28165224744,-1.52121831055994,0.281228109411837,-5.40919723046684,6.33078798508928e-08,1.00774217151055e-05,-4.99665056691143,"CRABP2"
"SLC35D3",573.30824717171,-1.55954715418388,0.201073556741415,-7.75610268927353,8.7579118150319e-15,5.46898634567064e-12,-11.26209316092,"SLC35D3"
"IFITM10",103.264610110403,-1.56054332039589,0.384193252718652,-4.06187071051631,4.86810372573072e-05,0.00351768534681338,-2.45374301031749,"IFITM10"
"SPOCK3",401.237703093576,-1.59705820107136,0.279059056236815,-5.72301154676043,1.04652149452121e-08,1.93184350169306e-06,-5.71402805861619,"SPOCK3"
"ZNF229",194.834295239961,-1.59793064696453,0.33701187814966,-4.74146684602887,2.12176382960686e-06,0.000229599931256029,-3.63902824630513,"ZNF229"
"MMP23B",86.2886780263742,-1.60506333086808,0.443917430992066,-3.61567989632911,0.000299560358169772,0.0163286411610804,-1.78704995493259,"MMP23B"
"CHGB",24556.3114534212,-1.60767468880342,0.191757586627259,-8.38389091706938,5.12062501212498e-17,4.68686540172289e-14,-13.3291175184509,"CHGB"
"INSM2",6357.01039531838,-1.63373398013121,0.180100130380039,-9.07125373359689,1.17655313939972e-19,1.29226714065968e-16,-15.8886476986305,"INSM2"
"IER3",593.752090083098,-1.63612274971116,0.228113573663951,-7.17240418196877,7.36919915271265e-13,3.11306149591613e-10,-9.50681230010989,"IER3"
"PRKD1",154.043889929755,-1.63658435749436,0.379879906531052,-4.30816247281714,1.64616447283383e-05,0.00140160058041631,-2.85337573133043,"PRKD1"
"DLK1",11934.4798663735,-1.64199733340633,0.206896277332386,-7.93633097017209,2.08249844537142e-15,1.38624979846891e-12,-11.8581585039799,"DLK1"
"FOXD1",269.15077603697,-1.64433582679683,0.223391989008729,-7.36076452022003,1.82859892134372e-13,8.92640722336832e-11,-10.0493233044967,"FOXD1"
"NELL1",596.534552372749,-1.68011799089138,0.200860166448167,-8.36461514794645,6.03114611770634e-17,5.2994474707062e-14,-13.275769408311,"NELL1"
"OSTF1",75.3510693967866,-1.73458110955055,0.41835333051995,-4.14621082947931,3.3802260377888e-05,0.0026145572314122,-2.58260184723097,"OSTF1"
"TRPA1",100.893187330682,-1.73624403787651,0.34641931056575,-5.01197244183929,5.38749211040656e-07,6.72426359030119e-05,-4.1723552706089,"TRPA1"
"ELFN1",26.0015416004724,-1.73645494884124,0.526808609194479,-3.29617800190543,0.000980098949986842,0.0417575103816063,-1.37926540224147,"ELFN1"
"LRRN2",164.851666538575,-1.74849909388223,0.275687393796773,-6.342325159674,2.26322997433108e-10,5.98992443929288e-08,-7.22257865604226,"LRRN2"
"RERG",774.613311585404,-1.77003204441227,0.187581896249173,-9.4360494259055,3.8709963520832e-21,6.07386977615798e-18,-17.2165345235969,"RERG"
"CHGA",21088.0136820262,-1.77472942543031,0.257820522514698,-6.88358478262388,5.83648343567274e-12,2.33109148420769e-09,-8.6324406821607,"CHGA"
"LOC102724019",32.9740773204427,-1.79662065831207,0.513427439150895,-3.49926887679264,0.00046653586918953,0.0230300976145762,-1.63770422124628,"LOC102724019"
"CA10",74.0862819971906,-1.8083421896543,0.355398624474488,-5.08820818405871,3.61462448674113e-07,4.78328048796641e-05,-4.3202741516799,"CA10"
"ZNF208",35.4009427624872,-1.8232982692928,0.475976414327909,-3.83064835653117,0.000127806046490386,0.0077986539534842,-2.10798035000446,"ZNF208"
"TF",52.9848847249304,-1.82958315661164,0.39273347681634,-4.65858722165219,3.18386901549319e-06,0.000326822666651117,-3.48568783078059,"TF"
"FAM30A",404.581092461438,-1.83093216024198,0.316508075536699,-5.78478813577597,7.26037761786204e-09,1.41140455868651e-06,-5.85034848417467,"FAM30A"
"LTB",317.039281826561,-1.83157538420825,0.322319038631049,-5.68249207985759,1.32746062938619e-08,2.43002730381053e-06,-5.61438884663723,"LTB"
"TSSC2",307.08054991537,-1.86825352602287,0.291649491585503,-6.40581787359349,1.49565419171545e-10,4.10687945367667e-08,-7.38648804449754,"TSSC2"
"PABPC5",62.1898912589799,-1.86868514996968,0.424935112170427,-4.39757764526696,1.09465729900314e-05,0.000989561188773742,-3.00455734635381,"PABPC5"
"NTN1",44.2975631101211,-1.93143810265658,0.584628815210482,-3.30369980474057,0.000954179472697515,0.0410989421112673,-1.38616935674077,"NTN1"
"KIF17",376.783355311979,-1.9486809335443,0.21307507050763,-9.1455134986076,5.93472367060632e-20,7.66871028660053e-17,-16.1152776689728,"KIF17"
"THEM5",36.715503743806,-2.01458681178031,0.527448809155289,-3.81949257788008,0.000133726483099534,0.00811483329902613,-2.09072039734812,"THEM5"
"ZNF217",3094.6627181313,-2.06715410750224,0.306884719655028,-6.73593038397592,1.62884265081177e-11,5.42133128945183e-09,-8.26589405282184,"ZNF217"
"APCDD1L",34.993374513675,-2.08106360953316,0.503675171002763,-4.13175738917205,3.60000278767502e-05,0.00275544464239921,-2.55980830964016,"APCDD1L"
"RASD2",97.5985523617071,-2.10213453891316,0.428440379329416,-4.90648090220479,9.27250128668085e-07,0.000111917052617867,-3.95110373569145,"RASD2"
"RORC",180.974537478583,-2.17862931577784,0.274674867038243,-7.93166604309128,2.16225247458831e-15,1.3970058855671e-12,-11.8548017642051,"RORC"
"PDZD2",170.961000997671,-2.20525711149644,0.343242740451614,-6.42477422419751,1.32065383056038e-10,3.76763671375584e-08,-7.42393097976913,"PDZD2"
"DPP6",186.262240636737,-2.24930268465846,0.273747493833045,-8.21670603505246,2.0916895743647e-16,1.64100517428819e-13,-12.7848900495616,"DPP6"
"HMCN1",76.7967031405807,-2.25028093558001,0.57867547088386,-3.88867517080509,0.000100792910200612,0.00643638912318847,-2.19135770774501,"HMCN1"
"NR2F2",282.731495667065,-2.30459484099277,0.25375174904394,-9.08208455577465,1.06514974799973e-19,1.27127548642538e-16,-15.8957603272822,"NR2F2"
"PCSK2",213.348696050458,-2.32720211140129,0.231418042336877,-10.0562691132508,8.62034669544081e-24,2.1040350650972e-20,-19.6769470266612,"PCSK2"
"SPINK4",23.7741956570153,-2.33072427128568,0.65539144836211,-3.55623235107873,0.000376211378850787,0.0194452596687417,-1.711186252982,"SPINK4"
"DSCAML1",42.6227725513254,-2.33152884182831,0.459488776713979,-5.07418017585147,3.89170179393946e-07,5.05852149748332e-05,-4.29597640002038,"DSCAML1"
"COL6A3",29.9838583740115,-2.35357835745556,0.62011425957997,-3.79539467299097,0.000147408767472881,0.00889595712933182,-2.05080731867338,"COL6A3"
"CBLN4",30.8101513736834,-2.35798902130864,0.532710707962186,-4.42639689059154,9.58201518870196e-06,0.000877033865209233,-3.05698363674851,"CBLN4"
"SLC24A2",18.9316799582167,-2.3765159039713,0.705197613046368,-3.36999992626895,0.000751682037927485,0.034045771808563,-1.46793681603401,"SLC24A2"
"AJAP1",178.292269419388,-2.41354355042411,0.356004733933449,-6.77952656347342,1.20570328881732e-11,4.27188453958872e-09,-8.36938049392359,"AJAP1"
"ADAMTS16",43.3831995950125,-2.43677429967583,0.555376040499889,-4.38761149559587,1.14602248419721e-05,0.00103174901271968,-2.98642593802661,"ADAMTS16"
"RAB34",58.8052919614434,-2.49342841702527,0.414911375648843,-6.00954460003903,1.86045179013424e-09,4.04639054196821e-07,-6.39293220311825,"RAB34"
"CPA1",14.1784369807539,-2.51137333887242,0.764896409475425,-3.28328556358991,0.00102604671976624,0.0433385616776886,-1.3631255061636,"CPA1"
"NRIP1",155.611365622069,-2.51262685420828,0.387802707924111,-6.47913694996677,9.22487463963217e-11,2.73841650282162e-08,-7.56250049662552,"NRIP1"
"SPOCK1",916.026313511554,-2.59922285852393,0.269498670958141,-9.64465928267099,5.1782868348304e-22,8.7501097615938e-19,-18.0579864991428,"SPOCK1"
"SERPINA5",96.4711798584599,-2.60431241404642,0.320061671445293,-8.13690812238218,4.0550020447597e-16,2.96920766390788e-13,-12.5273594271478,"SERPINA5"
"UTRN",209.216393585972,-2.62326740041368,0.402038454986283,-6.52491662894083,6.80393691858448e-11,2.07586225403535e-08,-7.68280146792237,"UTRN"
"DPP10",57.2570330675209,-2.67194796576161,0.501957173570074,-5.32305962829039,1.02036279320085e-07,1.58966733888249e-05,-4.79869374863751,"DPP10"
"KCNIP3",175.891432865944,-2.73237648931651,0.269234635123504,-10.1486812350985,3.35871232741091e-24,9.22260421202943e-21,-20.0351464287058,"KCNIP3"
"CD177",35.4966605460563,-2.7645559106196,0.481200900934891,-5.74511790241569,9.18569590210938e-09,1.73950156794514e-06,-5.75957517545355,"CD177"
"CARD11",28.6258509499478,-2.85056431115994,0.811513684690007,-3.51265094469582,0.000443659914942434,0.022149721253501,-1.65463173485076,"CARD11"
"UMODL1",11.9583043849582,-2.98736711926462,0.777596156877826,-3.84179769002381,0.000122136488565305,0.00755766829384241,-2.12161217319106,"UMODL1"
"ACSS1",50.6760559514456,-3.02583807358192,0.450544433820842,-6.71595928490626,1.86832960578239e-11,6.12561141048086e-09,-8.21285055693144,"ACSS1"
"DPP10-AS1",10.4309095367431,-3.05266980140742,0.917481655042625,-3.32722707274795,0.000877148656492788,0.0383831166079225,-1.41585976460133,"DPP10-AS1"
"COL24A1",44.3658084884359,-3.09567868168761,0.656573139636144,-4.71490302421319,2.41825896529504e-06,0.000256627510582784,-3.59069678890468,"COL24A1"
"HOXC-AS2",27.9550114073489,-3.16048588107092,0.540378869955232,-5.84864815556676,4.95584113267649e-09,1.01742955291126e-06,-5.99249565172542,"HOXC-AS2"
"OR7E12P",23.3460105049021,-3.33197836446916,0.913856695504484,-3.64606221178888,0.000266289534233197,0.0146974427098006,-1.8327582240027,"OR7E12P"
"CNTNAP4",26.4459683274063,-4.65104024997675,0.797613821700635,-5.83119314565038,5.503243876277e-09,1.11934961324238e-06,-5.95103424645851,"CNTNAP4"
"NNAT",919.75151647296,-4.9220651982234,0.436318318780503,-11.2809042993666,1.63061089160115e-29,7.1639258911605e-26,-25.1448489154565,"NNAT"
"GBP4",401.994064545435,-5.13261450154048,0.35323156389216,-14.5304526158015,7.77052990013462e-48,8.53476151581286e-44,-43.0688086097354,"GBP4"
"BARX2",23.7351228687044,-5.45040582538124,0.899152475073489,-6.06171475525969,1.34677908075987e-09,3.11417853337389e-07,-6.50665649329759,"BARX2"
"TAFA3",27.2457754451945,-5.89232194834918,0.886814844730628,-6.64436548774618,3.04526067154081e-11,9.69496248865754e-09,-8.01345386693603,"TAFA3"
"COL12A1",467.325553644308,-5.95581773392378,0.445537722497513,-13.3677070047801,9.33751733460663e-41,6.83724144297679e-37,-36.1651190836218,"COL12A1"
"CDH22",6.35264573654735,-6.11937136243092,1.50870950551911,-4.05603022983897,4.9913802193839e-05,0.00359493932062971,-2.44430843572285,"CDH22"
"INSM1",5.30570204353078,-6.14514632232249,1.56636111259822,-3.92319898195708,8.73809236436081e-05,0.00569583605246035,-2.24444251981651,"INSM1"
"VEGFC",131.534932252375,-7.6148464533724,1.30741058307091,-5.82437265842401,5.73275293697627e-09,1.14483076151416e-06,-5.9412587096323,"VEGFC"
